"File","Line","Class","MemberOrReference","NativeType","Creator","Owner","Readers","DiligentReachable","LegacyOnly","ToolDebugOnly","Category","M13AAction"
"src/EterGrnLib/Material.cpp","148","CGrannyMaterial/CGrannyModel/CGrannyModelInstance","LPDIRECT3DTEXTURE9 CGrannyMaterial::GetD3DTexture(int iStage) const","LPDIRECT3DTEXTURE9","material images and model/deform buffers","image refs/model/local or shared deform wrapper","Actor and static-object submissions; native mesh loops","True","False","False","A","neutral material bindings and CPU geometry existence tests; no Granny algorithm change"
"src/EterGrnLib/Material.cpp","158","CGrannyMaterial/CGrannyModel/CGrannyModelInstance","return pTexture->GetD3DTexture();","wrapper/native creation or getter (see statement)","material images and model/deform buffers","image refs/model/local or shared deform wrapper","Actor and static-object submissions; native mesh loops","True","False","False","A","neutral material bindings and CPU geometry existence tests; no Granny algorithm change"
"src/EterGrnLib/Material.h","61","CGrannyMaterial/CGrannyModel/CGrannyModelInstance","LPDIRECT3DTEXTURE9		GetD3DTexture(int iStage) const;","LPDIRECT3DTEXTURE9","material images and model/deform buffers","image refs/model/local or shared deform wrapper","Actor and static-object submissions; native mesh loops","True","False","False","A","neutral material bindings and CPU geometry existence tests; no Granny algorithm change"
"src/EterGrnLib/Model.cpp","75","CGrannyMaterial/CGrannyModel/CGrannyModelInstance","LPDIRECT3DINDEXBUFFER9 CGrannyModel::GetD3DIndexBuffer() const","LPDIRECT3DINDEXBUFFER9","material images and model/deform buffers","image refs/model/local or shared deform wrapper","Actor and static-object submissions; native mesh loops","True","False","False","A","neutral material bindings and CPU geometry existence tests; no Granny algorithm change"
"src/EterGrnLib/Model.cpp","77","CGrannyMaterial/CGrannyModel/CGrannyModelInstance","return m_idxBuf.GetD3DIndexBuffer();","wrapper/native creation or getter (see statement)","material images and model/deform buffers","image refs/model/local or shared deform wrapper","Actor and static-object submissions; native mesh loops","True","False","False","A","neutral material bindings and CPU geometry existence tests; no Granny algorithm change"
"src/EterGrnLib/Model.cpp","80","CGrannyMaterial/CGrannyModel/CGrannyModelInstance","LPDIRECT3DVERTEXBUFFER9 CGrannyModel::GetPNTD3DVertexBuffer() const","LPDIRECT3DVERTEXBUFFER9","material images and model/deform buffers","image refs/model/local or shared deform wrapper","Actor and static-object submissions; native mesh loops","True","False","False","A","neutral material bindings and CPU geometry existence tests; no Granny algorithm change"
"src/EterGrnLib/Model.cpp","82","CGrannyMaterial/CGrannyModel/CGrannyModelInstance","return m_pntVtxBuf.GetD3DVertexBuffer();","wrapper/native creation or getter (see statement)","material images and model/deform buffers","image refs/model/local or shared deform wrapper","Actor and static-object submissions; native mesh loops","True","False","False","A","neutral material bindings and CPU geometry existence tests; no Granny algorithm change"
"src/EterGrnLib/Model.h","44","CGrannyMaterial/CGrannyModel/CGrannyModelInstance","LPDIRECT3DVERTEXBUFFER9 GetPNTD3DVertexBuffer() const;","LPDIRECT3DVERTEXBUFFER9","material images and model/deform buffers","image refs/model/local or shared deform wrapper","Actor and static-object submissions; native mesh loops","True","False","False","A","neutral material bindings and CPU geometry existence tests; no Granny algorithm change"
"src/EterGrnLib/Model.h","45","CGrannyMaterial/CGrannyModel/CGrannyModelInstance","LPDIRECT3DINDEXBUFFER9 GetD3DIndexBuffer() const;","LPDIRECT3DINDEXBUFFER9","material images and model/deform buffers","image refs/model/local or shared deform wrapper","Actor and static-object submissions; native mesh loops","True","False","False","A","neutral material bindings and CPU geometry existence tests; no Granny algorithm change"
"src/EterGrnLib/ModelInstance.h","147","CGrannyMaterial/CGrannyModel/CGrannyModelInstance","IDirect3DVertexBuffer9* __GetDeformableD3DVertexBufferPtr();","IDirect3DVertexBuffer9","material images and model/deform buffers","image refs/model/local or shared deform wrapper","Actor and static-object submissions; native mesh loops","True","False","False","A","neutral material bindings and CPU geometry existence tests; no Granny algorithm change"
"src/EterGrnLib/ModelInstanceModel.cpp","214","CGrannyMaterial/CGrannyModel/CGrannyModelInstance","IDirect3DVertexBuffer9* CGrannyModelInstance::__GetDeformableD3DVertexBufferPtr()","IDirect3DVertexBuffer9","material images and model/deform buffers","image refs/model/local or shared deform wrapper","Actor and static-object submissions; native mesh loops","True","False","False","A","neutral material bindings and CPU geometry existence tests; no Granny algorithm change"
"src/EterGrnLib/ModelInstanceModel.cpp","216","CGrannyMaterial/CGrannyModel/CGrannyModelInstance","return __GetDeformableVertexBufferRef().GetD3DVertexBuffer();","wrapper/native creation or getter (see statement)","material images and model/deform buffers","image refs/model/local or shared deform wrapper","Actor and static-object submissions; native mesh loops","True","False","False","A","neutral material bindings and CPU geometry existence tests; no Granny algorithm change"
"src/EterGrnLib/ModelInstanceRender.cpp","65","CGrannyMaterial/CGrannyModel/CGrannyModelInstance","LPDIRECT3DVERTEXBUFFER9 lpd3dDeformPNTVtxBuf = __GetDeformableD3DVertexBufferPtr();","LPDIRECT3DVERTEXBUFFER9","material images and model/deform buffers","image refs/model/local or shared deform wrapper","Actor and static-object submissions; native mesh loops","True","False","False","A","neutral material bindings and CPU geometry existence tests; no Granny algorithm change"
"src/EterGrnLib/ModelInstanceRender.cpp","68","CGrannyMaterial/CGrannyModel/CGrannyModelInstance","LPDIRECT3DVERTEXBUFFER9 lpd3dRigidPNTVtxBuf = m_pModel->GetPNTD3DVertexBuffer();","LPDIRECT3DVERTEXBUFFER9","material images and model/deform buffers","image refs/model/local or shared deform wrapper","Actor and static-object submissions; native mesh loops","True","False","False","A","neutral material bindings and CPU geometry existence tests; no Granny algorithm change"
"src/EterGrnLib/ModelInstanceRender.cpp","88","CGrannyMaterial/CGrannyModel/CGrannyModelInstance","LPDIRECT3DVERTEXBUFFER9 lpd3dDeformPNTVtxBuf = __GetDeformableD3DVertexBufferPtr();","LPDIRECT3DVERTEXBUFFER9","material images and model/deform buffers","image refs/model/local or shared deform wrapper","Actor and static-object submissions; native mesh loops","True","False","False","A","neutral material bindings and CPU geometry existence tests; no Granny algorithm change"
"src/EterGrnLib/ModelInstanceRender.cpp","90","CGrannyMaterial/CGrannyModel/CGrannyModelInstance","LPDIRECT3DVERTEXBUFFER9 lpd3dRigidPNTVtxBuf = m_pModel->GetPNTD3DVertexBuffer();","LPDIRECT3DVERTEXBUFFER9","material images and model/deform buffers","image refs/model/local or shared deform wrapper","Actor and static-object submissions; native mesh loops","True","False","False","A","neutral material bindings and CPU geometry existence tests; no Granny algorithm change"
"src/EterGrnLib/ModelInstanceRender.cpp","117","CGrannyMaterial/CGrannyModel/CGrannyModelInstance","LPDIRECT3DVERTEXBUFFER9 lpd3dDeformPNTVtxBuf = __GetDeformableD3DVertexBufferPtr();","LPDIRECT3DVERTEXBUFFER9","material images and model/deform buffers","image refs/model/local or shared deform wrapper","Actor and static-object submissions; native mesh loops","True","False","False","A","neutral material bindings and CPU geometry existence tests; no Granny algorithm change"
"src/EterGrnLib/ModelInstanceRender.cpp","119","CGrannyMaterial/CGrannyModel/CGrannyModelInstance","LPDIRECT3DVERTEXBUFFER9 lpd3dRigidPNTVtxBuf = m_pModel->GetPNTD3DVertexBuffer();","LPDIRECT3DVERTEXBUFFER9","material images and model/deform buffers","image refs/model/local or shared deform wrapper","Actor and static-object submissions; native mesh loops","True","False","False","A","neutral material bindings and CPU geometry existence tests; no Granny algorithm change"
"src/EterGrnLib/ModelInstanceRender.cpp","139","CGrannyMaterial/CGrannyModel/CGrannyModelInstance","LPDIRECT3DVERTEXBUFFER9 lpd3dDeformPNTVtxBuf = __GetDeformableD3DVertexBufferPtr();","LPDIRECT3DVERTEXBUFFER9","material images and model/deform buffers","image refs/model/local or shared deform wrapper","Actor and static-object submissions; native mesh loops","True","False","False","A","neutral material bindings and CPU geometry existence tests; no Granny algorithm change"
"src/EterGrnLib/ModelInstanceRender.cpp","141","CGrannyMaterial/CGrannyModel/CGrannyModelInstance","LPDIRECT3DVERTEXBUFFER9 lpd3dRigidPNTVtxBuf = m_pModel->GetPNTD3DVertexBuffer();","LPDIRECT3DVERTEXBUFFER9","material images and model/deform buffers","image refs/model/local or shared deform wrapper","Actor and static-object submissions; native mesh loops","True","False","False","A","neutral material bindings and CPU geometry existence tests; no Granny algorithm change"
"src/EterGrnLib/ModelInstanceRender.cpp","168","CGrannyMaterial/CGrannyModel/CGrannyModelInstance","LPDIRECT3DVERTEXBUFFER9 lpd3dDeformPNTVtxBuf = __GetDeformableD3DVertexBufferPtr();","LPDIRECT3DVERTEXBUFFER9","material images and model/deform buffers","image refs/model/local or shared deform wrapper","Actor and static-object submissions; native mesh loops","True","False","False","A","neutral material bindings and CPU geometry existence tests; no Granny algorithm change"
"src/EterGrnLib/ModelInstanceRender.cpp","170","CGrannyMaterial/CGrannyModel/CGrannyModelInstance","LPDIRECT3DVERTEXBUFFER9 lpd3dRigidPNTVtxBuf = m_pModel->GetPNTD3DVertexBuffer();","LPDIRECT3DVERTEXBUFFER9","material images and model/deform buffers","image refs/model/local or shared deform wrapper","Actor and static-object submissions; native mesh loops","True","False","False","A","neutral material bindings and CPU geometry existence tests; no Granny algorithm change"
"src/EterGrnLib/ModelInstanceRender.cpp","199","CGrannyMaterial/CGrannyModel/CGrannyModelInstance","LPDIRECT3DINDEXBUFFER9 lpd3dIdxBuf = m_pModel->GetD3DIndexBuffer();","LPDIRECT3DINDEXBUFFER9","material images and model/deform buffers","image refs/model/local or shared deform wrapper","Actor and static-object submissions; native mesh loops","True","False","False","A","neutral material bindings and CPU geometry existence tests; no Granny algorithm change"
"src/EterGrnLib/ModelInstanceRender.cpp","251","CGrannyMaterial/CGrannyModel/CGrannyModelInstance","LPDIRECT3DINDEXBUFFER9 lpd3dIdxBuf = m_pModel->GetD3DIndexBuffer();","LPDIRECT3DINDEXBUFFER9","material images and model/deform buffers","image refs/model/local or shared deform wrapper","Actor and static-object submissions; native mesh loops","True","False","False","A","neutral material bindings and CPU geometry existence tests; no Granny algorithm change"
"src/EterGrnLib/ModelInstanceRender.cpp","292","CGrannyMaterial/CGrannyModel/CGrannyModelInstance","LPDIRECT3DINDEXBUFFER9 lpd3dIdxBuf = m_pModel->GetD3DIndexBuffer();","LPDIRECT3DINDEXBUFFER9","material images and model/deform buffers","image refs/model/local or shared deform wrapper","Actor and static-object submissions; native mesh loops","True","False","False","A","neutral material bindings and CPU geometry existence tests; no Granny algorithm change"
"src/EterImageLib/DDSTextureLoader9.cpp","782","DirectX DDS loader","_Outptr_ LPDIRECT3DBASETEXTURE9* texture,","LPDIRECT3DBASETEXTURE9","CreateTexture/Cube/Volume and staging resources","returned COM caller; local staging released","Legacy texture wrapper; CPU GetDDS2DView is shared","False","True","False","B","retain native loader; Diligent uses CPU parser only; format headers E"
"src/EterImageLib/DDSTextureLoader9.cpp","823","DirectX DDS loader","ComPtr<IDirect3DVolumeTexture9> pTexture;","IDirect3DVolumeTexture9","CreateTexture/Cube/Volume and staging resources","returned COM caller; local staging released","Legacy texture wrapper; CPU GetDDS2DView is shared","False","True","False","B","retain native loader; Diligent uses CPU parser only; format headers E"
"src/EterImageLib/DDSTextureLoader9.cpp","824","DirectX DDS loader","hr = M2_NATIVE_RESOURCE(VolumeTexture, device->CreateVolumeTexture(iWidth, iHeight, iDepth, iMipCount,","wrapper/native creation or getter (see statement)","CreateTexture/Cube/Volume and staging resources","returned COM caller; local staging released","Legacy texture wrapper; CPU GetDDS2DView is shared","False","True","False","B","retain native loader; Diligent uses CPU parser only; format headers E"
"src/EterImageLib/DDSTextureLoader9.cpp","829","DirectX DDS loader","ComPtr<IDirect3DVolumeTexture9> pStagingTexture;","IDirect3DVolumeTexture9","CreateTexture/Cube/Volume and staging resources","returned COM caller; local staging released","Legacy texture wrapper; CPU GetDDS2DView is shared","False","True","False","B","retain native loader; Diligent uses CPU parser only; format headers E"
"src/EterImageLib/DDSTextureLoader9.cpp","832","DirectX DDS loader","hr = M2_NATIVE_RESOURCE(VolumeTexture, device->CreateVolumeTexture(iWidth, iHeight, iDepth, iMipCount,","wrapper/native creation or getter (see statement)","CreateTexture/Cube/Volume and staging resources","returned COM caller; local staging released","Legacy texture wrapper; CPU GetDDS2DView is shared","False","True","False","B","retain native loader; Diligent uses CPU parser only; format headers E"
"src/EterImageLib/DDSTextureLoader9.cpp","921","DirectX DDS loader","ComPtr<IDirect3DCubeTexture9> pTexture;","IDirect3DCubeTexture9","CreateTexture/Cube/Volume and staging resources","returned COM caller; local staging released","Legacy texture wrapper; CPU GetDDS2DView is shared","False","True","False","B","retain native loader; Diligent uses CPU parser only; format headers E"
"src/EterImageLib/DDSTextureLoader9.cpp","922","DirectX DDS loader","hr = M2_NATIVE_RESOURCE(CubeTexture, device->CreateCubeTexture(iWidth, iMipCount,","wrapper/native creation or getter (see statement)","CreateTexture/Cube/Volume and staging resources","returned COM caller; local staging released","Legacy texture wrapper; CPU GetDDS2DView is shared","False","True","False","B","retain native loader; Diligent uses CPU parser only; format headers E"
"src/EterImageLib/DDSTextureLoader9.cpp","927","DirectX DDS loader","ComPtr<IDirect3DCubeTexture9> pStagingTexture;","IDirect3DCubeTexture9","CreateTexture/Cube/Volume and staging resources","returned COM caller; local staging released","Legacy texture wrapper; CPU GetDDS2DView is shared","False","True","False","B","retain native loader; Diligent uses CPU parser only; format headers E"
"src/EterImageLib/DDSTextureLoader9.cpp","930","DirectX DDS loader","hr = M2_NATIVE_RESOURCE(CubeTexture, device->CreateCubeTexture(iWidth, iMipCount,","wrapper/native creation or getter (see statement)","CreateTexture/Cube/Volume and staging resources","returned COM caller; local staging released","Legacy texture wrapper; CPU GetDDS2DView is shared","False","True","False","B","retain native loader; Diligent uses CPU parser only; format headers E"
"src/EterImageLib/DDSTextureLoader9.cpp","1013","DirectX DDS loader","ComPtr<IDirect3DTexture9> pTexture;","IDirect3DTexture9","CreateTexture/Cube/Volume and staging resources","returned COM caller; local staging released","Legacy texture wrapper; CPU GetDDS2DView is shared","False","True","False","B","retain native loader; Diligent uses CPU parser only; format headers E"
"src/EterImageLib/DDSTextureLoader9.cpp","1014","DirectX DDS loader","hr = M2_NATIVE_RESOURCE(Texture, device->CreateTexture(iWidth, iHeight, iMipCount,","wrapper/native creation or getter (see statement)","CreateTexture/Cube/Volume and staging resources","returned COM caller; local staging released","Legacy texture wrapper; CPU GetDDS2DView is shared","False","True","False","B","retain native loader; Diligent uses CPU parser only; format headers E"
"src/EterImageLib/DDSTextureLoader9.cpp","1020","DirectX DDS loader","ComPtr<IDirect3DTexture9> pStagingTexture;","IDirect3DTexture9","CreateTexture/Cube/Volume and staging resources","returned COM caller; local staging released","Legacy texture wrapper; CPU GetDDS2DView is shared","False","True","False","B","retain native loader; Diligent uses CPU parser only; format headers E"
"src/EterImageLib/DDSTextureLoader9.cpp","1023","DirectX DDS loader","hr = M2_NATIVE_RESOURCE(Texture, device->CreateTexture(iWidth, iHeight, iMipCount,","wrapper/native creation or getter (see statement)","CreateTexture/Cube/Volume and staging resources","returned COM caller; local staging released","Legacy texture wrapper; CPU GetDDS2DView is shared","False","True","False","B","retain native loader; Diligent uses CPU parser only; format headers E"
"src/EterImageLib/DDSTextureLoader9.cpp","1096","DirectX DDS loader","LPDIRECT3DBASETEXTURE9* texture,","LPDIRECT3DBASETEXTURE9","CreateTexture/Cube/Volume and staging resources","returned COM caller; local staging released","Legacy texture wrapper; CPU GetDDS2DView is shared","False","True","False","B","retain native loader; Diligent uses CPU parser only; format headers E"
"src/EterImageLib/DDSTextureLoader9.cpp","1149","DirectX DDS loader","LPDIRECT3DBASETEXTURE9* texture) noexcept","LPDIRECT3DBASETEXTURE9","CreateTexture/Cube/Volume and staging resources","returned COM caller; local staging released","Legacy texture wrapper; CPU GetDDS2DView is shared","False","True","False","B","retain native loader; Diligent uses CPU parser only; format headers E"
"src/EterImageLib/DDSTextureLoader9.cpp","1191","DirectX DDS loader","LPDIRECT3DTEXTURE9* texture,","LPDIRECT3DTEXTURE9","CreateTexture/Cube/Volume and staging resources","returned COM caller; local staging released","Legacy texture wrapper; CPU GetDDS2DView is shared","False","True","False","B","retain native loader; Diligent uses CPU parser only; format headers E"
"src/EterImageLib/DDSTextureLoader9.cpp","1202","DirectX DDS loader","ComPtr<IDirect3DBaseTexture9> tex;","IDirect3DBaseTexture9","CreateTexture/Cube/Volume and staging resources","returned COM caller; local staging released","Legacy texture wrapper; CPU GetDDS2DView is shared","False","True","False","B","retain native loader; Diligent uses CPU parser only; format headers E"
"src/EterImageLib/DDSTextureLoader9.cpp","1209","DirectX DDS loader","*texture = static_cast<LPDIRECT3DTEXTURE9>(tex.Detach());","LPDIRECT3DTEXTURE9","CreateTexture/Cube/Volume and staging resources","returned COM caller; local staging released","Legacy texture wrapper; CPU GetDDS2DView is shared","False","True","False","B","retain native loader; Diligent uses CPU parser only; format headers E"
"src/EterImageLib/DDSTextureLoader9.cpp","1222","DirectX DDS loader","LPDIRECT3DCUBETEXTURE9* texture) noexcept","LPDIRECT3DCUBETEXTURE9","CreateTexture/Cube/Volume and staging resources","returned COM caller; local staging released","Legacy texture wrapper; CPU GetDDS2DView is shared","False","True","False","B","retain native loader; Diligent uses CPU parser only; format headers E"
"src/EterImageLib/DDSTextureLoader9.cpp","1232","DirectX DDS loader","ComPtr<IDirect3DBaseTexture9> tex;","IDirect3DBaseTexture9","CreateTexture/Cube/Volume and staging resources","returned COM caller; local staging released","Legacy texture wrapper; CPU GetDDS2DView is shared","False","True","False","B","retain native loader; Diligent uses CPU parser only; format headers E"
"src/EterImageLib/DDSTextureLoader9.cpp","1239","DirectX DDS loader","*texture = static_cast<LPDIRECT3DCUBETEXTURE9>(tex.Detach());","LPDIRECT3DCUBETEXTURE9","CreateTexture/Cube/Volume and staging resources","returned COM caller; local staging released","Legacy texture wrapper; CPU GetDDS2DView is shared","False","True","False","B","retain native loader; Diligent uses CPU parser only; format headers E"
"src/EterImageLib/DDSTextureLoader9.cpp","1252","DirectX DDS loader","LPDIRECT3DVOLUMETEXTURE9* texture) noexcept","LPDIRECT3DVOLUMETEXTURE9","CreateTexture/Cube/Volume and staging resources","returned COM caller; local staging released","Legacy texture wrapper; CPU GetDDS2DView is shared","False","True","False","B","retain native loader; Diligent uses CPU parser only; format headers E"
"src/EterImageLib/DDSTextureLoader9.cpp","1262","DirectX DDS loader","ComPtr<IDirect3DBaseTexture9> tex;","IDirect3DBaseTexture9","CreateTexture/Cube/Volume and staging resources","returned COM caller; local staging released","Legacy texture wrapper; CPU GetDDS2DView is shared","False","True","False","B","retain native loader; Diligent uses CPU parser only; format headers E"
"src/EterImageLib/DDSTextureLoader9.cpp","1269","DirectX DDS loader","*texture = static_cast<LPDIRECT3DVOLUMETEXTURE9>(tex.Detach());","LPDIRECT3DVOLUMETEXTURE9","CreateTexture/Cube/Volume and staging resources","returned COM caller; local staging released","Legacy texture wrapper; CPU GetDDS2DView is shared","False","True","False","B","retain native loader; Diligent uses CPU parser only; format headers E"
"src/EterImageLib/DDSTextureLoader9.cpp","1286","DirectX DDS loader","LPDIRECT3DTEXTURE9* texture) noexcept","LPDIRECT3DTEXTURE9","CreateTexture/Cube/Volume and staging resources","returned COM caller; local staging released","Legacy texture wrapper; CPU GetDDS2DView is shared","False","True","False","B","retain native loader; Diligent uses CPU parser only; format headers E"
"src/EterImageLib/DDSTextureLoader9.cpp","1296","DirectX DDS loader","ComPtr<IDirect3DBaseTexture9> tex;","IDirect3DBaseTexture9","CreateTexture/Cube/Volume and staging resources","returned COM caller; local staging released","Legacy texture wrapper; CPU GetDDS2DView is shared","False","True","False","B","retain native loader; Diligent uses CPU parser only; format headers E"
"src/EterImageLib/DDSTextureLoader9.cpp","1303","DirectX DDS loader","*texture = static_cast<LPDIRECT3DTEXTURE9>(tex.Detach());","LPDIRECT3DTEXTURE9","CreateTexture/Cube/Volume and staging resources","returned COM caller; local staging released","Legacy texture wrapper; CPU GetDDS2DView is shared","False","True","False","B","retain native loader; Diligent uses CPU parser only; format headers E"
"src/EterImageLib/DDSTextureLoader9.cpp","1318","DirectX DDS loader","LPDIRECT3DCUBETEXTURE9* texture) noexcept","LPDIRECT3DCUBETEXTURE9","CreateTexture/Cube/Volume and staging resources","returned COM caller; local staging released","Legacy texture wrapper; CPU GetDDS2DView is shared","False","True","False","B","retain native loader; Diligent uses CPU parser only; format headers E"
"src/EterImageLib/DDSTextureLoader9.cpp","1328","DirectX DDS loader","ComPtr<IDirect3DBaseTexture9> tex;","IDirect3DBaseTexture9","CreateTexture/Cube/Volume and staging resources","returned COM caller; local staging released","Legacy texture wrapper; CPU GetDDS2DView is shared","False","True","False","B","retain native loader; Diligent uses CPU parser only; format headers E"
"src/EterImageLib/DDSTextureLoader9.cpp","1335","DirectX DDS loader","*texture = static_cast<LPDIRECT3DCUBETEXTURE9>(tex.Detach());","LPDIRECT3DCUBETEXTURE9","CreateTexture/Cube/Volume and staging resources","returned COM caller; local staging released","Legacy texture wrapper; CPU GetDDS2DView is shared","False","True","False","B","retain native loader; Diligent uses CPU parser only; format headers E"
"src/EterImageLib/DDSTextureLoader9.cpp","1350","DirectX DDS loader","LPDIRECT3DVOLUMETEXTURE9* texture) noexcept","LPDIRECT3DVOLUMETEXTURE9","CreateTexture/Cube/Volume and staging resources","returned COM caller; local staging released","Legacy texture wrapper; CPU GetDDS2DView is shared","False","True","False","B","retain native loader; Diligent uses CPU parser only; format headers E"
"src/EterImageLib/DDSTextureLoader9.cpp","1360","DirectX DDS loader","ComPtr<IDirect3DBaseTexture9> tex;","IDirect3DBaseTexture9","CreateTexture/Cube/Volume and staging resources","returned COM caller; local staging released","Legacy texture wrapper; CPU GetDDS2DView is shared","False","True","False","B","retain native loader; Diligent uses CPU parser only; format headers E"
"src/EterImageLib/DDSTextureLoader9.cpp","1367","DirectX DDS loader","*texture = static_cast<LPDIRECT3DVOLUMETEXTURE9>(tex.Detach());","LPDIRECT3DVOLUMETEXTURE9","CreateTexture/Cube/Volume and staging resources","returned COM caller; local staging released","Legacy texture wrapper; CPU GetDDS2DView is shared","False","True","False","B","retain native loader; Diligent uses CPU parser only; format headers E"
"src/EterImageLib/DDSTextureLoader9.cpp","1381","DirectX DDS loader","LPDIRECT3DBASETEXTURE9* texture,","LPDIRECT3DBASETEXTURE9","CreateTexture/Cube/Volume and staging resources","returned COM caller; local staging released","Legacy texture wrapper; CPU GetDDS2DView is shared","False","True","False","B","retain native loader; Diligent uses CPU parser only; format headers E"
"src/EterImageLib/DDSTextureLoader9.cpp","1394","DirectX DDS loader","LPDIRECT3DBASETEXTURE9* texture) noexcept","LPDIRECT3DBASETEXTURE9","CreateTexture/Cube/Volume and staging resources","returned COM caller; local staging released","Legacy texture wrapper; CPU GetDDS2DView is shared","False","True","False","B","retain native loader; Diligent uses CPU parser only; format headers E"
"src/EterImageLib/DDSTextureLoader9.cpp","1436","DirectX DDS loader","LPDIRECT3DTEXTURE9* texture,","LPDIRECT3DTEXTURE9","CreateTexture/Cube/Volume and staging resources","returned COM caller; local staging released","Legacy texture wrapper; CPU GetDDS2DView is shared","False","True","False","B","retain native loader; Diligent uses CPU parser only; format headers E"
"src/EterImageLib/DDSTextureLoader9.cpp","1447","DirectX DDS loader","ComPtr<IDirect3DBaseTexture9> tex;","IDirect3DBaseTexture9","CreateTexture/Cube/Volume and staging resources","returned COM caller; local staging released","Legacy texture wrapper; CPU GetDDS2DView is shared","False","True","False","B","retain native loader; Diligent uses CPU parser only; format headers E"
"src/EterImageLib/DDSTextureLoader9.cpp","1454","DirectX DDS loader","*texture = static_cast<LPDIRECT3DTEXTURE9>(tex.Detach());","LPDIRECT3DTEXTURE9","CreateTexture/Cube/Volume and staging resources","returned COM caller; local staging released","Legacy texture wrapper; CPU GetDDS2DView is shared","False","True","False","B","retain native loader; Diligent uses CPU parser only; format headers E"
"src/EterImageLib/DDSTextureLoader9.cpp","1466","DirectX DDS loader","LPDIRECT3DCUBETEXTURE9* texture) noexcept","LPDIRECT3DCUBETEXTURE9","CreateTexture/Cube/Volume and staging resources","returned COM caller; local staging released","Legacy texture wrapper; CPU GetDDS2DView is shared","False","True","False","B","retain native loader; Diligent uses CPU parser only; format headers E"
"src/EterImageLib/DDSTextureLoader9.cpp","1476","DirectX DDS loader","ComPtr<IDirect3DBaseTexture9> tex;","IDirect3DBaseTexture9","CreateTexture/Cube/Volume and staging resources","returned COM caller; local staging released","Legacy texture wrapper; CPU GetDDS2DView is shared","False","True","False","B","retain native loader; Diligent uses CPU parser only; format headers E"
"src/EterImageLib/DDSTextureLoader9.cpp","1483","DirectX DDS loader","*texture = static_cast<LPDIRECT3DCUBETEXTURE9>(tex.Detach());","LPDIRECT3DCUBETEXTURE9","CreateTexture/Cube/Volume and staging resources","returned COM caller; local staging released","Legacy texture wrapper; CPU GetDDS2DView is shared","False","True","False","B","retain native loader; Diligent uses CPU parser only; format headers E"
"src/EterImageLib/DDSTextureLoader9.cpp","1495","DirectX DDS loader","LPDIRECT3DVOLUMETEXTURE9* texture) noexcept","LPDIRECT3DVOLUMETEXTURE9","CreateTexture/Cube/Volume and staging resources","returned COM caller; local staging released","Legacy texture wrapper; CPU GetDDS2DView is shared","False","True","False","B","retain native loader; Diligent uses CPU parser only; format headers E"
"src/EterImageLib/DDSTextureLoader9.cpp","1505","DirectX DDS loader","ComPtr<IDirect3DBaseTexture9> tex;","IDirect3DBaseTexture9","CreateTexture/Cube/Volume and staging resources","returned COM caller; local staging released","Legacy texture wrapper; CPU GetDDS2DView is shared","False","True","False","B","retain native loader; Diligent uses CPU parser only; format headers E"
"src/EterImageLib/DDSTextureLoader9.cpp","1512","DirectX DDS loader","*texture = static_cast<LPDIRECT3DVOLUMETEXTURE9>(tex.Detach());","LPDIRECT3DVOLUMETEXTURE9","CreateTexture/Cube/Volume and staging resources","returned COM caller; local staging released","Legacy texture wrapper; CPU GetDDS2DView is shared","False","True","False","B","retain native loader; Diligent uses CPU parser only; format headers E"
"src/EterImageLib/DDSTextureLoader9.cpp","1528","DirectX DDS loader","LPDIRECT3DTEXTURE9* texture) noexcept","LPDIRECT3DTEXTURE9","CreateTexture/Cube/Volume and staging resources","returned COM caller; local staging released","Legacy texture wrapper; CPU GetDDS2DView is shared","False","True","False","B","retain native loader; Diligent uses CPU parser only; format headers E"
"src/EterImageLib/DDSTextureLoader9.cpp","1538","DirectX DDS loader","ComPtr<IDirect3DBaseTexture9> tex;","IDirect3DBaseTexture9","CreateTexture/Cube/Volume and staging resources","returned COM caller; local staging released","Legacy texture wrapper; CPU GetDDS2DView is shared","False","True","False","B","retain native loader; Diligent uses CPU parser only; format headers E"
"src/EterImageLib/DDSTextureLoader9.cpp","1545","DirectX DDS loader","*texture = static_cast<LPDIRECT3DTEXTURE9>(tex.Detach());","LPDIRECT3DTEXTURE9","CreateTexture/Cube/Volume and staging resources","returned COM caller; local staging released","Legacy texture wrapper; CPU GetDDS2DView is shared","False","True","False","B","retain native loader; Diligent uses CPU parser only; format headers E"
"src/EterImageLib/DDSTextureLoader9.cpp","1559","DirectX DDS loader","LPDIRECT3DCUBETEXTURE9* texture) noexcept","LPDIRECT3DCUBETEXTURE9","CreateTexture/Cube/Volume and staging resources","returned COM caller; local staging released","Legacy texture wrapper; CPU GetDDS2DView is shared","False","True","False","B","retain native loader; Diligent uses CPU parser only; format headers E"
"src/EterImageLib/DDSTextureLoader9.cpp","1569","DirectX DDS loader","ComPtr<IDirect3DBaseTexture9> tex;","IDirect3DBaseTexture9","CreateTexture/Cube/Volume and staging resources","returned COM caller; local staging released","Legacy texture wrapper; CPU GetDDS2DView is shared","False","True","False","B","retain native loader; Diligent uses CPU parser only; format headers E"
"src/EterImageLib/DDSTextureLoader9.cpp","1576","DirectX DDS loader","*texture = static_cast<LPDIRECT3DCUBETEXTURE9>(tex.Detach());","LPDIRECT3DCUBETEXTURE9","CreateTexture/Cube/Volume and staging resources","returned COM caller; local staging released","Legacy texture wrapper; CPU GetDDS2DView is shared","False","True","False","B","retain native loader; Diligent uses CPU parser only; format headers E"
"src/EterImageLib/DDSTextureLoader9.cpp","1590","DirectX DDS loader","LPDIRECT3DVOLUMETEXTURE9* texture) noexcept","LPDIRECT3DVOLUMETEXTURE9","CreateTexture/Cube/Volume and staging resources","returned COM caller; local staging released","Legacy texture wrapper; CPU GetDDS2DView is shared","False","True","False","B","retain native loader; Diligent uses CPU parser only; format headers E"
"src/EterImageLib/DDSTextureLoader9.cpp","1600","DirectX DDS loader","ComPtr<IDirect3DBaseTexture9> tex;","IDirect3DBaseTexture9","CreateTexture/Cube/Volume and staging resources","returned COM caller; local staging released","Legacy texture wrapper; CPU GetDDS2DView is shared","False","True","False","B","retain native loader; Diligent uses CPU parser only; format headers E"
"src/EterImageLib/DDSTextureLoader9.cpp","1607","DirectX DDS loader","*texture = static_cast<LPDIRECT3DVOLUMETEXTURE9>(tex.Detach());","LPDIRECT3DVOLUMETEXTURE9","CreateTexture/Cube/Volume and staging resources","returned COM caller; local staging released","Legacy texture wrapper; CPU GetDDS2DView is shared","False","True","False","B","retain native loader; Diligent uses CPU parser only; format headers E"
"src/EterImageLib/DDSTextureLoader9.h","47","DirectX DDS loader","_Outptr_ LPDIRECT3DBASETEXTURE9* texture,","LPDIRECT3DBASETEXTURE9","CreateTexture/Cube/Volume and staging resources","returned COM caller; local staging released","Legacy texture wrapper; CPU GetDDS2DView is shared","False","True","False","B","retain native loader; Diligent uses CPU parser only; format headers E"
"src/EterImageLib/DDSTextureLoader9.h","53","DirectX DDS loader","_Outptr_ LPDIRECT3DBASETEXTURE9* texture,","LPDIRECT3DBASETEXTURE9","CreateTexture/Cube/Volume and staging resources","returned COM caller; local staging released","Legacy texture wrapper; CPU GetDDS2DView is shared","False","True","False","B","retain native loader; Diligent uses CPU parser only; format headers E"
"src/EterImageLib/DDSTextureLoader9.h","64","DirectX DDS loader","_Outptr_ LPDIRECT3DBASETEXTURE9* texture) noexcept;","LPDIRECT3DBASETEXTURE9","CreateTexture/Cube/Volume and staging resources","returned COM caller; local staging released","Legacy texture wrapper; CPU GetDDS2DView is shared","False","True","False","B","retain native loader; Diligent uses CPU parser only; format headers E"
"src/EterImageLib/DDSTextureLoader9.h","72","DirectX DDS loader","_Outptr_ LPDIRECT3DBASETEXTURE9* texture) noexcept;","LPDIRECT3DBASETEXTURE9","CreateTexture/Cube/Volume and staging resources","returned COM caller; local staging released","Legacy texture wrapper; CPU GetDDS2DView is shared","False","True","False","B","retain native loader; Diligent uses CPU parser only; format headers E"
"src/EterImageLib/DDSTextureLoader9.h","79","DirectX DDS loader","_Outptr_ LPDIRECT3DTEXTURE9* texture,","LPDIRECT3DTEXTURE9","CreateTexture/Cube/Volume and staging resources","returned COM caller; local staging released","Legacy texture wrapper; CPU GetDDS2DView is shared","False","True","False","B","retain native loader; Diligent uses CPU parser only; format headers E"
"src/EterImageLib/DDSTextureLoader9.h","85","DirectX DDS loader","_Outptr_ LPDIRECT3DTEXTURE9* texture,","LPDIRECT3DTEXTURE9","CreateTexture/Cube/Volume and staging resources","returned COM caller; local staging released","Legacy texture wrapper; CPU GetDDS2DView is shared","False","True","False","B","retain native loader; Diligent uses CPU parser only; format headers E"
"src/EterImageLib/DDSTextureLoader9.h","92","DirectX DDS loader","_Outptr_ LPDIRECT3DCUBETEXTURE9* texture) noexcept;","LPDIRECT3DCUBETEXTURE9","CreateTexture/Cube/Volume and staging resources","returned COM caller; local staging released","Legacy texture wrapper; CPU GetDDS2DView is shared","False","True","False","B","retain native loader; Diligent uses CPU parser only; format headers E"
"src/EterImageLib/DDSTextureLoader9.h","97","DirectX DDS loader","_Outptr_ LPDIRECT3DCUBETEXTURE9* texture) noexcept;","LPDIRECT3DCUBETEXTURE9","CreateTexture/Cube/Volume and staging resources","returned COM caller; local staging released","Legacy texture wrapper; CPU GetDDS2DView is shared","False","True","False","B","retain native loader; Diligent uses CPU parser only; format headers E"
"src/EterImageLib/DDSTextureLoader9.h","103","DirectX DDS loader","_Outptr_ LPDIRECT3DVOLUMETEXTURE9* texture) noexcept;","LPDIRECT3DVOLUMETEXTURE9","CreateTexture/Cube/Volume and staging resources","returned COM caller; local staging released","Legacy texture wrapper; CPU GetDDS2DView is shared","False","True","False","B","retain native loader; Diligent uses CPU parser only; format headers E"
"src/EterImageLib/DDSTextureLoader9.h","108","DirectX DDS loader","_Outptr_ LPDIRECT3DVOLUMETEXTURE9* texture) noexcept;","LPDIRECT3DVOLUMETEXTURE9","CreateTexture/Cube/Volume and staging resources","returned COM caller; local staging released","Legacy texture wrapper; CPU GetDDS2DView is shared","False","True","False","B","retain native loader; Diligent uses CPU parser only; format headers E"
"src/EterImageLib/DDSTextureLoader9.h","118","DirectX DDS loader","_Outptr_ LPDIRECT3DTEXTURE9* texture) noexcept;","LPDIRECT3DTEXTURE9","CreateTexture/Cube/Volume and staging resources","returned COM caller; local staging released","Legacy texture wrapper; CPU GetDDS2DView is shared","False","True","False","B","retain native loader; Diligent uses CPU parser only; format headers E"
"src/EterImageLib/DDSTextureLoader9.h","126","DirectX DDS loader","_Outptr_ LPDIRECT3DTEXTURE9* texture) noexcept;","LPDIRECT3DTEXTURE9","CreateTexture/Cube/Volume and staging resources","returned COM caller; local staging released","Legacy texture wrapper; CPU GetDDS2DView is shared","False","True","False","B","retain native loader; Diligent uses CPU parser only; format headers E"
"src/EterImageLib/DDSTextureLoader9.h","134","DirectX DDS loader","_Outptr_ LPDIRECT3DCUBETEXTURE9* texture) noexcept;","LPDIRECT3DCUBETEXTURE9","CreateTexture/Cube/Volume and staging resources","returned COM caller; local staging released","Legacy texture wrapper; CPU GetDDS2DView is shared","False","True","False","B","retain native loader; Diligent uses CPU parser only; format headers E"
"src/EterImageLib/DDSTextureLoader9.h","141","DirectX DDS loader","_Outptr_ LPDIRECT3DCUBETEXTURE9* texture) noexcept;","LPDIRECT3DCUBETEXTURE9","CreateTexture/Cube/Volume and staging resources","returned COM caller; local staging released","Legacy texture wrapper; CPU GetDDS2DView is shared","False","True","False","B","retain native loader; Diligent uses CPU parser only; format headers E"
"src/EterImageLib/DDSTextureLoader9.h","149","DirectX DDS loader","_Outptr_ LPDIRECT3DVOLUMETEXTURE9* texture) noexcept;","LPDIRECT3DVOLUMETEXTURE9","CreateTexture/Cube/Volume and staging resources","returned COM caller; local staging released","Legacy texture wrapper; CPU GetDDS2DView is shared","False","True","False","B","retain native loader; Diligent uses CPU parser only; format headers E"
"src/EterImageLib/DDSTextureLoader9.h","156","DirectX DDS loader","_Outptr_ LPDIRECT3DVOLUMETEXTURE9* texture) noexcept;","LPDIRECT3DVOLUMETEXTURE9","CreateTexture/Cube/Volume and staging resources","returned COM caller; local staging released","Legacy texture wrapper; CPU GetDDS2DView is shared","False","True","False","B","retain native loader; Diligent uses CPU parser only; format headers E"
"src/EterLib/BlockTexture.cpp","193","CBlockTexture","} else if (FAILED(M2_NATIVE_RESOURCE(Texture, ms_lpd3dDevice->CreateTexture(dwWidth, dwHeight, 0, D3DUSAGE_DYNAMIC, D3DFMT_A8R8G8B8, D3DPOOL_DEFAULT, &m_lpd3dTexture, nullptr))))","wrapper/native creation or getter (see statement)","Create/InvalidateRect","block owns COM and UI texture","CDibBar/notice banner","True","False","False","A","original DIB pixels and neutral binding"
"src/EterLib/BlockTexture.h","27","CBlockTexture","LPDIRECT3DTEXTURE9 m_lpd3dTexture;","LPDIRECT3DTEXTURE9","Create/InvalidateRect","block owns COM and UI texture","CDibBar/notice banner","True","False","False","A","original DIB pixels and neutral binding"
"src/EterLib/GrpBase.cpp","43","CGraphicDevice/CGraphicBase","LPDIRECT3DVERTEXDECLARATION9					CGraphicBase::ms_ptVS = 0;","LPDIRECT3DVERTEXDECLARATION9","device Create/default IB/PDT/declarations/debug mesh","device/base static owners","common startup and primitive helpers","True","False","False","A","skip explicit native resources for Diligent; retain device implicit surfaces for M13B"
"src/EterLib/GrpBase.cpp","44","CGraphicDevice/CGraphicBase","LPDIRECT3DVERTEXDECLARATION9					CGraphicBase::ms_pntVS = 0;","LPDIRECT3DVERTEXDECLARATION9","device Create/default IB/PDT/declarations/debug mesh","device/base static owners","common startup and primitive helpers","True","False","False","A","skip explicit native resources for Diligent; retain device implicit surfaces for M13B"
"src/EterLib/GrpBase.cpp","45","CGraphicDevice/CGraphicBase","LPDIRECT3DVERTEXDECLARATION9					CGraphicBase::ms_pnt2VS = 0;","LPDIRECT3DVERTEXDECLARATION9","device Create/default IB/PDT/declarations/debug mesh","device/base static owners","common startup and primitive helpers","True","False","False","A","skip explicit native resources for Diligent; retain device implicit surfaces for M13B"
"src/EterLib/GrpBase.cpp","92","CGraphicDevice/CGraphicBase","LPD3DXMESH				CGraphicBase::ms_lpSphereMesh = NULL;","LPD3DXMESH","device Create/default IB/PDT/declarations/debug mesh","device/base static owners","common startup and primitive helpers","True","False","False","A","skip explicit native resources for Diligent; retain device implicit surfaces for M13B"
"src/EterLib/GrpBase.cpp","93","CGraphicDevice/CGraphicBase","LPD3DXMESH				CGraphicBase::ms_lpCylinderMesh = NULL;","LPD3DXMESH","device Create/default IB/PDT/declarations/debug mesh","device/base static owners","common startup and primitive helpers","True","False","False","A","skip explicit native resources for Diligent; retain device implicit surfaces for M13B"
"src/EterLib/GrpBase.cpp","95","CGraphicDevice/CGraphicBase","LPDIRECT3DVERTEXBUFFER9	CGraphicBase::ms_alpd3dPDTVB[PDT_VERTEXBUFFER_NUM];","LPDIRECT3DVERTEXBUFFER9","device Create/default IB/PDT/declarations/debug mesh","device/base static owners","common startup and primitive helpers","True","False","False","A","skip explicit native resources for Diligent; retain device implicit surfaces for M13B"
"src/EterLib/GrpBase.cpp","97","CGraphicDevice/CGraphicBase","LPDIRECT3DINDEXBUFFER9	CGraphicBase::ms_alpd3dDefIB[DEFAULT_IB_NUM];","LPDIRECT3DINDEXBUFFER9","device Create/default IB/PDT/declarations/debug mesh","device/base static owners","common startup and primitive helpers","True","False","False","A","skip explicit native resources for Diligent; retain device implicit surfaces for M13B"
"src/EterLib/GrpBase.cpp","158","CGraphicDevice/CGraphicBase","IDirect3DVertexBuffer9* plpd3dFillRectVB=ms_alpd3dPDTVB[s_dwVBPos];","IDirect3DVertexBuffer9","device Create/default IB/PDT/declarations/debug mesh","device/base static owners","common startup and primitive helpers","True","False","False","A","skip explicit native resources for Diligent; retain device implicit surfaces for M13B"
"src/EterLib/GrpBase.h","233","CGraphicDevice/CGraphicBase","static LPD3DXMESH				ms_lpSphereMesh;","LPD3DXMESH","device Create/default IB/PDT/declarations/debug mesh","device/base static owners","common startup and primitive helpers","True","False","False","A","skip explicit native resources for Diligent; retain device implicit surfaces for M13B"
"src/EterLib/GrpBase.h","234","CGraphicDevice/CGraphicBase","static LPD3DXMESH				ms_lpCylinderMesh;","LPD3DXMESH","device Create/default IB/PDT/declarations/debug mesh","device/base static owners","common startup and primitive helpers","True","False","False","A","skip explicit native resources for Diligent; retain device implicit surfaces for M13B"
"src/EterLib/GrpBase.h","254","CGraphicDevice/CGraphicBase","static LPDIRECT3DVERTEXDECLARATION9					ms_ptVS;","LPDIRECT3DVERTEXDECLARATION9","device Create/default IB/PDT/declarations/debug mesh","device/base static owners","common startup and primitive helpers","True","False","False","A","skip explicit native resources for Diligent; retain device implicit surfaces for M13B"
"src/EterLib/GrpBase.h","255","CGraphicDevice/CGraphicBase","static LPDIRECT3DVERTEXDECLARATION9					ms_pntVS;","LPDIRECT3DVERTEXDECLARATION9","device Create/default IB/PDT/declarations/debug mesh","device/base static owners","common startup and primitive helpers","True","False","False","A","skip explicit native resources for Diligent; retain device implicit surfaces for M13B"
"src/EterLib/GrpBase.h","256","CGraphicDevice/CGraphicBase","static LPDIRECT3DVERTEXDECLARATION9					ms_pnt2VS;","LPDIRECT3DVERTEXDECLARATION9","device Create/default IB/PDT/declarations/debug mesh","device/base static owners","common startup and primitive helpers","True","False","False","A","skip explicit native resources for Diligent; retain device implicit surfaces for M13B"
"src/EterLib/GrpBase.h","304","CGraphicDevice/CGraphicBase","static LPDIRECT3DVERTEXBUFFER9	ms_alpd3dPDTVB[PDT_VERTEXBUFFER_NUM];","LPDIRECT3DVERTEXBUFFER9","device Create/default IB/PDT/declarations/debug mesh","device/base static owners","common startup and primitive helpers","True","False","False","A","skip explicit native resources for Diligent; retain device implicit surfaces for M13B"
"src/EterLib/GrpBase.h","305","CGraphicDevice/CGraphicBase","static LPDIRECT3DINDEXBUFFER9	ms_alpd3dDefIB[DEFAULT_IB_NUM];","LPDIRECT3DINDEXBUFFER9","device Create/default IB/PDT/declarations/debug mesh","device/base static owners","common startup and primitive helpers","True","False","False","A","skip explicit native resources for Diligent; retain device implicit surfaces for M13B"
"src/EterLib/GrpDevice.cpp","147","CGraphicDevice/CGraphicBase","LPDIRECT3DVERTEXDECLARATION9 CGraphicDevice::CreatePNTStreamVertexShader()","LPDIRECT3DVERTEXDECLARATION9","device Create/default IB/PDT/declarations/debug mesh","device/base static owners","common startup and primitive helpers","True","False","False","A","skip explicit native resources for Diligent; retain device implicit surfaces for M13B"
"src/EterLib/GrpDevice.cpp","151","CGraphicDevice/CGraphicBase","LPDIRECT3DVERTEXDECLARATION9 dwShader = NULL;","LPDIRECT3DVERTEXDECLARATION9","device Create/default IB/PDT/declarations/debug mesh","device/base static owners","common startup and primitive helpers","True","False","False","A","skip explicit native resources for Diligent; retain device implicit surfaces for M13B"
"src/EterLib/GrpDevice.cpp","160","CGraphicDevice/CGraphicBase","if (M2_NATIVE_RESOURCE(Declaration, ms_lpd3dDevice->CreateVertexDeclaration(pShaderDecl, &dwShader)) != D3D_OK)","wrapper/native creation or getter (see statement)","device Create/default IB/PDT/declarations/debug mesh","device/base static owners","common startup and primitive helpers","True","False","False","A","skip explicit native resources for Diligent; retain device implicit surfaces for M13B"
"src/EterLib/GrpDevice.cpp","170","CGraphicDevice/CGraphicBase","LPDIRECT3DVERTEXDECLARATION9 CGraphicDevice::CreatePNT2StreamVertexShader()","LPDIRECT3DVERTEXDECLARATION9","device Create/default IB/PDT/declarations/debug mesh","device/base static owners","common startup and primitive helpers","True","False","False","A","skip explicit native resources for Diligent; retain device implicit surfaces for M13B"
"src/EterLib/GrpDevice.cpp","174","CGraphicDevice/CGraphicBase","LPDIRECT3DVERTEXDECLARATION9 dwShader = NULL;","LPDIRECT3DVERTEXDECLARATION9","device Create/default IB/PDT/declarations/debug mesh","device/base static owners","common startup and primitive helpers","True","False","False","A","skip explicit native resources for Diligent; retain device implicit surfaces for M13B"
"src/EterLib/GrpDevice.cpp","184","CGraphicDevice/CGraphicBase","if (M2_NATIVE_RESOURCE(Declaration, ms_lpd3dDevice->CreateVertexDeclaration(pShaderDecl, &dwShader)) != D3D_OK)","wrapper/native creation or getter (see statement)","device Create/default IB/PDT/declarations/debug mesh","device/base static owners","common startup and primitive helpers","True","False","False","A","skip explicit native resources for Diligent; retain device implicit surfaces for M13B"
"src/EterLib/GrpDevice.cpp","194","CGraphicDevice/CGraphicBase","LPDIRECT3DVERTEXDECLARATION9 CGraphicDevice::CreatePTStreamVertexShader()","LPDIRECT3DVERTEXDECLARATION9","device Create/default IB/PDT/declarations/debug mesh","device/base static owners","common startup and primitive helpers","True","False","False","A","skip explicit native resources for Diligent; retain device implicit surfaces for M13B"
"src/EterLib/GrpDevice.cpp","198","CGraphicDevice/CGraphicBase","LPDIRECT3DVERTEXDECLARATION9 dwShader = NULL;","LPDIRECT3DVERTEXDECLARATION9","device Create/default IB/PDT/declarations/debug mesh","device/base static owners","common startup and primitive helpers","True","False","False","A","skip explicit native resources for Diligent; retain device implicit surfaces for M13B"
"src/EterLib/GrpDevice.cpp","206","CGraphicDevice/CGraphicBase","if (M2_NATIVE_RESOURCE(Declaration, ms_lpd3dDevice->CreateVertexDeclaration(pShaderDecl, &dwShader)) != D3D_OK)","wrapper/native creation or getter (see statement)","device Create/default IB/PDT/declarations/debug mesh","device/base static owners","common startup and primitive helpers","True","False","False","A","skip explicit native resources for Diligent; retain device implicit surfaces for M13B"
"src/EterLib/GrpDevice.cpp","216","CGraphicDevice/CGraphicBase","LPDIRECT3DVERTEXDECLARATION9 CGraphicDevice::CreateDoublePNTStreamVertexShader()","LPDIRECT3DVERTEXDECLARATION9","device Create/default IB/PDT/declarations/debug mesh","device/base static owners","common startup and primitive helpers","True","False","False","A","skip explicit native resources for Diligent; retain device implicit surfaces for M13B"
"src/EterLib/GrpDevice.cpp","220","CGraphicDevice/CGraphicBase","LPDIRECT3DVERTEXDECLARATION9 dwShader = NULL;","LPDIRECT3DVERTEXDECLARATION9","device Create/default IB/PDT/declarations/debug mesh","device/base static owners","common startup and primitive helpers","True","False","False","A","skip explicit native resources for Diligent; retain device implicit surfaces for M13B"
"src/EterLib/GrpDevice.cpp","233","CGraphicDevice/CGraphicBase","if (M2_NATIVE_RESOURCE(Declaration, ms_lpd3dDevice->CreateVertexDeclaration(pShaderDecl, &dwShader)) != D3D_OK)","wrapper/native creation or getter (see statement)","device Create/default IB/PDT/declarations/debug mesh","device/base static owners","common startup and primitive helpers","True","False","False","A","skip explicit native resources for Diligent; retain device implicit surfaces for M13B"
"src/EterLib/GrpDevice.cpp","274","CGraphicDevice/CGraphicBase","static LPDIRECT3DSURFACE9 s_lpStencil;","LPDIRECT3DSURFACE9","device Create/default IB/PDT/declarations/debug mesh","device/base static owners","common startup and primitive helpers","True","False","False","A","skip explicit native resources for Diligent; retain device implicit surfaces for M13B"
"src/EterLib/GrpDevice.cpp","560","CGraphicDevice/CGraphicBase","M2_NATIVE_RESOURCE(DebugMesh, D3DXCreateSphere(ms_lpd3dDevice, 1.0f, 32, 32, &ms_lpSphereMesh, NULL));","wrapper/native creation or getter (see statement)","device Create/default IB/PDT/declarations/debug mesh","device/base static owners","common startup and primitive helpers","True","False","False","A","skip explicit native resources for Diligent; retain device implicit surfaces for M13B"
"src/EterLib/GrpDevice.cpp","561","CGraphicDevice/CGraphicBase","M2_NATIVE_RESOURCE(DebugMesh, D3DXCreateCylinder(ms_lpd3dDevice, 1.0f, 1.0f, 1.0f, 8, 8, &ms_lpCylinderMesh, NULL));","wrapper/native creation or getter (see statement)","device Create/default IB/PDT/declarations/debug mesh","device/base static owners","common startup and primitive helpers","True","False","False","A","skip explicit native resources for Diligent; retain device implicit surfaces for M13B"
"src/EterLib/GrpDevice.cpp","637","CGraphicDevice/CGraphicBase","M2_NATIVE_RESOURCE(VertexBuffer, ms_lpd3dDevice->CreateVertexBuffer(","wrapper/native creation or getter (see statement)","device Create/default IB/PDT/declarations/debug mesh","device/base static owners","common startup and primitive helpers","True","False","False","A","skip explicit native resources for Diligent; retain device implicit surfaces for M13B"
"src/EterLib/GrpDevice.cpp","669","CGraphicDevice/CGraphicBase","auto hr = M2_NATIVE_RESOURCE(IndexBuffer, ms_lpd3dDevice->CreateIndexBuffer(","wrapper/native creation or getter (see statement)","device Create/default IB/PDT/declarations/debug mesh","device/base static owners","common startup and primitive helpers","True","False","False","A","skip explicit native resources for Diligent; retain device implicit surfaces for M13B"
"src/EterLib/GrpDevice.h","65","CGraphicDevice/CGraphicBase","LPDIRECT3DVERTEXDECLARATION9 CreatePTStreamVertexShader();","LPDIRECT3DVERTEXDECLARATION9","device Create/default IB/PDT/declarations/debug mesh","device/base static owners","common startup and primitive helpers","True","False","False","A","skip explicit native resources for Diligent; retain device implicit surfaces for M13B"
"src/EterLib/GrpDevice.h","66","CGraphicDevice/CGraphicBase","LPDIRECT3DVERTEXDECLARATION9 CreatePNTStreamVertexShader();","LPDIRECT3DVERTEXDECLARATION9","device Create/default IB/PDT/declarations/debug mesh","device/base static owners","common startup and primitive helpers","True","False","False","A","skip explicit native resources for Diligent; retain device implicit surfaces for M13B"
"src/EterLib/GrpDevice.h","67","CGraphicDevice/CGraphicBase","LPDIRECT3DVERTEXDECLARATION9 CreatePNT2StreamVertexShader();","LPDIRECT3DVERTEXDECLARATION9","device Create/default IB/PDT/declarations/debug mesh","device/base static owners","common startup and primitive helpers","True","False","False","A","skip explicit native resources for Diligent; retain device implicit surfaces for M13B"
"src/EterLib/GrpDevice.h","68","CGraphicDevice/CGraphicBase","LPDIRECT3DVERTEXDECLARATION9 CreateDoublePNTStreamVertexShader();","LPDIRECT3DVERTEXDECLARATION9","device Create/default IB/PDT/declarations/debug mesh","device/base static owners","common startup and primitive helpers","True","False","False","A","skip explicit native resources for Diligent; retain device implicit surfaces for M13B"
"src/EterLib/GrpFontTexture.cpp","445","CGraphicFontTexture/CGraphicTextInstance/TextRenderBridge","m_lpd3dTexture = m_pFontTextureVector[dwTexture]->GetD3DTexture();","wrapper/native creation or getter (see statement)","font atlas AppendTexture/UpdateTexture","font pages and text renderer","glyph draw and selected atlas page","True","False","False","A","CPU atlas pages; remove native pointer page identity"
"src/EterLib/GrpImageTexture.cpp","75","CGraphicTexture/CGraphicImageTexture/CGraphicImage","if (FAILED(M2_NATIVE_RESOURCE(Texture, ms_lpd3dDevice->CreateTexture(m_width, m_height, 1, D3DUSAGE_DYNAMIC, m_d3dFmt, D3DPOOL_DEFAULT, &m_lpd3dTexture, nullptr))))","wrapper/native creation or getter (see statement)","ImageTexture Create/decoded asset loader","texture wrapper (COM); image (Diligent cache)","all image users, bridges, subimages","True","False","False","A","CPU metadata/source ownership and neutral texture binding"
"src/EterLib/GrpImageTexture.cpp","112","CGraphicTexture/CGraphicImageTexture/CGraphicImage","m_lpd3dTexture = c_pSrcTexture->GetD3DTexture();","wrapper/native creation or getter (see statement)","ImageTexture Create/decoded asset loader","texture wrapper (COM); image (Diligent cache)","all image users, bridges, subimages","True","False","False","A","CPU metadata/source ownership and neutral texture binding"
"src/EterLib/GrpImageTexture.cpp","144","CGraphicTexture/CGraphicImageTexture/CGraphicImage","LPDIRECT3DTEXTURE9 texture;","LPDIRECT3DTEXTURE9","ImageTexture Create/decoded asset loader","texture wrapper (COM); image (Diligent cache)","all image users, bridges, subimages","True","False","False","A","CPU metadata/source ownership and neutral texture binding"
"src/EterLib/GrpImageTexture.cpp","145","CGraphicTexture/CGraphicImageTexture/CGraphicImage","if (SUCCEEDED(M2_NATIVE_RESOURCE(Texture, ms_lpd3dDevice->CreateTexture(width, height, 1, 0, channels == 4 ? D3DFMT_A8R8G8B8 : D3DFMT_X8R8G8B8, D3DPOOL_MANAGED, &texture, nullptr)))) {","wrapper/native creation or getter (see statement)","ImageTexture Create/decoded asset loader","texture wrapper (COM); image (Diligent cache)","all image users, bridges, subimages","True","False","False","A","CPU metadata/source ownership and neutral texture binding"
"src/EterLib/GrpImageTexture.cpp","209","CGraphicTexture/CGraphicImageTexture/CGraphicImage","if (FAILED(M2_NATIVE_RESOURCE(Texture, D3DXCreateTextureFromFileInMemoryEx(ms_lpd3dDevice, c_pvBuf, bufSize","wrapper/native creation or getter (see statement)","ImageTexture Create/decoded asset loader","texture wrapper (COM); image (Diligent cache)","all image users, bridges, subimages","True","False","False","A","CPU metadata/source ownership and neutral texture binding"
"src/EterLib/GrpImageTexture.cpp","239","CGraphicTexture/CGraphicImageTexture/CGraphicImage","IDirect3DTexture9* pkTexSrc = m_lpd3dTexture;","IDirect3DTexture9","ImageTexture Create/decoded asset loader","texture wrapper (COM); image (Diligent cache)","all image users, bridges, subimages","True","False","False","A","CPU metadata/source ownership and neutral texture binding"
"src/EterLib/GrpImageTexture.cpp","240","CGraphicTexture/CGraphicImageTexture/CGraphicImage","IDirect3DTexture9* pkTexDst;","IDirect3DTexture9","ImageTexture Create/decoded asset loader","texture wrapper (COM); image (Diligent cache)","all image users, bridges, subimages","True","False","False","A","CPU metadata/source ownership and neutral texture binding"
"src/EterLib/GrpImageTexture.cpp","243","CGraphicTexture/CGraphicImageTexture/CGraphicImage","if (SUCCEEDED(M2_NATIVE_RESOURCE(Texture, D3DXCreateTexture(ms_lpd3dDevice","wrapper/native creation or getter (see statement)","ImageTexture Create/decoded asset loader","texture wrapper (COM); image (Diligent cache)","all image users, bridges, subimages","True","False","False","A","CPU metadata/source ownership and neutral texture binding"
"src/EterLib/GrpImageTexture.cpp","249","CGraphicTexture/CGraphicImageTexture/CGraphicImage","IDirect3DSurface9* ppsSrc = NULL;","IDirect3DSurface9","ImageTexture Create/decoded asset loader","texture wrapper (COM); image (Diligent cache)","all image users, bridges, subimages","True","False","False","A","CPU metadata/source ownership and neutral texture binding"
"src/EterLib/GrpImageTexture.cpp","250","CGraphicTexture/CGraphicImageTexture/CGraphicImage","IDirect3DSurface9* ppsDst = NULL;","IDirect3DSurface9","ImageTexture Create/decoded asset loader","texture wrapper (COM); image (Diligent cache)","all image users, bridges, subimages","True","False","False","A","CPU metadata/source ownership and neutral texture binding"
"src/EterLib/GrpImageTexture.cpp","315","CGraphicTexture/CGraphicImageTexture/CGraphicImage","LPDIRECT3DTEXTURE9 texture;","LPDIRECT3DTEXTURE9","ImageTexture Create/decoded asset loader","texture wrapper (COM); image (Diligent cache)","all image users, bridges, subimages","True","False","False","A","CPU metadata/source ownership and neutral texture binding"
"src/EterLib/GrpImageTexture.cpp","318","CGraphicTexture/CGraphicImageTexture/CGraphicImage","if (FAILED(M2_NATIVE_RESOURCE(Texture, ms_lpd3dDevice->CreateTexture(","wrapper/native creation or getter (see statement)","ImageTexture Create/decoded asset loader","texture wrapper (COM); image (Diligent cache)","all image users, bridges, subimages","True","False","False","A","CPU metadata/source ownership and neutral texture binding"
"src/EterLib/GrpIndexBuffer.cpp","7","CGraphicVertexBuffer/CGraphicIndexBuffer","LPDIRECT3DINDEXBUFFER9 CGraphicIndexBuffer::GetD3DIndexBuffer() const","LPDIRECT3DINDEXBUFFER9","CreateDeviceObjects/Lock","wrapper owns buffer","Granny terrain water UI minimap","True","False","False","A","owned CPU buffers with same producer lock contract"
"src/EterLib/GrpIndexBuffer.cpp","117","CGraphicVertexBuffer/CGraphicIndexBuffer","if (FAILED(M2_NATIVE_RESOURCE(IndexBuffer, ms_lpd3dDevice->CreateIndexBuffer(","wrapper/native creation or getter (see statement)","CreateDeviceObjects/Lock","wrapper owns buffer","Granny terrain water UI minimap","True","False","False","A","owned CPU buffers with same producer lock contract"
"src/EterLib/GrpIndexBuffer.h","29","CGraphicVertexBuffer/CGraphicIndexBuffer","LPDIRECT3DINDEXBUFFER9 GetD3DIndexBuffer() const;","LPDIRECT3DINDEXBUFFER9","CreateDeviceObjects/Lock","wrapper owns buffer","Granny terrain water UI minimap","True","False","False","A","owned CPU buffers with same producer lock contract"
"src/EterLib/GrpIndexBuffer.h","38","CGraphicVertexBuffer/CGraphicIndexBuffer","LPDIRECT3DINDEXBUFFER9	m_lpd3dIdxBuf;","LPDIRECT3DINDEXBUFFER9","CreateDeviceObjects/Lock","wrapper owns buffer","Granny terrain water UI minimap","True","False","False","A","owned CPU buffers with same producer lock contract"
"src/EterLib/GrpPixelShader.cpp","69","CVertexShader/CPixelShader","if (FAILED(M2_NATIVE_RESOURCE(PixelShader, ms_lpd3dDevice->CreatePixelShader(","wrapper/native creation or getter (see statement)","CreateFromDiskFile","shader wrapper","no production instances found","False","False","False","D","retain unused Legacy wrapper"
"src/EterLib/GrpPixelShader.h","20","CVertexShader/CPixelShader","LPDIRECT3DPIXELSHADER9 m_handle;","LPDIRECT3DPIXELSHADER9","CreateFromDiskFile","shader wrapper","no production instances found","False","False","False","D","retain unused Legacy wrapper"
"src/EterLib/GrpScreen.cpp","354","CScreen/CPythonGraphic","void CScreen::RenderD3DXMesh(LPD3DXMESH lpMesh, const D3DXMATRIX * c_pmatWorld, float fx, float fy, float fz, float fRadius, D3DFILLMODE d3dFillMode)","LPD3DXMESH","GetBackBuffer/readback and debug meshes","temporary queried surfaces/base debug meshes","Legacy screenshot/debug rendering","False","True","False","B","Diligent screenshot already owns D3D11 staging; retain Legacy helpers"
"src/EterLib/GrpScreen.cpp","371","CScreen/CPythonGraphic","LPDIRECT3DINDEXBUFFER9 lpIndexBuffer;","LPDIRECT3DINDEXBUFFER9","GetBackBuffer/readback and debug meshes","temporary queried surfaces/base debug meshes","Legacy screenshot/debug rendering","False","True","False","B","Diligent screenshot already owns D3D11 staging; retain Legacy helpers"
"src/EterLib/GrpScreen.cpp","372","CScreen/CPythonGraphic","LPDIRECT3DVERTEXBUFFER9 lpVertexBuffer;","LPDIRECT3DVERTEXBUFFER9","GetBackBuffer/readback and debug meshes","temporary queried surfaces/base debug meshes","Legacy screenshot/debug rendering","False","True","False","B","Diligent screenshot already owns D3D11 staging; retain Legacy helpers"
"src/EterLib/GrpScreen.h","43","CScreen/CPythonGraphic","void RenderD3DXMesh(LPD3DXMESH lpMesh, const D3DXMATRIX * c_pmatWorld, float fx, float fy, float fz, float fRadius, D3DFILLMODE d3dFillMode);","LPD3DXMESH","GetBackBuffer/readback and debug meshes","temporary queried surfaces/base debug meshes","Legacy screenshot/debug rendering","False","True","False","B","Diligent screenshot already owns D3D11 staging; retain Legacy helpers"
"src/EterLib/GrpShadowTexture.cpp","39","CGraphicShadowTexture","if (FAILED(M2_NATIVE_RESOURCE(Texture, ms_lpd3dDevice->CreateTexture(m_width, m_height, 1, D3DUSAGE_RENDERTARGET, D3DFMT_A8R8G8B8, D3DPOOL_DEFAULT, &m_lpd3dShadowTexture, nullptr))))","wrapper/native creation or getter (see statement)","Create/Begin/End","wrapper COM surfaces/texture","no production caller; ThingInstance declaration only","False","False","False","D","retain unused Legacy helper, no new shadow feature"
"src/EterLib/GrpShadowTexture.cpp","45","CGraphicShadowTexture","if (FAILED(M2_NATIVE_RESOURCE(Surface, ms_lpd3dDevice->CreateDepthStencilSurface(m_width, m_height, D3DFMT_D16, D3DMULTISAMPLE_NONE, 0, TRUE, &m_lpd3dDepthSurface, nullptr))))","wrapper/native creation or getter (see statement)","Create/Begin/End","wrapper COM surfaces/texture","no production caller; ThingInstance declaration only","False","False","False","D","retain unused Legacy helper, no new shadow feature"
"src/EterLib/GrpShadowTexture.cpp","61","CGraphicShadowTexture","LPDIRECT3DTEXTURE9 CGraphicShadowTexture::GetD3DTexture() const","LPDIRECT3DTEXTURE9","Create/Begin/End","wrapper COM surfaces/texture","no production caller; ThingInstance declaration only","False","False","False","D","retain unused Legacy helper, no new shadow feature"
"src/EterLib/GrpShadowTexture.h","20","CGraphicShadowTexture","LPDIRECT3DTEXTURE9 GetD3DTexture() const;","LPDIRECT3DTEXTURE9","Create/Begin/End","wrapper COM surfaces/texture","no production caller; ThingInstance declaration only","False","False","False","D","retain unused Legacy helper, no new shadow feature"
"src/EterLib/GrpShadowTexture.h","29","CGraphicShadowTexture","LPDIRECT3DTEXTURE9	m_lpd3dShadowTexture;","LPDIRECT3DTEXTURE9","Create/Begin/End","wrapper COM surfaces/texture","no production caller; ThingInstance declaration only","False","False","False","D","retain unused Legacy helper, no new shadow feature"
"src/EterLib/GrpShadowTexture.h","30","CGraphicShadowTexture","LPDIRECT3DSURFACE9	m_lpd3dShadowSurface;","LPDIRECT3DSURFACE9","Create/Begin/End","wrapper COM surfaces/texture","no production caller; ThingInstance declaration only","False","False","False","D","retain unused Legacy helper, no new shadow feature"
"src/EterLib/GrpShadowTexture.h","31","CGraphicShadowTexture","LPDIRECT3DSURFACE9	m_lpd3dDepthSurface;","LPDIRECT3DSURFACE9","Create/Begin/End","wrapper COM surfaces/texture","no production caller; ThingInstance declaration only","False","False","False","D","retain unused Legacy helper, no new shadow feature"
"src/EterLib/GrpShadowTexture.h","33","CGraphicShadowTexture","LPDIRECT3DSURFACE9	m_lpd3dOldBackBufferSurface;","LPDIRECT3DSURFACE9","Create/Begin/End","wrapper COM surfaces/texture","no production caller; ThingInstance declaration only","False","False","False","D","retain unused Legacy helper, no new shadow feature"
"src/EterLib/GrpShadowTexture.h","34","CGraphicShadowTexture","LPDIRECT3DSURFACE9	m_lpd3dOldDepthBufferSurface;","LPDIRECT3DSURFACE9","Create/Begin/End","wrapper COM surfaces/texture","no production caller; ThingInstance declaration only","False","False","False","D","retain unused Legacy helper, no new shadow feature"
"src/EterLib/GrpTexture.cpp","38","CGraphicTexture/CGraphicImageTexture/CGraphicImage","LPDIRECT3DTEXTURE9 CGraphicTexture::GetD3DTexture() const","LPDIRECT3DTEXTURE9","ImageTexture Create/decoded asset loader","texture wrapper (COM); image (Diligent cache)","all image users, bridges, subimages","True","False","False","A","CPU metadata/source ownership and neutral texture binding"
"src/EterLib/GrpTexture.h","15","CGraphicTexture/CGraphicImageTexture/CGraphicImage","LPDIRECT3DTEXTURE9 GetD3DTexture() const;","LPDIRECT3DTEXTURE9","ImageTexture Create/decoded asset loader","texture wrapper (COM); image (Diligent cache)","all image users, bridges, subimages","True","False","False","A","CPU metadata/source ownership and neutral texture binding"
"src/EterLib/GrpTexture.h","34","CGraphicTexture/CGraphicImageTexture/CGraphicImage","LPDIRECT3DTEXTURE9 m_lpd3dTexture;","LPDIRECT3DTEXTURE9","ImageTexture Create/decoded asset loader","texture wrapper (COM); image (Diligent cache)","all image users, bridges, subimages","True","False","False","A","CPU metadata/source ownership and neutral texture binding"
"src/EterLib/GrpVertexBuffer.cpp","128","CGraphicVertexBuffer/CGraphicIndexBuffer","M2_NATIVE_RESOURCE(VertexBuffer, ms_lpd3dDevice->CreateVertexBuffer(","wrapper/native creation or getter (see statement)","CreateDeviceObjects/Lock","wrapper owns buffer","Granny terrain water UI minimap","True","False","False","A","owned CPU buffers with same producer lock contract"
"src/EterLib/GrpVertexBuffer.h","34","CGraphicVertexBuffer/CGraphicIndexBuffer","inline	LPDIRECT3DVERTEXBUFFER9 GetD3DVertexBuffer() const	{ return m_lpd3dVB; }","LPDIRECT3DVERTEXBUFFER9","CreateDeviceObjects/Lock","wrapper owns buffer","Granny terrain water UI minimap","True","False","False","A","owned CPU buffers with same producer lock contract"
"src/EterLib/GrpVertexBuffer.h","44","CGraphicVertexBuffer/CGraphicIndexBuffer","LPDIRECT3DVERTEXBUFFER9 m_lpd3dVB;","LPDIRECT3DVERTEXBUFFER9","CreateDeviceObjects/Lock","wrapper owns buffer","Granny terrain water UI minimap","True","False","False","A","owned CPU buffers with same producer lock contract"
"src/EterLib/GrpVertexShader.cpp","66","CVertexShader/CPixelShader","M2_NATIVE_RESOURCE(VertexShader, ms_lpd3dDevice->CreateVertexShader(","wrapper/native creation or getter (see statement)","CreateFromDiskFile","shader wrapper","no production instances found","False","False","False","D","retain unused Legacy wrapper"
"src/EterLib/GrpVertexShader.h","20","CVertexShader/CPixelShader","LPDIRECT3DVERTEXSHADER9 m_handle;","LPDIRECT3DVERTEXSHADER9","CreateFromDiskFile","shader wrapper","no production instances found","False","False","False","D","retain unused Legacy wrapper"
"src/EterLib/LensFlare.cpp","455","CLensFlare","LPDIRECT3DSURFACE9 lpSurface;","LPDIRECT3DSURFACE9","GetDepthStencilSurface in disabled depth-read block","temporary query","Legacy flare visibility helper","False","True","False","B","retain; Diligent flare vertices already CPU; texture binding is A"
"src/EterLib/NativeMaterialSnapshot.cpp","37","NativeMaterialSnapshot","IDirect3DVertexShader9* vs=nullptr; IDirect3DPixelShader9* ps=nullptr;","IDirect3DPixelShader9; IDirect3DVertexShader9","state capture (does not create)","temporary queried COM references","all Diligent material captures","True","False","False","A","neutral texture presence; RT query stays Legacy-only"
"src/EterLib/NativeMaterialSnapshot.cpp","55","NativeMaterialSnapshot","IDirect3DSurface9* target=nullptr;","IDirect3DSurface9","state capture (does not create)","temporary queried COM references","all Diligent material captures","True","False","False","A","neutral texture presence; RT query stays Legacy-only"
"src/EterLib/NativeStateView.h","22","CStateManager/NativeStateView","IDirect3DBaseTexture9* native=nullptr;","IDirect3DBaseTexture9","device seed and Save/Set/Restore","borrowed Legacy state; Diligent COM retention","material snapshots and all render bridges","True","False","False","A","add neutral binding/restore ownership; retain numeric state cache"
"src/EterLib/NativeStateView.h","27","CStateManager/NativeStateView","HRESULT GetTexture(DWORD stage,IDirect3DBaseTexture9** v) const","IDirect3DBaseTexture9","device seed and Save/Set/Restore","borrowed Legacy state; Diligent COM retention","material snapshots and all render bridges","True","False","False","A","add neutral binding/restore ownership; retain numeric state cache"
"src/EterLib/NativeStateView.h","29","CStateManager/NativeStateView","HRESULT GetVertexShader(IDirect3DVertexShader9** v) const","IDirect3DVertexShader9","device seed and Save/Set/Restore","borrowed Legacy state; Diligent COM retention","material snapshots and all render bridges","True","False","False","A","add neutral binding/restore ownership; retain numeric state cache"
"src/EterLib/NativeStateView.h","31","CStateManager/NativeStateView","HRESULT GetPixelShader(IDirect3DPixelShader9** v) const","IDirect3DPixelShader9","device seed and Save/Set/Restore","borrowed Legacy state; Diligent COM retention","material snapshots and all render bridges","True","False","False","A","add neutral binding/restore ownership; retain numeric state cache"
"src/EterLib/StateManager.cpp","56","CStateManager/NativeStateView","void CStateManager::ForgetDiligentTexture(IDirect3DBaseTexture9* texture)","IDirect3DBaseTexture9","device seed and Save/Set/Restore","borrowed Legacy state; Diligent COM retention","material snapshots and all render bridges","True","False","False","A","add neutral binding/restore ownership; retain numeric state cache"
"src/EterLib/StateManager.cpp","63","CStateManager/NativeStateView","HRESULT CStateManager::SetRenderTarget(DWORD index,IDirect3DSurface9* surface)","IDirect3DSurface9","device seed and Save/Set/Restore","borrowed Legacy state; Diligent COM retention","material snapshots and all render bridges","True","False","False","A","add neutral binding/restore ownership; retain numeric state cache"
"src/EterLib/StateManager.cpp","65","CStateManager/NativeStateView","HRESULT CStateManager::SetDepthStencilSurface(IDirect3DSurface9* surface)","IDirect3DSurface9","device seed and Save/Set/Restore","borrowed Legacy state; Diligent COM retention","material snapshots and all render bridges","True","False","False","A","add neutral binding/restore ownership; retain numeric state cache"
"src/EterLib/StateManager.cpp","591","CStateManager/NativeStateView","void CStateManager::GetTexture(DWORD dwStage, LPDIRECT3DBASETEXTURE9* ppTexture)","LPDIRECT3DBASETEXTURE9","device seed and Save/Set/Restore","borrowed Legacy state; Diligent COM retention","material snapshots and all render bridges","True","False","False","A","add neutral binding/restore ownership; retain numeric state cache"
"src/EterLib/StateManager.cpp","661","CStateManager/NativeStateView","void CStateManager::SaveVertexShader(LPDIRECT3DVERTEXSHADER9 dwShader)","LPDIRECT3DVERTEXSHADER9","device seed and Save/Set/Restore","borrowed Legacy state; Diligent COM retention","material snapshots and all render bridges","True","False","False","A","add neutral binding/restore ownership; retain numeric state cache"
"src/EterLib/StateManager.cpp","673","CStateManager/NativeStateView","void CStateManager::SetVertexShader(LPDIRECT3DVERTEXSHADER9 dwShader)","LPDIRECT3DVERTEXSHADER9","device seed and Save/Set/Restore","borrowed Legacy state; Diligent COM retention","material snapshots and all render bridges","True","False","False","A","add neutral binding/restore ownership; retain numeric state cache"
"src/EterLib/StateManager.cpp","683","CStateManager/NativeStateView","void CStateManager::GetVertexShader(LPDIRECT3DVERTEXSHADER9* pdwShader)","LPDIRECT3DVERTEXSHADER9","device seed and Save/Set/Restore","borrowed Legacy state; Diligent COM retention","material snapshots and all render bridges","True","False","False","A","add neutral binding/restore ownership; retain numeric state cache"
"src/EterLib/StateManager.cpp","701","CStateManager/NativeStateView","void CStateManager::SaveVertexDeclaration(LPDIRECT3DVERTEXDECLARATION9 dwShader)","LPDIRECT3DVERTEXDECLARATION9","device seed and Save/Set/Restore","borrowed Legacy state; Diligent COM retention","material snapshots and all render bridges","True","False","False","A","add neutral binding/restore ownership; retain numeric state cache"
"src/EterLib/StateManager.cpp","711","CStateManager/NativeStateView","void CStateManager::SetVertexDeclaration(LPDIRECT3DVERTEXDECLARATION9 dwShader)","LPDIRECT3DVERTEXDECLARATION9","device seed and Save/Set/Restore","borrowed Legacy state; Diligent COM retention","material snapshots and all render bridges","True","False","False","A","add neutral binding/restore ownership; retain numeric state cache"
"src/EterLib/StateManager.cpp","716","CStateManager/NativeStateView","void CStateManager::GetVertexDeclaration(LPDIRECT3DVERTEXDECLARATION9* pdwShader)","LPDIRECT3DVERTEXDECLARATION9","device seed and Save/Set/Restore","borrowed Legacy state; Diligent COM retention","material snapshots and all render bridges","True","False","False","A","add neutral binding/restore ownership; retain numeric state cache"
"src/EterLib/StateManager.cpp","744","CStateManager/NativeStateView","void CStateManager::SavePixelShader(LPDIRECT3DPIXELSHADER9 dwShader)","LPDIRECT3DPIXELSHADER9","device seed and Save/Set/Restore","borrowed Legacy state; Diligent COM retention","material snapshots and all render bridges","True","False","False","A","add neutral binding/restore ownership; retain numeric state cache"
"src/EterLib/StateManager.cpp","756","CStateManager/NativeStateView","void CStateManager::SetPixelShader(LPDIRECT3DPIXELSHADER9 dwShader)","LPDIRECT3DPIXELSHADER9","device seed and Save/Set/Restore","borrowed Legacy state; Diligent COM retention","material snapshots and all render bridges","True","False","False","A","add neutral binding/restore ownership; retain numeric state cache"
"src/EterLib/StateManager.cpp","766","CStateManager/NativeStateView","void CStateManager::GetPixelShader(LPDIRECT3DPIXELSHADER9* pdwShader)","LPDIRECT3DPIXELSHADER9","device seed and Save/Set/Restore","borrowed Legacy state; Diligent COM retention","material snapshots and all render bridges","True","False","False","A","add neutral binding/restore ownership; retain numeric state cache"
"src/EterLib/StateManager.cpp","822","CStateManager/NativeStateView","void CStateManager::SaveStreamSource(UINT StreamNumber, LPDIRECT3DVERTEXBUFFER9 pStreamData, UINT Stride)","LPDIRECT3DVERTEXBUFFER9","device seed and Save/Set/Restore","borrowed Legacy state; Diligent COM retention","material snapshots and all render bridges","True","False","False","A","add neutral binding/restore ownership; retain numeric state cache"
"src/EterLib/StateManager.cpp","837","CStateManager/NativeStateView","void CStateManager::SetStreamSource(UINT StreamNumber, LPDIRECT3DVERTEXBUFFER9 pStreamData, UINT Stride)","LPDIRECT3DVERTEXBUFFER9","device seed and Save/Set/Restore","borrowed Legacy state; Diligent COM retention","material snapshots and all render bridges","True","False","False","A","add neutral binding/restore ownership; retain numeric state cache"
"src/EterLib/StateManager.cpp","847","CStateManager/NativeStateView","void CStateManager::SaveIndices(LPDIRECT3DINDEXBUFFER9 pIndexData, UINT BaseVertexIndex)","LPDIRECT3DINDEXBUFFER9","device seed and Save/Set/Restore","borrowed Legacy state; Diligent COM retention","material snapshots and all render bridges","True","False","False","A","add neutral binding/restore ownership; retain numeric state cache"
"src/EterLib/StateManager.cpp","860","CStateManager/NativeStateView","void CStateManager::SetIndices(LPDIRECT3DINDEXBUFFER9 pIndexData, UINT BaseVertexIndex)","LPDIRECT3DINDEXBUFFER9","device seed and Save/Set/Restore","borrowed Legacy state; Diligent COM retention","material snapshots and all render bridges","True","False","False","A","add neutral binding/restore ownership; retain numeric state cache"
"src/EterLib/StateManager.h","76","CStateManager/NativeStateView","CStreamData(LPDIRECT3DVERTEXBUFFER9 pStreamData = NULL, UINT Stride = 0) : m_lpStreamData(pStreamData), m_Stride(Stride)","LPDIRECT3DVERTEXBUFFER9","device seed and Save/Set/Restore","borrowed Legacy state; Diligent COM retention","material snapshots and all render bridges","True","False","False","A","add neutral binding/restore ownership; retain numeric state cache"
"src/EterLib/StateManager.h","85","CStateManager/NativeStateView","LPDIRECT3DVERTEXBUFFER9	m_lpStreamData;","LPDIRECT3DVERTEXBUFFER9","device seed and Save/Set/Restore","borrowed Legacy state; Diligent COM retention","material snapshots and all render bridges","True","False","False","A","add neutral binding/restore ownership; retain numeric state cache"
"src/EterLib/StateManager.h","92","CStateManager/NativeStateView","CIndexData(LPDIRECT3DINDEXBUFFER9 pIndexData = NULL, UINT BaseVertexIndex = 0)","LPDIRECT3DINDEXBUFFER9","device seed and Save/Set/Restore","borrowed Legacy state; Diligent COM retention","material snapshots and all render bridges","True","False","False","A","add neutral binding/restore ownership; retain numeric state cache"
"src/EterLib/StateManager.h","103","CStateManager/NativeStateView","LPDIRECT3DINDEXBUFFER9	m_lpIndexData;","LPDIRECT3DINDEXBUFFER9","device seed and Save/Set/Restore","borrowed Legacy state; Diligent COM retention","material snapshots and all render bridges","True","False","False","A","add neutral binding/restore ownership; retain numeric state cache"
"src/EterLib/StateManager.h","211","CStateManager/NativeStateView","LPDIRECT3DBASETEXTURE9	m_Textures[STATEMANAGER_MAX_STAGES];","LPDIRECT3DBASETEXTURE9","device seed and Save/Set/Restore","borrowed Legacy state; Diligent COM retention","material snapshots and all render bridges","True","False","False","A","add neutral binding/restore ownership; retain numeric state cache"
"src/EterLib/StateManager.h","214","CStateManager/NativeStateView","LPDIRECT3DPIXELSHADER9  m_dwPixelShader;","LPDIRECT3DPIXELSHADER9","device seed and Save/Set/Restore","borrowed Legacy state; Diligent COM retention","material snapshots and all render bridges","True","False","False","A","add neutral binding/restore ownership; retain numeric state cache"
"src/EterLib/StateManager.h","215","CStateManager/NativeStateView","LPDIRECT3DVERTEXSHADER9 m_dwVertexShader;","LPDIRECT3DVERTEXSHADER9","device seed and Save/Set/Restore","borrowed Legacy state; Diligent COM retention","material snapshots and all render bridges","True","False","False","A","add neutral binding/restore ownership; retain numeric state cache"
"src/EterLib/StateManager.h","216","CStateManager/NativeStateView","LPDIRECT3DVERTEXDECLARATION9 m_dwVertexDeclaration;","LPDIRECT3DVERTEXDECLARATION9","device seed and Save/Set/Restore","borrowed Legacy state; Diligent COM retention","material snapshots and all render bridges","True","False","False","A","add neutral binding/restore ownership; retain numeric state cache"
"src/EterLib/StateManager.h","265","CStateManager/NativeStateView","void	GetTexture(DWORD dwStage, LPDIRECT3DBASETEXTURE9* ppTexture);","LPDIRECT3DBASETEXTURE9","device seed and Save/Set/Restore","borrowed Legacy state; Diligent COM retention","material snapshots and all render bridges","True","False","False","A","add neutral binding/restore ownership; retain numeric state cache"
"src/EterLib/StateManager.h","281","CStateManager/NativeStateView","void	SaveVertexShader(LPDIRECT3DVERTEXSHADER9 dwShader);","LPDIRECT3DVERTEXSHADER9","device seed and Save/Set/Restore","borrowed Legacy state; Diligent COM retention","material snapshots and all render bridges","True","False","False","A","add neutral binding/restore ownership; retain numeric state cache"
"src/EterLib/StateManager.h","283","CStateManager/NativeStateView","void	SetVertexShader(LPDIRECT3DVERTEXSHADER9 dwShader);","LPDIRECT3DVERTEXSHADER9","device seed and Save/Set/Restore","borrowed Legacy state; Diligent COM retention","material snapshots and all render bridges","True","False","False","A","add neutral binding/restore ownership; retain numeric state cache"
"src/EterLib/StateManager.h","284","CStateManager/NativeStateView","void	GetVertexShader(LPDIRECT3DVERTEXSHADER9* pdwShader);","LPDIRECT3DVERTEXSHADER9","device seed and Save/Set/Restore","borrowed Legacy state; Diligent COM retention","material snapshots and all render bridges","True","False","False","A","add neutral binding/restore ownership; retain numeric state cache"
"src/EterLib/StateManager.h","287","CStateManager/NativeStateView","void	SaveVertexDeclaration(LPDIRECT3DVERTEXDECLARATION9 dwShader);","LPDIRECT3DVERTEXDECLARATION9","device seed and Save/Set/Restore","borrowed Legacy state; Diligent COM retention","material snapshots and all render bridges","True","False","False","A","add neutral binding/restore ownership; retain numeric state cache"
"src/EterLib/StateManager.h","289","CStateManager/NativeStateView","void	SetVertexDeclaration(LPDIRECT3DVERTEXDECLARATION9 dwShader);","LPDIRECT3DVERTEXDECLARATION9","device seed and Save/Set/Restore","borrowed Legacy state; Diligent COM retention","material snapshots and all render bridges","True","False","False","A","add neutral binding/restore ownership; retain numeric state cache"
"src/EterLib/StateManager.h","290","CStateManager/NativeStateView","void	GetVertexDeclaration(LPDIRECT3DVERTEXDECLARATION9* pdwShader);","LPDIRECT3DVERTEXDECLARATION9","device seed and Save/Set/Restore","borrowed Legacy state; Diligent COM retention","material snapshots and all render bridges","True","False","False","A","add neutral binding/restore ownership; retain numeric state cache"
"src/EterLib/StateManager.h","299","CStateManager/NativeStateView","void	SavePixelShader(LPDIRECT3DPIXELSHADER9 dwShader);","LPDIRECT3DPIXELSHADER9","device seed and Save/Set/Restore","borrowed Legacy state; Diligent COM retention","material snapshots and all render bridges","True","False","False","A","add neutral binding/restore ownership; retain numeric state cache"
"src/EterLib/StateManager.h","301","CStateManager/NativeStateView","void	SetPixelShader(LPDIRECT3DPIXELSHADER9 dwShader);","LPDIRECT3DPIXELSHADER9","device seed and Save/Set/Restore","borrowed Legacy state; Diligent COM retention","material snapshots and all render bridges","True","False","False","A","add neutral binding/restore ownership; retain numeric state cache"
"src/EterLib/StateManager.h","302","CStateManager/NativeStateView","void	GetPixelShader(LPDIRECT3DPIXELSHADER9* pdwShader);","LPDIRECT3DPIXELSHADER9","device seed and Save/Set/Restore","borrowed Legacy state; Diligent COM retention","material snapshots and all render bridges","True","False","False","A","add neutral binding/restore ownership; retain numeric state cache"
"src/EterLib/StateManager.h","323","CStateManager/NativeStateView","void SaveStreamSource(UINT StreamNumber, LPDIRECT3DVERTEXBUFFER9 pStreamData, UINT Stride);","LPDIRECT3DVERTEXBUFFER9","device seed and Save/Set/Restore","borrowed Legacy state; Diligent COM retention","material snapshots and all render bridges","True","False","False","A","add neutral binding/restore ownership; retain numeric state cache"
"src/EterLib/StateManager.h","325","CStateManager/NativeStateView","void SetStreamSource(UINT StreamNumber, LPDIRECT3DVERTEXBUFFER9 pStreamData, UINT Stride);","LPDIRECT3DVERTEXBUFFER9","device seed and Save/Set/Restore","borrowed Legacy state; Diligent COM retention","material snapshots and all render bridges","True","False","False","A","add neutral binding/restore ownership; retain numeric state cache"
"src/EterLib/StateManager.h","327","CStateManager/NativeStateView","void SaveIndices(LPDIRECT3DINDEXBUFFER9 pIndexData, UINT BaseVertexIndex);","LPDIRECT3DINDEXBUFFER9","device seed and Save/Set/Restore","borrowed Legacy state; Diligent COM retention","material snapshots and all render bridges","True","False","False","A","add neutral binding/restore ownership; retain numeric state cache"
"src/EterLib/StateManager.h","329","CStateManager/NativeStateView","void SetIndices(LPDIRECT3DINDEXBUFFER9 pIndexData, UINT BaseVertexIndex);","LPDIRECT3DINDEXBUFFER9","device seed and Save/Set/Restore","borrowed Legacy state; Diligent COM retention","material snapshots and all render bridges","True","False","False","A","add neutral binding/restore ownership; retain numeric state cache"
"src/EterLib/StateManager.h","350","CStateManager/NativeStateView","HRESULT SetRenderTarget(DWORD index,IDirect3DSurface9* surface);","IDirect3DSurface9","device seed and Save/Set/Restore","borrowed Legacy state; Diligent COM retention","material snapshots and all render bridges","True","False","False","A","add neutral binding/restore ownership; retain numeric state cache"
"src/EterLib/StateManager.h","351","CStateManager/NativeStateView","HRESULT SetDepthStencilSurface(IDirect3DSurface9* surface);","IDirect3DSurface9","device seed and Save/Set/Restore","borrowed Legacy state; Diligent COM retention","material snapshots and all render bridges","True","False","False","A","add neutral binding/restore ownership; retain numeric state cache"
"src/EterLib/StateManager.h","352","CStateManager/NativeStateView","void ForgetDiligentTexture(IDirect3DBaseTexture9* texture);","IDirect3DBaseTexture9","device seed and Save/Set/Restore","borrowed Legacy state; Diligent COM retention","material snapshots and all render bridges","True","False","False","A","add neutral binding/restore ownership; retain numeric state cache"
"src/EterLib/StateManager.h","374","CStateManager/NativeStateView","Microsoft::WRL::ComPtr<IDirect3DBaseTexture9> m_textureOwners[8];","IDirect3DBaseTexture9","device seed and Save/Set/Restore","borrowed Legacy state; Diligent COM retention","material snapshots and all render bridges","True","False","False","A","add neutral binding/restore ownership; retain numeric state cache"
"src/EterLib/StateManager.h","376","CStateManager/NativeStateView","Microsoft::WRL::ComPtr<IDirect3DVertexShader9> m_vertexShaderOwner;","IDirect3DVertexShader9","device seed and Save/Set/Restore","borrowed Legacy state; Diligent COM retention","material snapshots and all render bridges","True","False","False","A","add neutral binding/restore ownership; retain numeric state cache"
"src/EterLib/StateManager.h","377","CStateManager/NativeStateView","Microsoft::WRL::ComPtr<IDirect3DPixelShader9> m_pixelShaderOwner;","IDirect3DPixelShader9","device seed and Save/Set/Restore","borrowed Legacy state; Diligent COM retention","material snapshots and all render bridges","True","False","False","A","add neutral binding/restore ownership; retain numeric state cache"
"src/EterLib/StateManager.h","397","CStateManager/NativeStateView","std::vector<LPDIRECT3DPIXELSHADER9>		m_PixelShaderStack;","LPDIRECT3DPIXELSHADER9","device seed and Save/Set/Restore","borrowed Legacy state; Diligent COM retention","material snapshots and all render bridges","True","False","False","A","add neutral binding/restore ownership; retain numeric state cache"
"src/EterLib/StateManager.h","398","CStateManager/NativeStateView","std::vector<LPDIRECT3DVERTEXSHADER9>	m_VertexShaderStack;","LPDIRECT3DVERTEXSHADER9","device seed and Save/Set/Restore","borrowed Legacy state; Diligent COM retention","material snapshots and all render bridges","True","False","False","A","add neutral binding/restore ownership; retain numeric state cache"
"src/EterLib/StateManager.h","399","CStateManager/NativeStateView","std::vector<LPDIRECT3DVERTEXDECLARATION9> m_VertexDeclarationStack;","LPDIRECT3DVERTEXDECLARATION9","device seed and Save/Set/Restore","borrowed Legacy state; Diligent COM retention","material snapshots and all render bridges","True","False","False","A","add neutral binding/restore ownership; retain numeric state cache"
"src/EterLib/TextureBinding.h","9","TextureBinding","IDirect3DBaseTexture9* native = nullptr;","IDirect3DBaseTexture9","image wrapper supplies optional handle","shared CPU source; borrowed optional Legacy handle","neutral material/image identity","True","False","False","A","native member is null in neutral mode; no COM ownership or GPU source dependency"
"src/EterLib/TextureBinding.h","12","TextureBinding","TextureBinding(IDirect3DBaseTexture9* value) : native(value) {}","IDirect3DBaseTexture9","image wrapper supplies optional handle","shared CPU source; borrowed optional Legacy handle","neutral material/image identity","True","False","False","A","native member is null in neutral mode; no COM ownership or GPU source dependency"
"src/EterPythonLib/PythonGraphic.cpp","193","CScreen/CPythonGraphic","LPDIRECT3DSURFACE9 lpSurface;","LPDIRECT3DSURFACE9","GetBackBuffer/readback and debug meshes","temporary queried surfaces/base debug meshes","Legacy screenshot/debug rendering","False","True","False","B","Diligent screenshot already owns D3D11 staging; retain Legacy helpers"
"src/GameLib/AreaTerrain.cpp","80","CTerrain/CTerrainImpl/STerrainTexture/TTerrainSplat","m_lpMiniMapTexture = m_MiniMapGraphicImageInstance.GetTexturePointer()->GetD3DTexture();","wrapper/native creation or getter (see statement)","AddTexture32/AllocateMarkedSplats/LoadMiniMap","terrain owns alpha and marked COM; images own maps","terrain layers/minimap/guild projection","True","False","False","A","CPU alpha generation and image metadata; native splat POD retained for Legacy"
"src/GameLib/AreaTerrain.cpp","97","CTerrain/CTerrainImpl/STerrainTexture/TTerrainSplat","m_lpShadowTexture = m_ShadowGraphicImageInstance.GetTexturePointer()->GetD3DTexture();","wrapper/native creation or getter (see statement)","AddTexture32/AllocateMarkedSplats/LoadMiniMap","terrain owns alpha and marked COM; images own maps","terrain layers/minimap/guild projection","True","False","False","A","CPU alpha generation and image metadata; native splat POD retained for Legacy"
"src/GameLib/AreaTerrain.cpp","780","CTerrain/CTerrainImpl/STerrainTexture/TTerrainSplat","LPDIRECT3DTEXTURE9 CTerrain::AddTexture32(BYTE byImageNum, BYTE * pbyImage, long lTextureWidth, long lTextureHeight)","LPDIRECT3DTEXTURE9","AddTexture32/AllocateMarkedSplats/LoadMiniMap","terrain owns alpha and marked COM; images own maps","terrain layers/minimap/guild projection","True","False","False","A","CPU alpha generation and image metadata; native splat POD retained for Legacy"
"src/GameLib/AreaTerrain.cpp","804","CTerrain/CTerrainImpl/STerrainTexture/TTerrainSplat","IDirect3DTexture9* pkTex=NULL;","IDirect3DTexture9","AddTexture32/AllocateMarkedSplats/LoadMiniMap","terrain owns alpha and marked COM; images own maps","terrain layers/minimap/guild projection","True","False","False","A","CPU alpha generation and image metadata; native splat POD retained for Legacy"
"src/GameLib/AreaTerrain.cpp","808","CTerrain/CTerrainImpl/STerrainTexture/TTerrainSplat","hr = M2_NATIVE_RESOURCE(Texture, ms_lpd3dDevice->CreateTexture(","wrapper/native creation or getter (see statement)","AddTexture32/AllocateMarkedSplats/LoadMiniMap","terrain owns alpha and marked COM; images own maps","terrain layers/minimap/guild projection","True","False","False","A","CPU alpha generation and image metadata; native splat POD retained for Legacy"
"src/GameLib/AreaTerrain.cpp","1192","CTerrain/CTerrainImpl/STerrainTexture/TTerrainSplat","hr = M2_NATIVE_RESOURCE(Texture, ms_lpd3dDevice->CreateTexture(ATTRMAP_XSIZE, ATTRMAP_YSIZE, 1, D3DUSAGE_DYNAMIC, D3DFMT_A8R8G8B8, D3DPOOL_DEFAULT, &m_lpMarkedTexture, nullptr));","wrapper/native creation or getter (see statement)","AddTexture32/AllocateMarkedSplats/LoadMiniMap","terrain owns alpha and marked COM; images own maps","terrain layers/minimap/guild projection","True","False","False","A","CPU alpha generation and image metadata; native splat POD retained for Legacy"
"src/GameLib/AreaTerrain.h","83","CTerrain/CTerrainImpl/STerrainTexture/TTerrainSplat","inline LPDIRECT3DTEXTURE9	GetMiniMapTexture() { return m_lpMiniMapTexture; }","LPDIRECT3DTEXTURE9","AddTexture32/AllocateMarkedSplats/LoadMiniMap","terrain owns alpha and marked COM; images own maps","terrain layers/minimap/guild projection","True","False","False","A","CPU alpha generation and image metadata; native splat POD retained for Legacy"
"src/GameLib/AreaTerrain.h","118","CTerrain/CTerrainImpl/STerrainTexture/TTerrainSplat","LPDIRECT3DTEXTURE9 AddTexture32(BYTE byImageNum, BYTE * pbyImage, long lTextureWidth, long lTextureHeight);","LPDIRECT3DTEXTURE9","AddTexture32/AllocateMarkedSplats/LoadMiniMap","terrain owns alpha and marked COM; images own maps","terrain layers/minimap/guild projection","True","False","False","A","CPU alpha generation and image metadata; native splat POD retained for Legacy"
"src/GameLib/AreaTerrain.h","137","CTerrain/CTerrainImpl/STerrainTexture/TTerrainSplat","LPDIRECT3DTEXTURE9		m_lpMiniMapTexture;","LPDIRECT3DTEXTURE9","AddTexture32/AllocateMarkedSplats/LoadMiniMap","terrain owns alpha and marked COM; images own maps","terrain layers/minimap/guild projection","True","False","False","A","CPU alpha generation and image metadata; native splat POD retained for Legacy"
"src/GameLib/AreaTerrain.h","153","CTerrain/CTerrainImpl/STerrainTexture/TTerrainSplat","LPDIRECT3DTEXTURE9		m_lpMarkedTexture;","LPDIRECT3DTEXTURE9","AddTexture32/AllocateMarkedSplats/LoadMiniMap","terrain owns alpha and marked COM; images own maps","terrain layers/minimap/guild projection","True","False","False","A","CPU alpha generation and image metadata; native splat POD retained for Legacy"
"src/GameLib/DungeonBlock.cpp","62","CDungeonBlock","LPDIRECT3DVERTEXBUFFER9 lpd3dRigidPNTVtxBuf = m_pModel->GetPNTD3DVertexBuffer();","LPDIRECT3DVERTEXBUFFER9","model wrapper creation","Granny model","dungeon static submission and Legacy bindings","True","False","False","A","CPU wrapper source; native binds remain inert in Diligent"
"src/GameLib/DungeonBlock.cpp","85","CDungeonBlock","LPDIRECT3DVERTEXBUFFER9 lpd3dRigidPNTVtxBuf = m_pModel->GetPNTD3DVertexBuffer();","LPDIRECT3DVERTEXBUFFER9","model wrapper creation","Granny model","dungeon static submission and Legacy bindings","True","False","False","A","CPU wrapper source; native binds remain inert in Diligent"
"src/GameLib/FlyTrace.cpp","37","CFlyTrace","m_lpTexture = pTexture->GetD3DTexture();","wrapper/native creation or getter (see statement)","commented declaration","none","none","False","False","False","D","retain comment"
"src/GameLib/FlyTrace.h","26","CFlyTrace","//LPDIRECT3DTEXTURE9 m_lpTexture;","LPDIRECT3DTEXTURE9","commented declaration","none","none","False","False","False","D","retain comment"
"src/GameLib/MapOutdoor.h","421","CMapOutdoor","LPDIRECT3DTEXTURE9		m_lpCharacterShadowMapTexture;","LPDIRECT3DTEXTURE9","CreateCharacterShadowTexture/BeginRenderCharacterShadowToTexture","outdoor shadow COM; temporary retained backup surfaces","Legacy shadow pass only","False","True","False","B","retain null-in-Diligent shadow/backup members; no new shadow path"
"src/GameLib/MapOutdoor.h","422","CMapOutdoor","LPDIRECT3DSURFACE9		m_lpCharacterShadowMapRenderTargetSurface;","LPDIRECT3DSURFACE9","CreateCharacterShadowTexture/BeginRenderCharacterShadowToTexture","outdoor shadow COM; temporary retained backup surfaces","Legacy shadow pass only","False","True","False","B","retain null-in-Diligent shadow/backup members; no new shadow path"
"src/GameLib/MapOutdoor.h","423","CMapOutdoor","LPDIRECT3DSURFACE9		m_lpCharacterShadowMapDepthSurface;","LPDIRECT3DSURFACE9","CreateCharacterShadowTexture/BeginRenderCharacterShadowToTexture","outdoor shadow COM; temporary retained backup surfaces","Legacy shadow pass only","False","True","False","B","retain null-in-Diligent shadow/backup members; no new shadow path"
"src/GameLib/MapOutdoor.h","428","CMapOutdoor","LPDIRECT3DSURFACE9		m_lpBackupRenderTargetSurface;","LPDIRECT3DSURFACE9","CreateCharacterShadowTexture/BeginRenderCharacterShadowToTexture","outdoor shadow COM; temporary retained backup surfaces","Legacy shadow pass only","False","True","False","B","retain null-in-Diligent shadow/backup members; no new shadow path"
"src/GameLib/MapOutdoor.h","429","CMapOutdoor","LPDIRECT3DSURFACE9		m_lpBackupDepthSurface;","LPDIRECT3DSURFACE9","CreateCharacterShadowTexture/BeginRenderCharacterShadowToTexture","outdoor shadow COM; temporary retained backup surfaces","Legacy shadow pass only","False","True","False","B","retain null-in-Diligent shadow/backup members; no new shadow path"
"src/GameLib/MapOutdoor.h","583","CMapOutdoor","IDirect3DVertexBuffer9* m_pkVBSplat[SPLAT_VB_NUM];","IDirect3DVertexBuffer9","terrain buffer and character shadow helpers","outdoor map","terrain native streams and Legacy shadow pass","True","False","False","A","terrain streams decouple; shadow fields are B and remain null in Diligent"
"src/GameLib/MapOutdoor.h","584","CMapOutdoor","IDirect3DVertexBuffer9* m_pkVBNone[NONE_VB_NUM];","IDirect3DVertexBuffer9","terrain buffer and character shadow helpers","outdoor map","terrain native streams and Legacy shadow pass","True","False","False","A","terrain streams decouple; shadow fields are B and remain null in Diligent"
"src/GameLib/MapOutdoorCharacterShadow.cpp","41","CMapOutdoor","if (FAILED(M2_NATIVE_RESOURCE(Texture, ms_lpd3dDevice->CreateTexture(m_wShadowMapSize, m_wShadowMapSize, 1, D3DUSAGE_RENDERTARGET, D3DFMT_R5G6B5, D3DPOOL_DEFAULT, &m_lpCharacterShadowMapTexture, nullptr))))","wrapper/native creation or getter (see statement)","CreateCharacterShadowTexture","outdoor shadow COM","Legacy character shadow pass","False","True","False","B","retain existing Diligent early guard; no dynamic shadow migration"
"src/GameLib/MapOutdoorCharacterShadow.cpp","53","CMapOutdoor","if (FAILED(M2_NATIVE_RESOURCE(Surface, ms_lpd3dDevice->CreateDepthStencilSurface(m_wShadowMapSize, m_wShadowMapSize, D3DFMT_D16, D3DMULTISAMPLE_NONE, 0, TRUE, &m_lpCharacterShadowMapDepthSurface, nullptr))))","wrapper/native creation or getter (see statement)","CreateCharacterShadowTexture","outdoor shadow COM","Legacy character shadow pass","False","True","False","B","retain existing Diligent early guard; no dynamic shadow migration"
"src/GameLib/MapOutdoorRender.cpp","700","Image/effect/world draw callers","STATEMANAGER.SetIndices(m_IndexBuffer[byLODLevel].GetD3DIndexBuffer(), 0);","wrapper/native creation or getter (see statement)","image or mesh wrappers","borrowed resource owned by image/mesh","existing Diligent bridge and native state binding","True","False","False","A","bind neutral image identity; retain CPU geometry and Legacy getters where native-only"
"src/GameLib/MapOutdoorRender.cpp","989","Image/effect/world draw callers","STATEMANAGER.SetStreamSource(0, pTerrainPatchProxy->HardwareTransformPatch_GetVertexBufferPtr()->GetD3DVertexBuffer(), m_iPatchTerrainVertexSize);","wrapper/native creation or getter (see statement)","image or mesh wrappers","borrowed resource owned by image/mesh","existing Diligent bridge and native state binding","True","False","False","A","bind neutral image identity; retain CPU geometry and Legacy getters where native-only"
"src/GameLib/MapOutdoorRenderHTP.cpp","289","Image/effect/world draw callers","STATEMANAGER.SetStreamSource(0, pkVB->GetD3DVertexBuffer(), m_iPatchTerrainVertexSize);","wrapper/native creation or getter (see statement)","image or mesh wrappers","borrowed resource owned by image/mesh","existing Diligent bridge and native state binding","True","False","False","A","bind neutral image identity; retain CPU geometry and Legacy getters where native-only"
"src/GameLib/MapOutdoorRenderHTP.cpp","443","Image/effect/world draw callers","STATEMANAGER.SetStreamSource(0, pkVB->GetD3DVertexBuffer(), m_iPatchTerrainVertexSize);","wrapper/native creation or getter (see statement)","image or mesh wrappers","borrowed resource owned by image/mesh","existing Diligent bridge and native state binding","True","False","False","A","bind neutral image identity; retain CPU geometry and Legacy getters where native-only"
"src/GameLib/MapOutdoorRenderSTP.cpp","341","CMapOutdoor","IDirect3DVertexBuffer9* pkVB=m_kSTPD.m_pkVBNone[m_kSTPD.m_dwNonePos++];","IDirect3DVertexBuffer9","dynamic software terrain buffer allocation","outdoor map","STP layer draw","True","False","False","A","skip native stream allocation in Diligent; retain CPU terrain source"
"src/GameLib/MapOutdoorRenderSTP.cpp","628","CMapOutdoor","IDirect3DVertexBuffer9* pkVB=m_kSTPD.m_pkVBSplat[m_kSTPD.m_dwSplatPos++];","IDirect3DVertexBuffer9","dynamic software terrain buffer allocation","outdoor map","STP layer draw","True","False","False","A","skip native stream allocation in Diligent; retain CPU terrain source"
"src/GameLib/MapOutdoorRenderSTP.cpp","651","CMapOutdoor","IDirect3DVertexBuffer9* pkVB=m_kSTPD.m_pkVBSplat[m_kSTPD.m_dwSplatPos++];","IDirect3DVertexBuffer9","dynamic software terrain buffer allocation","outdoor map","STP layer draw","True","False","False","A","skip native stream allocation in Diligent; retain CPU terrain source"
"src/GameLib/MapOutdoorRenderSTP.cpp","705","CMapOutdoor","M2_NATIVE_RESOURCE(VertexBuffer, ms_lpd3dDevice->CreateVertexBuffer(","wrapper/native creation or getter (see statement)","dynamic software terrain buffer allocation","outdoor map","STP layer draw","True","False","False","A","skip native stream allocation in Diligent; retain CPU terrain source"
"src/GameLib/MapOutdoorRenderSTP.cpp","722","CMapOutdoor","M2_NATIVE_RESOURCE(VertexBuffer, ms_lpd3dDevice->CreateVertexBuffer(","wrapper/native creation or getter (see statement)","dynamic software terrain buffer allocation","outdoor map","STP layer draw","True","False","False","A","skip native stream allocation in Diligent; retain CPU terrain source"
"src/GameLib/MapOutdoorWater.cpp","173","Image/effect/world draw callers","STATEMANAGER.SetStreamSource(0, pkVB->GetD3DVertexBuffer(), sizeof(SWaterVertex));","wrapper/native creation or getter (see statement)","image or mesh wrappers","borrowed resource owned by image/mesh","existing Diligent bridge and native state binding","True","False","False","A","bind neutral image identity; retain CPU geometry and Legacy getters where native-only"
"src/GameLib/SnowEnvironment.cpp","256","CSnowEnvironment","if (FAILED(M2_NATIVE_RESOURCE(Texture, ms_lpd3dDevice->CreateTexture(m_wBlurTextureSize, m_wBlurTextureSize, 1, D3DUSAGE_RENDERTARGET, D3DFMT_X8R8G8B8, D3DPOOL_DEFAULT, &m_lpSnowTexture, nullptr))))","wrapper/native creation or getter (see statement)","__CreateGeometry/__CreateBlurTexture","snow owns geometry and optional blur surfaces","particle CPU writes; effect submission","True","False","False","A","CPU particle vertices in Diligent; disabled Legacy blur is B"
"src/GameLib/SnowEnvironment.cpp","260","CSnowEnvironment","if (FAILED(M2_NATIVE_RESOURCE(Surface, ms_lpd3dDevice->CreateDepthStencilSurface(m_wBlurTextureSize, m_wBlurTextureSize, D3DFMT_D16, D3DMULTISAMPLE_NONE, 0, TRUE, &m_lpSnowDepthSurface, nullptr))))","wrapper/native creation or getter (see statement)","__CreateGeometry/__CreateBlurTexture","snow owns geometry and optional blur surfaces","particle CPU writes; effect submission","True","False","False","A","CPU particle vertices in Diligent; disabled Legacy blur is B"
"src/GameLib/SnowEnvironment.cpp","263","CSnowEnvironment","if (FAILED(M2_NATIVE_RESOURCE(Texture, ms_lpd3dDevice->CreateTexture(m_wBlurTextureSize, m_wBlurTextureSize, 1, D3DUSAGE_RENDERTARGET, D3DFMT_X8R8G8B8, D3DPOOL_DEFAULT, &m_lpAccumTexture, nullptr))))","wrapper/native creation or getter (see statement)","__CreateGeometry/__CreateBlurTexture","snow owns geometry and optional blur surfaces","particle CPU writes; effect submission","True","False","False","A","CPU particle vertices in Diligent; disabled Legacy blur is B"
"src/GameLib/SnowEnvironment.cpp","267","CSnowEnvironment","if (FAILED(M2_NATIVE_RESOURCE(Surface, ms_lpd3dDevice->CreateDepthStencilSurface(m_wBlurTextureSize, m_wBlurTextureSize, D3DFMT_D16, D3DMULTISAMPLE_NONE, 0, TRUE, &m_lpAccumDepthSurface, nullptr))))","wrapper/native creation or getter (see statement)","__CreateGeometry/__CreateBlurTexture","snow owns geometry and optional blur surfaces","particle CPU writes; effect submission","True","False","False","A","CPU particle vertices in Diligent; disabled Legacy blur is B"
"src/GameLib/SnowEnvironment.cpp","276","CSnowEnvironment","if (FAILED(M2_NATIVE_RESOURCE(VertexBuffer, ms_lpd3dDevice->CreateVertexBuffer(sizeof(SParticleVertex) * m_dwParticleMaxNum * 4,","wrapper/native creation or getter (see statement)","__CreateGeometry/__CreateBlurTexture","snow owns geometry and optional blur surfaces","particle CPU writes; effect submission","True","False","False","A","CPU particle vertices in Diligent; disabled Legacy blur is B"
"src/GameLib/SnowEnvironment.cpp","283","CSnowEnvironment","if (FAILED(M2_NATIVE_RESOURCE(IndexBuffer, ms_lpd3dDevice->CreateIndexBuffer(sizeof(WORD) * m_dwParticleMaxNum * 6,","wrapper/native creation or getter (see statement)","__CreateGeometry/__CreateBlurTexture","snow owns geometry and optional blur surfaces","particle CPU writes; effect submission","True","False","False","A","CPU particle vertices in Diligent; disabled Legacy blur is B"
"src/GameLib/SnowEnvironment.h","32","CSnowEnvironment","LPDIRECT3DSURFACE9 m_lpOldSurface;","LPDIRECT3DSURFACE9","__CreateGeometry/__CreateBlurTexture","snow owns geometry and optional blur surfaces","particle CPU writes; effect submission","True","False","False","A","CPU particle vertices in Diligent; disabled Legacy blur is B"
"src/GameLib/SnowEnvironment.h","33","CSnowEnvironment","LPDIRECT3DSURFACE9 m_lpOldDepthStencilSurface;","LPDIRECT3DSURFACE9","__CreateGeometry/__CreateBlurTexture","snow owns geometry and optional blur surfaces","particle CPU writes; effect submission","True","False","False","A","CPU particle vertices in Diligent; disabled Legacy blur is B"
"src/GameLib/SnowEnvironment.h","35","CSnowEnvironment","LPDIRECT3DTEXTURE9 m_lpSnowTexture;","LPDIRECT3DTEXTURE9","__CreateGeometry/__CreateBlurTexture","snow owns geometry and optional blur surfaces","particle CPU writes; effect submission","True","False","False","A","CPU particle vertices in Diligent; disabled Legacy blur is B"
"src/GameLib/SnowEnvironment.h","36","CSnowEnvironment","LPDIRECT3DSURFACE9 m_lpSnowRenderTargetSurface;","LPDIRECT3DSURFACE9","__CreateGeometry/__CreateBlurTexture","snow owns geometry and optional blur surfaces","particle CPU writes; effect submission","True","False","False","A","CPU particle vertices in Diligent; disabled Legacy blur is B"
"src/GameLib/SnowEnvironment.h","37","CSnowEnvironment","LPDIRECT3DSURFACE9 m_lpSnowDepthSurface;","LPDIRECT3DSURFACE9","__CreateGeometry/__CreateBlurTexture","snow owns geometry and optional blur surfaces","particle CPU writes; effect submission","True","False","False","A","CPU particle vertices in Diligent; disabled Legacy blur is B"
"src/GameLib/SnowEnvironment.h","39","CSnowEnvironment","LPDIRECT3DTEXTURE9 m_lpAccumTexture;","LPDIRECT3DTEXTURE9","__CreateGeometry/__CreateBlurTexture","snow owns geometry and optional blur surfaces","particle CPU writes; effect submission","True","False","False","A","CPU particle vertices in Diligent; disabled Legacy blur is B"
"src/GameLib/SnowEnvironment.h","40","CSnowEnvironment","LPDIRECT3DSURFACE9 m_lpAccumRenderTargetSurface;","LPDIRECT3DSURFACE9","__CreateGeometry/__CreateBlurTexture","snow owns geometry and optional blur surfaces","particle CPU writes; effect submission","True","False","False","A","CPU particle vertices in Diligent; disabled Legacy blur is B"
"src/GameLib/SnowEnvironment.h","41","CSnowEnvironment","LPDIRECT3DSURFACE9 m_lpAccumDepthSurface;","LPDIRECT3DSURFACE9","__CreateGeometry/__CreateBlurTexture","snow owns geometry and optional blur surfaces","particle CPU writes; effect submission","True","False","False","A","CPU particle vertices in Diligent; disabled Legacy blur is B"
"src/GameLib/SnowEnvironment.h","43","CSnowEnvironment","LPDIRECT3DVERTEXBUFFER9 m_pVB;","LPDIRECT3DVERTEXBUFFER9","__CreateGeometry/__CreateBlurTexture","snow owns geometry and optional blur surfaces","particle CPU writes; effect submission","True","False","False","A","CPU particle vertices in Diligent; disabled Legacy blur is B"
"src/GameLib/SnowEnvironment.h","44","CSnowEnvironment","LPDIRECT3DINDEXBUFFER9 m_pIB;","LPDIRECT3DINDEXBUFFER9","__CreateGeometry/__CreateBlurTexture","snow owns geometry and optional blur surfaces","particle CPU writes; effect submission","True","False","False","A","CPU particle vertices in Diligent; disabled Legacy blur is B"
"src/GameLib/StaticObjectBridge.cpp","313","StaticObjectBridge","auto* texture=material.GetD3DTexture(0);","wrapper/native creation or getter (see statement)","Capture material format","material owns image; renderer owns GPU","static object format validation","True","False","False","A","neutral asset metadata instead of GetLevelDesc"
"src/GameLib/WeaponTrace.cpp","296","CWeaponTrace","LPDIRECT3DTEXTURE9 lpTexture=NULL;","LPDIRECT3DTEXTURE9","image wrapper","image ref","weapon-trace effect submission","True","False","False","A","neutral texture binding; original CPU ribbon source"
"src/GameLib/WeaponTrace.cpp","371","CWeaponTrace","//m_lpTexture = pTexture->GetD3DTexture();","wrapper/native creation or getter (see statement)","image wrapper","image ref","weapon-trace effect submission","True","False","False","A","neutral texture binding; original CPU ribbon source"
"src/PRTerrainLib/Terrain.h","92","CTerrain/CTerrainImpl/STerrainTexture/TTerrainSplat","LPDIRECT3DTEXTURE9		GetShadowTexture()						{ return m_lpShadowTexture; }","LPDIRECT3DTEXTURE9","AddTexture32/AllocateMarkedSplats/LoadMiniMap","terrain owns alpha and marked COM; images own maps","terrain layers/minimap/guild projection","True","False","False","A","CPU alpha generation and image metadata; native splat POD retained for Legacy"
"src/PRTerrainLib/Terrain.h","109","CTerrain/CTerrainImpl/STerrainTexture/TTerrainSplat","LPDIRECT3DTEXTURE9		m_lpAlphaTexture[MAXTERRAINTEXTURES];","LPDIRECT3DTEXTURE9","AddTexture32/AllocateMarkedSplats/LoadMiniMap","terrain owns alpha and marked COM; images own maps","terrain layers/minimap/guild projection","True","False","False","A","CPU alpha generation and image metadata; native splat POD retained for Legacy"
"src/PRTerrainLib/Terrain.h","137","CTerrain/CTerrainImpl/STerrainTexture/TTerrainSplat","LPDIRECT3DTEXTURE9		m_lpShadowTexture;","LPDIRECT3DTEXTURE9","AddTexture32/AllocateMarkedSplats/LoadMiniMap","terrain owns alpha and marked COM; images own maps","terrain layers/minimap/guild projection","True","False","False","A","CPU alpha generation and image metadata; native splat POD retained for Legacy"
"src/PRTerrainLib/TerrainType.h","16","CTerrain/CTerrainImpl/STerrainTexture/TTerrainSplat","LPDIRECT3DTEXTURE9		pd3dTexture;","LPDIRECT3DTEXTURE9","AddTexture32/AllocateMarkedSplats/LoadMiniMap","terrain owns alpha and marked COM; images own maps","terrain layers/minimap/guild projection","True","False","False","A","CPU alpha generation and image metadata; native splat POD retained for Legacy"
"src/PRTerrainLib/TextureSet.cpp","182","CTerrain/CTerrainImpl/STerrainTexture/TTerrainSplat","tex.pd3dTexture = tex.ImageInstance.GetTexturePointer()->GetD3DTexture();","wrapper/native creation or getter (see statement)","AddTexture32/AllocateMarkedSplats/LoadMiniMap","terrain owns alpha and marked COM; images own maps","terrain layers/minimap/guild projection","True","False","False","A","CPU alpha generation and image metadata; native splat POD retained for Legacy"
"src/PRTerrainLib/TextureSet.cpp","198","CTerrain/CTerrainImpl/STerrainTexture/TTerrainSplat","tex.pd3dTexture = tex.ImageInstance.GetTexturePointer()->GetD3DTexture();","wrapper/native creation or getter (see statement)","AddTexture32/AllocateMarkedSplats/LoadMiniMap","terrain owns alpha and marked COM; images own maps","terrain layers/minimap/guild projection","True","False","False","A","CPU alpha generation and image metadata; native splat POD retained for Legacy"
"src/PRTerrainLib/TextureSet.h","24","CTerrain/CTerrainImpl/STerrainTexture/TTerrainSplat","LPDIRECT3DTEXTURE9			pd3dTexture;","LPDIRECT3DTEXTURE9","AddTexture32/AllocateMarkedSplats/LoadMiniMap","terrain owns alpha and marked COM; images own maps","terrain layers/minimap/guild projection","True","False","False","A","CPU alpha generation and image metadata; native splat POD retained for Legacy"
"src/SpeedTreeLib/SpeedGrassWrapper.cpp","197","CSpeedGrassWrapper","m_lpD3DTexure8 = m_GrassImageInstance.GetTexturePointer()->GetD3DTexture();","wrapper/native creation or getter (see statement)","USE_SPEEDGRASS conditional code","borrowed image texture","not enabled in supported builds","False","False","False","E","retain inactive conditional header path"
"src/SpeedTreeLib/SpeedGrassWrapper.h","56","CSpeedGrassWrapper","LPDIRECT3DTEXTURE9				m_lpD3DTexure8;","LPDIRECT3DTEXTURE9","USE_SPEEDGRASS conditional code","borrowed image texture","not enabled in supported builds","False","False","False","E","retain inactive conditional header path"
"src/SpeedTreeLib/SpeedTreeForestDirectX.h","63","CSpeedTreeWrapper/CSpeedTreeForestDirectX","LPDIRECT3DVERTEXDECLARATION9 m_dwBranchVertexShader;			// branch/frond vertex shaders","LPDIRECT3DVERTEXDECLARATION9","SetupBuffers/InitVertexShaders","base tree owns COM; instances borrow; forest owns shaders","tree LOD setup and draw; CPU SpeedTree geometry capture","True","False","False","A","no native allocation in Diligent; keep CPU LOD/strip data and bindings"
"src/SpeedTreeLib/SpeedTreeForestDirectX.h","65","CSpeedTreeWrapper/CSpeedTreeForestDirectX","LPDIRECT3DVERTEXDECLARATION9	m_pLeafVertexShaderDecl;			// leaf vertex shader declaration","LPDIRECT3DVERTEXDECLARATION9","SetupBuffers/InitVertexShaders","base tree owns COM; instances borrow; forest owns shaders","tree LOD setup and draw; CPU SpeedTree geometry capture","True","False","False","A","no native allocation in Diligent; keep CPU LOD/strip data and bindings"
"src/SpeedTreeLib/SpeedTreeForestDirectX.h","66","CSpeedTreeWrapper/CSpeedTreeForestDirectX","LPDIRECT3DVERTEXSHADER9			m_pLeafVertexShader;				// leaf vertex shader","LPDIRECT3DVERTEXSHADER9","SetupBuffers/InitVertexShaders","base tree owns COM; instances borrow; forest owns shaders","tree LOD setup and draw; CPU SpeedTree geometry capture","True","False","False","A","no native allocation in Diligent; keep CPU LOD/strip data and bindings"
"src/SpeedTreeLib/SpeedTreeWrapper.cpp","57","CSpeedTreeWrapper/CSpeedTreeForestDirectX","LPDIRECT3DVERTEXDECLARATION9 CSpeedTreeWrapper::ms_dwBranchVertexShader = nullptr;","LPDIRECT3DVERTEXDECLARATION9","SetupBuffers/InitVertexShaders","base tree owns COM; instances borrow; forest owns shaders","tree LOD setup and draw; CPU SpeedTree geometry capture","True","False","False","A","no native allocation in Diligent; keep CPU LOD/strip data and bindings"
"src/SpeedTreeLib/SpeedTreeWrapper.cpp","58","CSpeedTreeWrapper/CSpeedTreeForestDirectX","LPDIRECT3DVERTEXDECLARATION9 CSpeedTreeWrapper::ms_pLeafVertexShaderDecl = nullptr;","LPDIRECT3DVERTEXDECLARATION9","SetupBuffers/InitVertexShaders","base tree owns COM; instances borrow; forest owns shaders","tree LOD setup and draw; CPU SpeedTree geometry capture","True","False","False","A","no native allocation in Diligent; keep CPU LOD/strip data and bindings"
"src/SpeedTreeLib/SpeedTreeWrapper.cpp","59","CSpeedTreeWrapper/CSpeedTreeForestDirectX","LPDIRECT3DVERTEXSHADER9 CSpeedTreeWrapper::ms_pLeafVertexShader = nullptr;","LPDIRECT3DVERTEXSHADER9","SetupBuffers/InitVertexShaders","base tree owns COM; instances borrow; forest owns shaders","tree LOD setup and draw; CPU SpeedTree geometry capture","True","False","False","A","no native allocation in Diligent; keep CPU LOD/strip data and bindings"
"src/SpeedTreeLib/SpeedTreeWrapper.cpp","87","CSpeedTreeWrapper/CSpeedTreeForestDirectX","void CSpeedTreeWrapper::SetVertexShaders(LPDIRECT3DVERTEXDECLARATION9 pBranchVertexShader, LPDIRECT3DVERTEXDECLARATION9 pLeafVertexShader, LPDIRECT3DVERTEXSHADER9 pVertexShader)","LPDIRECT3DVERTEXDECLARATION9; LPDIRECT3DVERTEXSHADER9","SetupBuffers/InitVertexShaders","base tree owns COM; instances borrow; forest owns shaders","tree LOD setup and draw; CPU SpeedTree geometry capture","True","False","False","A","no native allocation in Diligent; keep CPU LOD/strip data and bindings"
"src/SpeedTreeLib/SpeedTreeWrapper.cpp","520","CSpeedTreeWrapper/CSpeedTreeForestDirectX","M2_NATIVE_RESOURCE(VertexBuffer, ms_lpd3dDevice->CreateVertexBuffer(m_unBranchVertexCount * sizeof(SFVFBranchVertex), D3DUSAGE_WRITEONLY, D3DFVF_SPEEDTREE_BRANCH_VERTEX, D3DPOOL_DEFAULT, &m_pBranchVertexBuffer, NULL));","wrapper/native creation or getter (see statement)","SetupBuffers/InitVertexShaders","base tree owns COM; instances borrow; forest owns shaders","tree LOD setup and draw; CPU SpeedTree geometry capture","True","False","False","A","no native allocation in Diligent; keep CPU LOD/strip data and bindings"
"src/SpeedTreeLib/SpeedTreeWrapper.cpp","524","CSpeedTreeWrapper/CSpeedTreeForestDirectX","M2_NATIVE_RESOURCE(VertexBuffer, ms_lpd3dDevice->CreateVertexBuffer(m_unBranchVertexCount * sizeof(SFVFBranchVertex), D3DUSAGE_DYNAMIC, D3DFVF_SPEEDTREE_BRANCH_VERTEX, D3DPOOL_DEFAULT, &m_pBranchVertexBuffer, NULL));","wrapper/native creation or getter (see statement)","SetupBuffers/InitVertexShaders","base tree owns COM; instances borrow; forest owns shaders","tree LOD setup and draw; CPU SpeedTree geometry capture","True","False","False","A","no native allocation in Diligent; keep CPU LOD/strip data and bindings"
"src/SpeedTreeLib/SpeedTreeWrapper.cpp","601","CSpeedTreeWrapper/CSpeedTreeForestDirectX","M2_NATIVE_RESOURCE(IndexBuffer, ms_lpd3dDevice->CreateIndexBuffer(totalIndexCount * sizeof(uint16_t), D3DUSAGE_WRITEONLY, D3DFMT_INDEX16, D3DPOOL_DEFAULT, &m_pBranchIndexBuffer, NULL));","wrapper/native creation or getter (see statement)","SetupBuffers/InitVertexShaders","base tree owns COM; instances borrow; forest owns shaders","tree LOD setup and draw; CPU SpeedTree geometry capture","True","False","False","A","no native allocation in Diligent; keep CPU LOD/strip data and bindings"
"src/SpeedTreeLib/SpeedTreeWrapper.cpp","635","CSpeedTreeWrapper/CSpeedTreeForestDirectX","M2_NATIVE_RESOURCE(VertexBuffer, ms_lpd3dDevice->CreateVertexBuffer(m_unFrondVertexCount * sizeof(SFVFBranchVertex), D3DUSAGE_WRITEONLY, D3DFVF_SPEEDTREE_BRANCH_VERTEX, D3DPOOL_DEFAULT, &m_pFrondVertexBuffer, NULL));","wrapper/native creation or getter (see statement)","SetupBuffers/InitVertexShaders","base tree owns COM; instances borrow; forest owns shaders","tree LOD setup and draw; CPU SpeedTree geometry capture","True","False","False","A","no native allocation in Diligent; keep CPU LOD/strip data and bindings"
"src/SpeedTreeLib/SpeedTreeWrapper.cpp","639","CSpeedTreeWrapper/CSpeedTreeForestDirectX","M2_NATIVE_RESOURCE(VertexBuffer, ms_lpd3dDevice->CreateVertexBuffer(m_unFrondVertexCount * sizeof(SFVFBranchVertex), D3DUSAGE_DYNAMIC, D3DFVF_SPEEDTREE_BRANCH_VERTEX, D3DPOOL_DEFAULT, &m_pFrondVertexBuffer, NULL));","wrapper/native creation or getter (see statement)","SetupBuffers/InitVertexShaders","base tree owns COM; instances borrow; forest owns shaders","tree LOD setup and draw; CPU SpeedTree geometry capture","True","False","False","A","no native allocation in Diligent; keep CPU LOD/strip data and bindings"
"src/SpeedTreeLib/SpeedTreeWrapper.cpp","714","CSpeedTreeWrapper/CSpeedTreeForestDirectX","M2_NATIVE_RESOURCE(IndexBuffer, ms_lpd3dDevice->CreateIndexBuffer(totalIndexCount * sizeof(uint16_t), D3DUSAGE_WRITEONLY, D3DFMT_INDEX16, D3DPOOL_DEFAULT, &m_pFrondIndexBuffer, NULL));","wrapper/native creation or getter (see statement)","SetupBuffers/InitVertexShaders","base tree owns COM; instances borrow; forest owns shaders","tree LOD setup and draw; CPU SpeedTree geometry capture","True","False","False","A","no native allocation in Diligent; keep CPU LOD/strip data and bindings"
"src/SpeedTreeLib/SpeedTreeWrapper.cpp","747","CSpeedTreeWrapper/CSpeedTreeForestDirectX","m_pLeafVertexBuffer = new LPDIRECT3DVERTEXBUFFER9[m_usNumLeafLods];","LPDIRECT3DVERTEXBUFFER9","SetupBuffers/InitVertexShaders","base tree owns COM; instances borrow; forest owns shaders","tree LOD setup and draw; CPU SpeedTree geometry capture","True","False","False","A","no native allocation in Diligent; keep CPU LOD/strip data and bindings"
"src/SpeedTreeLib/SpeedTreeWrapper.cpp","767","CSpeedTreeWrapper/CSpeedTreeForestDirectX","M2_NATIVE_RESOURCE(VertexBuffer, ms_lpd3dDevice->CreateVertexBuffer(usLeafCount * 6 * sizeof(SFVFLeafVertex), D3DUSAGE_WRITEONLY, D3DFVF_SPEEDTREE_LEAF_VERTEX, D3DPOOL_DEFAULT, &m_pLeafVertexBuffer[unLod], nullptr));","wrapper/native creation or getter (see statement)","SetupBuffers/InitVertexShaders","base tree owns COM; instances borrow; forest owns shaders","tree LOD setup and draw; CPU SpeedTree geometry capture","True","False","False","A","no native allocation in Diligent; keep CPU LOD/strip data and bindings"
"src/SpeedTreeLib/SpeedTreeWrapper.cpp","771","CSpeedTreeWrapper/CSpeedTreeForestDirectX","M2_NATIVE_RESOURCE(VertexBuffer, ms_lpd3dDevice->CreateVertexBuffer(usLeafCount * 6 * sizeof(SFVFLeafVertex), D3DUSAGE_DYNAMIC, D3DFVF_SPEEDTREE_LEAF_VERTEX, D3DPOOL_DEFAULT, &m_pLeafVertexBuffer[unLod], NULL));","wrapper/native creation or getter (see statement)","SetupBuffers/InitVertexShaders","base tree owns COM; instances borrow; forest owns shaders","tree LOD setup and draw; CPU SpeedTree geometry capture","True","False","False","A","no native allocation in Diligent; keep CPU LOD/strip data and bindings"
"src/SpeedTreeLib/SpeedTreeWrapper.h","108","CSpeedTreeWrapper/CSpeedTreeForestDirectX","static void					SetVertexShaders(LPDIRECT3DVERTEXDECLARATION9 pBranchVertexShader, LPDIRECT3DVERTEXDECLARATION9 pLeafVertexShader, LPDIRECT3DVERTEXSHADER9 pVertexShader);","LPDIRECT3DVERTEXDECLARATION9; LPDIRECT3DVERTEXSHADER9","SetupBuffers/InitVertexShaders","base tree owns COM; instances borrow; forest owns shaders","tree LOD setup and draw; CPU SpeedTree geometry capture","True","False","False","A","no native allocation in Diligent; keep CPU LOD/strip data and bindings"
"src/SpeedTreeLib/SpeedTreeWrapper.h","150","CSpeedTreeWrapper/CSpeedTreeForestDirectX","LPDIRECT3DTEXTURE9			GetBranchTexture(void) const;","LPDIRECT3DTEXTURE9","SetupBuffers/InitVertexShaders","base tree owns COM; instances borrow; forest owns shaders","tree LOD setup and draw; CPU SpeedTree geometry capture","True","False","False","A","no native allocation in Diligent; keep CPU LOD/strip data and bindings"
"src/SpeedTreeLib/SpeedTreeWrapper.h","177","CSpeedTreeWrapper/CSpeedTreeForestDirectX","LPDIRECT3DVERTEXBUFFER9			m_pBranchVertexBuffer;			// branch vertex buffer","LPDIRECT3DVERTEXBUFFER9","SetupBuffers/InitVertexShaders","base tree owns COM; instances borrow; forest owns shaders","tree LOD setup and draw; CPU SpeedTree geometry capture","True","False","False","A","no native allocation in Diligent; keep CPU LOD/strip data and bindings"
"src/SpeedTreeLib/SpeedTreeWrapper.h","179","CSpeedTreeWrapper/CSpeedTreeForestDirectX","LPDIRECT3DINDEXBUFFER9			m_pBranchIndexBuffer;			// branch index buffer","LPDIRECT3DINDEXBUFFER9","SetupBuffers/InitVertexShaders","base tree owns COM; instances borrow; forest owns shaders","tree LOD setup and draw; CPU SpeedTree geometry capture","True","False","False","A","no native allocation in Diligent; keep CPU LOD/strip data and bindings"
"src/SpeedTreeLib/SpeedTreeWrapper.h","184","CSpeedTreeWrapper/CSpeedTreeForestDirectX","LPDIRECT3DVERTEXBUFFER9			m_pFrondVertexBuffer;			// frond vertex buffer","LPDIRECT3DVERTEXBUFFER9","SetupBuffers/InitVertexShaders","base tree owns COM; instances borrow; forest owns shaders","tree LOD setup and draw; CPU SpeedTree geometry capture","True","False","False","A","no native allocation in Diligent; keep CPU LOD/strip data and bindings"
"src/SpeedTreeLib/SpeedTreeWrapper.h","186","CSpeedTreeWrapper/CSpeedTreeForestDirectX","LPDIRECT3DINDEXBUFFER9			m_pFrondIndexBuffer;			// frond index buffer","LPDIRECT3DINDEXBUFFER9","SetupBuffers/InitVertexShaders","base tree owns COM; instances borrow; forest owns shaders","tree LOD setup and draw; CPU SpeedTree geometry capture","True","False","False","A","no native allocation in Diligent; keep CPU LOD/strip data and bindings"
"src/SpeedTreeLib/SpeedTreeWrapper.h","192","CSpeedTreeWrapper/CSpeedTreeForestDirectX","LPDIRECT3DVERTEXBUFFER9*		m_pLeafVertexBuffer;			// leaf vertex buffer","LPDIRECT3DVERTEXBUFFER9","SetupBuffers/InitVertexShaders","base tree owns COM; instances borrow; forest owns shaders","tree LOD setup and draw; CPU SpeedTree geometry capture","True","False","False","A","no native allocation in Diligent; keep CPU LOD/strip data and bindings"
"src/SpeedTreeLib/SpeedTreeWrapper.h","209","CSpeedTreeWrapper/CSpeedTreeForestDirectX","static LPDIRECT3DVERTEXDECLARATION9 ms_dwBranchVertexShader;","LPDIRECT3DVERTEXDECLARATION9","SetupBuffers/InitVertexShaders","base tree owns COM; instances borrow; forest owns shaders","tree LOD setup and draw; CPU SpeedTree geometry capture","True","False","False","A","no native allocation in Diligent; keep CPU LOD/strip data and bindings"
"src/SpeedTreeLib/SpeedTreeWrapper.h","210","CSpeedTreeWrapper/CSpeedTreeForestDirectX","static LPDIRECT3DVERTEXDECLARATION9 ms_pLeafVertexShaderDecl;","LPDIRECT3DVERTEXDECLARATION9","SetupBuffers/InitVertexShaders","base tree owns COM; instances borrow; forest owns shaders","tree LOD setup and draw; CPU SpeedTree geometry capture","True","False","False","A","no native allocation in Diligent; keep CPU LOD/strip data and bindings"
"src/SpeedTreeLib/SpeedTreeWrapper.h","211","CSpeedTreeWrapper/CSpeedTreeForestDirectX","static LPDIRECT3DVERTEXSHADER9 ms_pLeafVertexShader;","LPDIRECT3DVERTEXSHADER9","SetupBuffers/InitVertexShaders","base tree owns COM; instances borrow; forest owns shaders","tree LOD setup and draw; CPU SpeedTree geometry capture","True","False","False","A","no native allocation in Diligent; keep CPU LOD/strip data and bindings"
"src/SpeedTreeLib/VertexShaders.h","131","CSpeedTreeWrapper/CSpeedTreeForestDirectX","static LPDIRECT3DVERTEXDECLARATION9 LoadBranchShader(LPDIRECT3DDEVICE9 pDx)","LPDIRECT3DVERTEXDECLARATION9","SetupBuffers/InitVertexShaders","base tree owns COM; instances borrow; forest owns shaders","tree LOD setup and draw; CPU SpeedTree geometry capture","True","False","False","A","no native allocation in Diligent; keep CPU LOD/strip data and bindings"
"src/SpeedTreeLib/VertexShaders.h","143","CSpeedTreeWrapper/CSpeedTreeForestDirectX","LPDIRECT3DVERTEXDECLARATION9 dwShader = NULL;","LPDIRECT3DVERTEXDECLARATION9","SetupBuffers/InitVertexShaders","base tree owns COM; instances borrow; forest owns shaders","tree LOD setup and draw; CPU SpeedTree geometry capture","True","False","False","A","no native allocation in Diligent; keep CPU LOD/strip data and bindings"
"src/SpeedTreeLib/VertexShaders.h","145","CSpeedTreeWrapper/CSpeedTreeForestDirectX","if (M2_NATIVE_RESOURCE(Declaration, pDx->CreateVertexDeclaration(pBranchShaderDecl, &dwShader)) != D3D_OK)","wrapper/native creation or getter (see statement)","SetupBuffers/InitVertexShaders","base tree owns COM; instances borrow; forest owns shaders","tree LOD setup and draw; CPU SpeedTree geometry capture","True","False","False","A","no native allocation in Diligent; keep CPU LOD/strip data and bindings"
"src/SpeedTreeLib/VertexShaders.h","261","CSpeedTreeWrapper/CSpeedTreeForestDirectX","static void LoadLeafShader(LPDIRECT3DDEVICE9 pDx, LPDIRECT3DVERTEXDECLARATION9& pVertexDecl, LPDIRECT3DVERTEXSHADER9& pVertexShader)","LPDIRECT3DVERTEXDECLARATION9; LPDIRECT3DVERTEXSHADER9","SetupBuffers/InitVertexShaders","base tree owns COM; instances borrow; forest owns shaders","tree LOD setup and draw; CPU SpeedTree geometry capture","True","False","False","A","no native allocation in Diligent; keep CPU LOD/strip data and bindings"
"src/SpeedTreeLib/VertexShaders.h","287","CSpeedTreeWrapper/CSpeedTreeForestDirectX","LPDIRECT3DVERTEXDECLARATION9 pNewVertexDecl = nullptr;","LPDIRECT3DVERTEXDECLARATION9","SetupBuffers/InitVertexShaders","base tree owns COM; instances borrow; forest owns shaders","tree LOD setup and draw; CPU SpeedTree geometry capture","True","False","False","A","no native allocation in Diligent; keep CPU LOD/strip data and bindings"
"src/SpeedTreeLib/VertexShaders.h","288","CSpeedTreeWrapper/CSpeedTreeForestDirectX","LPDIRECT3DVERTEXSHADER9 pNewVertexShader = nullptr;","LPDIRECT3DVERTEXSHADER9","SetupBuffers/InitVertexShaders","base tree owns COM; instances borrow; forest owns shaders","tree LOD setup and draw; CPU SpeedTree geometry capture","True","False","False","A","no native allocation in Diligent; keep CPU LOD/strip data and bindings"
"src/SpeedTreeLib/VertexShaders.h","293","CSpeedTreeWrapper/CSpeedTreeForestDirectX","const HRESULT hrCreateShader = M2_NATIVE_RESOURCE(VertexShader, pDx->CreateVertexShader((DWORD*)pCode->GetBufferPointer(), &pNewVertexShader));","wrapper/native creation or getter (see statement)","SetupBuffers/InitVertexShaders","base tree owns COM; instances borrow; forest owns shaders","tree LOD setup and draw; CPU SpeedTree geometry capture","True","False","False","A","no native allocation in Diligent; keep CPU LOD/strip data and bindings"
"src/SpeedTreeLib/VertexShaders.h","302","CSpeedTreeWrapper/CSpeedTreeForestDirectX","const HRESULT hrCreateDecl = M2_NATIVE_RESOURCE(Declaration, pDx->CreateVertexDeclaration(leafVertexDecl, &pNewVertexDecl));","wrapper/native creation or getter (see statement)","SetupBuffers/InitVertexShaders","base tree owns COM; instances borrow; forest owns shaders","tree LOD setup and draw; CPU SpeedTree geometry capture","True","False","False","A","no native allocation in Diligent; keep CPU LOD/strip data and bindings"
"src/UserInterface/PythonApplicationLogo.cpp","120","CPythonApplication logo helpers","LPDIRECT3DTEXTURE9 tex = m_pLogoTex->GetD3DTexture();","LPDIRECT3DTEXTURE9","OnLogoOpen/OnLogoUpdate","logo image wrapper","Python entrypoints are stubs","False","False","False","D","retain disconnected DirectShow path; no video migration"
"src/UserInterface/PythonApplicationLogo.cpp","165","CPythonApplication logo helpers","LPDIRECT3DTEXTURE9 tex = m_pLogoTex->GetD3DTexture();","LPDIRECT3DTEXTURE9","OnLogoOpen/OnLogoUpdate","logo image wrapper","Python entrypoints are stubs","False","False","False","D","retain disconnected DirectShow path; no video migration"
"src/UserInterface/PythonMiniMap.cpp","303","CPythonMiniMap","STATEMANAGER.SetStreamSource(0, m_VertexBuffer.GetD3DVertexBuffer(), 20);","wrapper/native creation or getter (see statement)","image cache and vertex/index wrappers","map images and minimap buffers","minimap/atlas draw loops","True","False","False","A","neutral texture presence and CPU buffers"
"src/UserInterface/PythonMiniMap.cpp","304","CPythonMiniMap","STATEMANAGER.SetIndices(m_IndexBuffer.GetD3DIndexBuffer(), 0);","wrapper/native creation or getter (see statement)","image cache and vertex/index wrappers","map images and minimap buffers","minimap/atlas draw loops","True","False","False","A","neutral texture presence and CPU buffers"
"src/UserInterface/PythonMiniMap.h","191","CPythonMiniMap","LPDIRECT3DTEXTURE9				m_lpMiniMapTexture[AROUND_AREA_NUM];","LPDIRECT3DTEXTURE9","image cache and vertex/index wrappers","map images and minimap buffers","minimap/atlas draw loops","True","False","False","A","neutral texture presence and CPU buffers"
"tests/Renderer/ActorMaterialGpuCases.h","4","Renderer test/probe","IDirect3DTexture9* sphere, const Renderer::TerrainTexturePtr& modernSphere)","IDirect3DTexture9","explicit test device setup","test-local RAII/COM","test assertions/parity","False","False","True","C","retain native reference renderer; add neutral production-resource tests"
"tests/Renderer/NativeStateViewTest.cpp","37","Renderer test/probe","Microsoft::WRL::ComPtr<IDirect3DTexture9> texture;","IDirect3DTexture9","explicit test device setup","test-local RAII/COM","test assertions/parity","False","False","True","C","retain native reference renderer; add neutral production-resource tests"
"tests/Renderer/NativeStateViewTest.cpp","38","Renderer test/probe","Check(SUCCEEDED(device->CreateTexture(4,4,1,0,D3DFMT_A8R8G8B8,D3DPOOL_DEFAULT,&texture,nullptr)),""texture owner"");","wrapper/native creation or getter (see statement)","explicit test device setup","test-local RAII/COM","test assertions/parity","False","False","True","C","retain native reference renderer; add neutral production-resource tests"
"tests/Renderer/NativeStateViewTest.cpp","58","Renderer test/probe","Microsoft::WRL::ComPtr<IDirect3DBaseTexture9> bound; view.GetTexture(0,&bound); Check(bound.Get()==identity,""retained texture snapshot"");","IDirect3DBaseTexture9","explicit test device setup","test-local RAII/COM","test assertions/parity","False","False","True","C","retain native reference renderer; add neutral production-resource tests"
"tests/Renderer/RendererSmokeTest.cpp","56","Renderer test/probe","ComPtr<IDirect3DSurface9> target;","IDirect3DSurface9","explicit test device setup","test-local RAII/COM","test assertions/parity","False","False","True","C","retain native reference renderer; add neutral production-resource tests"
"tests/Renderer/RendererSmokeTest.cpp","62","Renderer test/probe","ComPtr<IDirect3DSurface9> staging;","IDirect3DSurface9","explicit test device setup","test-local RAII/COM","test assertions/parity","False","False","True","C","retain native reference renderer; add neutral production-resource tests"
"tests/Renderer/RendererSmokeTest.cpp","63","Renderer test/probe","Check(SUCCEEDED(ms_lpd3dDevice->CreateOffscreenPlainSurface(width, height, desc.Format,","wrapper/native creation or getter (see statement)","explicit test device setup","test-local RAII/COM","test assertions/parity","False","False","True","C","retain native reference renderer; add neutral production-resource tests"
"tests/Renderer/RendererSmokeTest.cpp","97","Renderer test/probe","state.device->CreateTexture(desc, nullptr, &staging);","wrapper/native creation or getter (see statement)","explicit test device setup","test-local RAII/COM","test assertions/parity","False","False","True","C","retain native reference renderer; add neutral production-resource tests"
"tests/Renderer/ResourceSourceTest.cpp","116","Renderer test/probe","Check(texture.Create(8,4,D3DFMT_A8R8G8B8) && !texture.GetD3DTexture(),""dynamic CPU texture"");","wrapper/native creation or getter (see statement)","explicit test device setup","test-local RAII/COM","test assertions/parity","False","False","True","C","retain native reference renderer; add neutral production-resource tests"
"tests/Renderer/ResourceSourceTest.cpp","146","Renderer test/probe","Check(!vertices.GetD3DVertexBuffer() && !vertices.IsEmpty() && vertices.GetVertexStride()==20,""vertex metadata/presence"");","wrapper/native creation or getter (see statement)","explicit test device setup","test-local RAII/COM","test assertions/parity","False","False","True","C","retain native reference renderer; add neutral production-resource tests"
"tests/Renderer/ResourceSourceTest.cpp","153","Renderer test/probe","Check(vertices.CreateDeviceObjects() && !vertices.GetD3DVertexBuffer(),""vertex recreate remains CPU"");","wrapper/native creation or getter (see statement)","explicit test device setup","test-local RAII/COM","test assertions/parity","False","False","True","C","retain native reference renderer; add neutral production-resource tests"
"tests/Renderer/ResourceSourceTest.cpp","164","Renderer test/probe","Check(indices.Create(3,D3DFMT_INDEX16) && !indices.GetD3DIndexBuffer(),""CPU index creation"");","wrapper/native creation or getter (see statement)","explicit test device setup","test-local RAII/COM","test assertions/parity","False","False","True","C","retain native reference renderer; add neutral production-resource tests"
"tests/Renderer/ResourceSourceTest.cpp","170","Renderer test/probe","Check(indices.Create(1,&face) && !indices.GetD3DIndexBuffer(),""CPU face index creation"");","wrapper/native creation or getter (see statement)","explicit test device setup","test-local RAII/COM","test assertions/parity","False","False","True","C","retain native reference renderer; add neutral production-resource tests"
"tests/Renderer/StaticObjectGpuChecks.h","14","Renderer test/probe","Microsoft::WRL::ComPtr<IDirect3DSurface9> original,target;","IDirect3DSurface9","explicit test device setup","test-local RAII/COM","test assertions/parity","False","False","True","C","retain native reference renderer; add neutral production-resource tests"
"tests/Renderer/StaticObjectGpuChecks.h","19","Renderer test/probe","Check(SUCCEEDED(ms_lpd3dDevice->CreateRenderTarget(width,height,D3DFMT_A8R8G8B8,D3DMULTISAMPLE_NONE,0,FALSE,&target,nullptr)) &&","wrapper/native creation or getter (see statement)","explicit test device setup","test-local RAII/COM","test assertions/parity","False","False","True","C","retain native reference renderer; add neutral production-resource tests"
"tests/Renderer/TerrainGpuTest.cpp","44","Renderer test/probe","s.device->CreateTexture(desc, nullptr, &staging);","wrapper/native creation or getter (see statement)","explicit test device setup","test-local RAII/COM","test assertions/parity","False","False","True","C","retain native reference renderer; add neutral production-resource tests"
"tests/Renderer/TerrainGpuTest.cpp","66","Renderer test/probe","static Microsoft::WRL::ComPtr<IDirect3DTexture9> Texture(const std::vector<uint8_t>& dds)","IDirect3DTexture9","explicit test device setup","test-local RAII/COM","test assertions/parity","False","False","True","C","retain native reference renderer; add neutral production-resource tests"
"tests/Renderer/TerrainGpuTest.cpp","68","Renderer test/probe","Microsoft::WRL::ComPtr<IDirect3DTexture9> texture;","IDirect3DTexture9","explicit test device setup","test-local RAII/COM","test assertions/parity","False","False","True","C","retain native reference renderer; add neutral production-resource tests"
"tests/Renderer/TerrainGpuTest.cpp","84","Renderer test/probe","IDirect3DSurface9 *source = nullptr, *staging = nullptr;","IDirect3DSurface9","explicit test device setup","test-local RAII/COM","test assertions/parity","False","False","True","C","retain native reference renderer; add neutral production-resource tests"
"tests/Renderer/TerrainGpuTest.cpp","88","Renderer test/probe","Check(SUCCEEDED(ms_lpd3dDevice->CreateOffscreenPlainSurface(width, height, desc.Format, D3DPOOL_SYSTEMMEM, &staging, nullptr)), ""legacy staging"");","wrapper/native creation or getter (see statement)","explicit test device setup","test-local RAII/COM","test assertions/parity","False","False","True","C","retain native reference renderer; add neutral production-resource tests"
"tests/Renderer/TerrainSplatGpuChecks.h","64","Renderer test/probe","std::array<Microsoft::WRL::ComPtr<IDirect3DTexture9>,3> legacyColors;","IDirect3DTexture9","explicit test device setup","test-local RAII/COM","test assertions/parity","False","False","True","C","retain native reference renderer; add neutral production-resource tests"
"tests/Renderer/TextGpuChecks.h","120","Renderer test/probe","std::weak_ptr<TerrainTexture> old=atlas->GetTextTexture(atlas->GetD3DTexture());","wrapper/native creation or getter (see statement)","explicit test device setup","test-local RAII/COM","test assertions/parity","False","False","True","C","retain native reference renderer; add neutral production-resource tests"
"tests/Renderer/TreeGpuChecks.h","12","Renderer test/probe","Microsoft::WRL::ComPtr<IDirect3DVertexDeclaration9> leafDeclaration;","IDirect3DVertexDeclaration9","explicit test device setup","test-local RAII/COM","test assertions/parity","False","False","True","C","retain native reference renderer; add neutral production-resource tests"
"tests/Renderer/TreeGpuChecks.h","13","Renderer test/probe","Microsoft::WRL::ComPtr<IDirect3DVertexShader9> leafShader;","IDirect3DVertexShader9","explicit test device setup","test-local RAII/COM","test assertions/parity","False","False","True","C","retain native reference renderer; add neutral production-resource tests"
"tests/Renderer/TreeGpuChecks.h","14","Renderer test/probe","LPDIRECT3DVERTEXDECLARATION9 decl=nullptr; LPDIRECT3DVERTEXSHADER9 shader=nullptr;","LPDIRECT3DVERTEXDECLARATION9; LPDIRECT3DVERTEXSHADER9","explicit test device setup","test-local RAII/COM","test assertions/parity","False","False","True","C","retain native reference renderer; add neutral production-resource tests"
"tests/Renderer/TreeGpuChecks.h","37","Renderer test/probe","Microsoft::WRL::ComPtr<IDirect3DTexture9> nativeMask;","IDirect3DTexture9","explicit test device setup","test-local RAII/COM","test assertions/parity","False","False","True","C","retain native reference renderer; add neutral production-resource tests"
