"File","Line","ClassFunction","GrannyTypeOrSymbol","Purpose","Category","MigrationD1X","ReferenceKind","Source"
"android/README.md","4","file scope","Granny","Legacy model resource/instance API consumption or dependency declaration","J","D1-X state: private SDK adapter, explicit legacy reference entrypoint, compatibility wrapper or tooling; see main report exceptions","build/tool/documentation","assets, gameplay, audio, Python, Granny or SpeedTree dependency. The Android sources,"
"buildtool/PlatformTargetAudit.cmake","15","file scope","Granny","Build linkage, source-target ownership or platform boundary configuration","J","D1-X state: private SDK adapter, explicit legacy reference entrypoint, compatibility wrapper or tooling; see main report exceptions","build/tool/documentation","foreach(forbidden UserInterface M2Platform M2PlatformWindowsFeatures WindowsInput WebView Granny SpeedTree Python"
"CMakeLists.txt","80","file scope","BUILDING_GRANNY_STATIC;GRANNY_THREADED","Build linkage, source-target ownership or platform boundary configuration","J","D1-X state: private SDK adapter, explicit legacy reference entrypoint, compatibility wrapper or tooling; see main report exceptions","build/tool/documentation","USE_LOD DUNGEON_WORK BUILDING_GRANNY_STATIC GRANNY_THREADED Py_NO_ENABLE_SHARED"
"extern/library/Granny/CMakeLists.txt","1","file scope","Granny","Build linkage, source-target ownership or platform boundary configuration","J","D1-X state: private SDK adapter, explicit legacy reference entrypoint, compatibility wrapper or tooling; see main report exceptions","build/tool/documentation","add_library(Granny STATIC IMPORTED GLOBAL)"
"extern/library/Granny/CMakeLists.txt","3","file scope","Granny","Build linkage, source-target ownership or platform boundary configuration","J","D1-X state: private SDK adapter, explicit legacy reference entrypoint, compatibility wrapper or tooling; see main report exceptions","build/tool/documentation","set_target_properties(Granny PROPERTIES"
"extern/library/Granny/CMakeLists.txt","5","file scope","granny2","Build linkage, source-target ownership or platform boundary configuration","J","D1-X state: private SDK adapter, explicit legacy reference entrypoint, compatibility wrapper or tooling; see main report exceptions","build/tool/documentation","IMPORTED_LOCATION ""${CMAKE_CURRENT_LIST_DIR}/granny2_static.lib"""
"src/AssetRuntime/CMakeLists.txt","7","file scope","EterGrnLib;Granny;GrannyAssetProvider","Runtime/build boundary reference","J","D1-X state: private SDK adapter, explicit legacy reference entrypoint, compatibility wrapper or tooling; see main report exceptions","build/tool/documentation","add_library(AssetRuntimeGranny STATIC Granny/GrannyAssetProvider.cpp ../EterGrnLib/Deform.cpp)"
"src/AssetRuntime/CMakeLists.txt","8","file scope","Granny","Runtime/build boundary reference","J","D1-X state: private SDK adapter, explicit legacy reference entrypoint, compatibility wrapper or tooling; see main report exceptions","build/tool/documentation","target_link_libraries(AssetRuntimeGranny PUBLIC AssetRuntime PRIVATE Granny M2FirstPartyArchitectureChecks)"
"src/AssetRuntime/Granny/GrannyAssetProvider.cpp","1","file scope","GrannyAssetProvider","Private format adapter: native file, metadata, sessions, controls, bindings or CPU fallback","A","D1-X state: private SDK adapter, explicit legacy reference entrypoint, compatibility wrapper or tooling; see main report exceptions","include","#include ""GrannyAssetProvider.h"""
"src/AssetRuntime/Granny/GrannyAssetProvider.cpp","2","file scope","GrannyInterop","Private format adapter: native file, metadata, sessions, controls, bindings or CPU fallback","A","D1-X state: private SDK adapter, explicit legacy reference entrypoint, compatibility wrapper or tooling; see main report exceptions","include","#include ""GrannyInterop.h"""
"src/AssetRuntime/Granny/GrannyAssetProvider.cpp","3","file scope","EterGrnLib","Private format adapter: native file, metadata, sessions, controls, bindings or CPU fallback","G","D1-X state: private SDK adapter, explicit legacy reference entrypoint, compatibility wrapper or tooling; see main report exceptions","include","#include ""EterGrnLib/Deform.h"""
"src/AssetRuntime/Granny/GrannyAssetProvider.cpp","16","FileDeleter","granny_file;GrannyFreeFile","Private format adapter: native file, metadata, sessions, controls, bindings or CPU fallback","A","D1-X state: private SDK adapter, explicit legacy reference entrypoint, compatibility wrapper or tooling; see main report exceptions","SDK/adapter symbol","struct FileDeleter { void operator()(granny_file* file) const { if (file) GrannyFreeFile(file); } };"
"src/AssetRuntime/Granny/GrannyAssetProvider.cpp","17","FileDeleter","granny_file","Private format adapter: native file, metadata, sessions, controls, bindings or CPU fallback","A","D1-X state: private SDK adapter, explicit legacy reference entrypoint, compatibility wrapper or tooling; see main report exceptions","SDK/adapter symbol","using FileOwner = std::unique_ptr<granny_file, FileDeleter>;"
"src/AssetRuntime/Granny/GrannyAssetProvider.cpp","19","FileDeleter","granny_data_type_definition","Private format adapter: native file, metadata, sessions, controls, bindings or CPU fallback","B","D1-X state: private SDK adapter, explicit legacy reference entrypoint, compatibility wrapper or tooling; see main report exceptions","SDK/adapter symbol","granny_data_type_definition dualUVType[] = {"
"src/AssetRuntime/Granny/GrannyAssetProvider.cpp","20","FileDeleter","GrannyReal32Member;GrannyVertexPositionName","Private format adapter: native file, metadata, sessions, controls, bindings or CPU fallback","B","D1-X state: private SDK adapter, explicit legacy reference entrypoint, compatibility wrapper or tooling; see main report exceptions","SDK/adapter symbol","{GrannyReal32Member, GrannyVertexPositionName, nullptr, 3},"
"src/AssetRuntime/Granny/GrannyAssetProvider.cpp","21","FileDeleter","GrannyReal32Member;GrannyVertexNormalName","Private format adapter: native file, metadata, sessions, controls, bindings or CPU fallback","B","D1-X state: private SDK adapter, explicit legacy reference entrypoint, compatibility wrapper or tooling; see main report exceptions","SDK/adapter symbol","{GrannyReal32Member, GrannyVertexNormalName, nullptr, 3},"
"src/AssetRuntime/Granny/GrannyAssetProvider.cpp","22","FileDeleter","GrannyReal32Member;GrannyVertexTextureCoordinatesName","Private format adapter: native file, metadata, sessions, controls, bindings or CPU fallback","B;C","D1-X state: private SDK adapter, explicit legacy reference entrypoint, compatibility wrapper or tooling; see main report exceptions","SDK/adapter symbol","{GrannyReal32Member, GrannyVertexTextureCoordinatesName ""0"", nullptr, 2},"
"src/AssetRuntime/Granny/GrannyAssetProvider.cpp","23","FileDeleter","GrannyReal32Member;GrannyVertexTextureCoordinatesName","Private format adapter: native file, metadata, sessions, controls, bindings or CPU fallback","B;C","D1-X state: private SDK adapter, explicit legacy reference entrypoint, compatibility wrapper or tooling; see main report exceptions","SDK/adapter symbol","{GrannyReal32Member, GrannyVertexTextureCoordinatesName ""1"", nullptr, 2},"
"src/AssetRuntime/Granny/GrannyAssetProvider.cpp","24","FileDeleter","GrannyEndMember","Private format adapter: native file, metadata, sessions, controls, bindings or CPU fallback","A","D1-X state: private SDK adapter, explicit legacy reference entrypoint, compatibility wrapper or tooling; see main report exceptions","SDK/adapter symbol","{GrannyEndMember}"
"src/AssetRuntime/Granny/GrannyAssetProvider.cpp","26","FileDeleter","granny_data_type_definition","Private format adapter: native file, metadata, sessions, controls, bindings or CPU fallback","B","D1-X state: private SDK adapter, explicit legacy reference entrypoint, compatibility wrapper or tooling; see main report exceptions","SDK/adapter symbol","granny_data_type_definition* NativeLayout(VertexLayout layout)"
"src/AssetRuntime/Granny/GrannyAssetProvider.cpp","29","FileDeleter","GrannyPNT332VertexType","Private format adapter: native file, metadata, sessions, controls, bindings or CPU fallback","B","D1-X state: private SDK adapter, explicit legacy reference entrypoint, compatibility wrapper or tooling; see main report exceptions","SDK/adapter symbol","case VertexLayout::PositionNormalUV: return GrannyPNT332VertexType;"
"src/AssetRuntime/Granny/GrannyAssetProvider.cpp","31","FileDeleter","GrannyPWNT3432VertexType","Private format adapter: native file, metadata, sessions, controls, bindings or CPU fallback","B","D1-X state: private SDK adapter, explicit legacy reference entrypoint, compatibility wrapper or tooling; see main report exceptions","SDK/adapter symbol","case VertexLayout::WeightedPositionNormalUV: return GrannyPWNT3432VertexType;"
"src/AssetRuntime/Granny/GrannyAssetProvider.cpp","35","FileDeleter","granny_data_type_definition","Private format adapter: native file, metadata, sessions, controls, bindings or CPU fallback","B","D1-X state: private SDK adapter, explicit legacy reference entrypoint, compatibility wrapper or tooling; see main report exceptions","SDK/adapter symbol","VertexLayout DescribeLayout(const granny_data_type_definition* type)"
"src/AssetRuntime/Granny/GrannyAssetProvider.cpp","40","FileDeleter","GrannyDataTypesAreEqualWithNames","Private format adapter: native file, metadata, sessions, controls, bindings or CPU fallback","A","D1-X state: private SDK adapter, explicit legacy reference entrypoint, compatibility wrapper or tooling; see main report exceptions","SDK/adapter symbol","if (GrannyDataTypesAreEqualWithNames(type, NativeLayout(layout))) return layout;"
"src/AssetRuntime/Granny/GrannyAssetProvider.cpp","43","FileDeleter::DescribeVertexAttributes","granny_data_type_definition","Private format adapter: native file, metadata, sessions, controls, bindings or CPU fallback","B","D1-X state: private SDK adapter, explicit legacy reference entrypoint, compatibility wrapper or tooling; see main report exceptions","SDK/adapter symbol","std::uint32_t DescribeVertexAttributes(const granny_data_type_definition* type)"
"src/AssetRuntime/Granny/GrannyAssetProvider.cpp","47","FileDeleter::DescribeVertexAttributes","GrannyEndMember","Private format adapter: native file, metadata, sessions, controls, bindings or CPU fallback","A","D1-X state: private SDK adapter, explicit legacy reference entrypoint, compatibility wrapper or tooling; see main report exceptions","SDK/adapter symbol","for (const auto* member = type; member->Type != GrannyEndMember; ++member) {"
"src/AssetRuntime/Granny/GrannyAssetProvider.cpp","49","FileDeleter::DescribeVertexAttributes","GrannyVertexPositionName","Private format adapter: native file, metadata, sessions, controls, bindings or CPU fallback","B","D1-X state: private SDK adapter, explicit legacy reference entrypoint, compatibility wrapper or tooling; see main report exceptions","SDK/adapter symbol","if (std::strcmp(member->Name, GrannyVertexPositionName) == 0) attributes |= Position;"
"src/AssetRuntime/Granny/GrannyAssetProvider.cpp","50","FileDeleter::DescribeVertexAttributes","GrannyVertexNormalName","Private format adapter: native file, metadata, sessions, controls, bindings or CPU fallback","B","D1-X state: private SDK adapter, explicit legacy reference entrypoint, compatibility wrapper or tooling; see main report exceptions","SDK/adapter symbol","else if (std::strcmp(member->Name, GrannyVertexNormalName) == 0) attributes |= Normal;"
"src/AssetRuntime/Granny/GrannyAssetProvider.cpp","51","FileDeleter::DescribeVertexAttributes","GrannyVertexTextureCoordinatesName","Private format adapter: native file, metadata, sessions, controls, bindings or CPU fallback","B;C","D1-X state: private SDK adapter, explicit legacy reference entrypoint, compatibility wrapper or tooling; see main report exceptions","SDK/adapter symbol","else if (std::strcmp(member->Name, GrannyVertexTextureCoordinatesName ""0"") == 0) attributes |= UV0;"
"src/AssetRuntime/Granny/GrannyAssetProvider.cpp","52","FileDeleter::DescribeVertexAttributes","GrannyVertexTextureCoordinatesName","Private format adapter: native file, metadata, sessions, controls, bindings or CPU fallback","B;C","D1-X state: private SDK adapter, explicit legacy reference entrypoint, compatibility wrapper or tooling; see main report exceptions","SDK/adapter symbol","else if (std::strcmp(member->Name, GrannyVertexTextureCoordinatesName ""1"") == 0) attributes |= UV1;"
"src/AssetRuntime/Granny/GrannyAssetProvider.cpp","56","FileDeleter::DescribeVertexAttributes","granny_mesh","Private format adapter: native file, metadata, sessions, controls, bindings or CPU fallback","B","D1-X state: private SDK adapter, explicit legacy reference entrypoint, compatibility wrapper or tooling; see main report exceptions","SDK/adapter symbol","Bounds DescribeBounds(const granny_mesh& mesh)"
"src/AssetRuntime/Granny/GrannyAssetProvider.cpp","59","FileDeleter::DescribeVertexAttributes","GrannyGetMeshVertexType","Private format adapter: native file, metadata, sessions, controls, bindings or CPU fallback","B","D1-X state: private SDK adapter, explicit legacy reference entrypoint, compatibility wrapper or tooling; see main report exceptions","SDK/adapter symbol","const auto* type = GrannyGetMeshVertexType(&mesh);"
"src/AssetRuntime/Granny/GrannyAssetProvider.cpp","60","FileDeleter::DescribeVertexAttributes","GrannyGetMeshVertices","Private format adapter: native file, metadata, sessions, controls, bindings or CPU fallback","B","D1-X state: private SDK adapter, explicit legacy reference entrypoint, compatibility wrapper or tooling; see main report exceptions","SDK/adapter symbol","const auto* vertices = static_cast<const std::byte*>(GrannyGetMeshVertices(&mesh));"
"src/AssetRuntime/Granny/GrannyAssetProvider.cpp","61","FileDeleter::DescribeVertexAttributes","GrannyGetMeshVertexCount","Private format adapter: native file, metadata, sessions, controls, bindings or CPU fallback","B","D1-X state: private SDK adapter, explicit legacy reference entrypoint, compatibility wrapper or tooling; see main report exceptions","SDK/adapter symbol","const auto count = GrannyGetMeshVertexCount(&mesh);"
"src/AssetRuntime/Granny/GrannyAssetProvider.cpp","63","FileDeleter::DescribeVertexAttributes","GrannyGetTotalObjectSize","Private format adapter: native file, metadata, sessions, controls, bindings or CPU fallback","A","D1-X state: private SDK adapter, explicit legacy reference entrypoint, compatibility wrapper or tooling; see main report exceptions","SDK/adapter symbol","const int stride = GrannyGetTotalObjectSize(type);"
"src/AssetRuntime/Granny/GrannyAssetProvider.cpp","66","FileDeleter::DescribeVertexAttributes","GrannyEndMember","Private format adapter: native file, metadata, sessions, controls, bindings or CPU fallback","A","D1-X state: private SDK adapter, explicit legacy reference entrypoint, compatibility wrapper or tooling; see main report exceptions","SDK/adapter symbol","for (const auto* member = type; member->Type != GrannyEndMember; ++member) {"
"src/AssetRuntime/Granny/GrannyAssetProvider.cpp","67","FileDeleter::DescribeVertexAttributes","GrannyVertexPositionName","Private format adapter: native file, metadata, sessions, controls, bindings or CPU fallback","B","D1-X state: private SDK adapter, explicit legacy reference entrypoint, compatibility wrapper or tooling; see main report exceptions","SDK/adapter symbol","if (member->Name && std::strcmp(member->Name, GrannyVertexPositionName) == 0 &&"
"src/AssetRuntime/Granny/GrannyAssetProvider.cpp","68","FileDeleter::DescribeVertexAttributes","GrannyReal32Member","Private format adapter: native file, metadata, sessions, controls, bindings or CPU fallback","A","D1-X state: private SDK adapter, explicit legacy reference entrypoint, compatibility wrapper or tooling; see main report exceptions","SDK/adapter symbol","member->Type == GrannyReal32Member && member->ArrayWidth == 3) {"
"src/AssetRuntime/Granny/GrannyAssetProvider.cpp","72","FileDeleter::DescribeVertexAttributes","GrannyGetMemberTypeSize","Private format adapter: native file, metadata, sessions, controls, bindings or CPU fallback","A","D1-X state: private SDK adapter, explicit legacy reference entrypoint, compatibility wrapper or tooling; see main report exceptions","SDK/adapter symbol","const int size = GrannyGetMemberTypeSize(member);"
"src/AssetRuntime/Granny/GrannyAssetProvider.cpp","97","FileDeleter::BlendName","granny_material","Private format adapter: native file, metadata, sessions, controls, bindings or CPU fallback","C","D1-X state: private SDK adapter, explicit legacy reference entrypoint, compatibility wrapper or tooling; see main report exceptions","SDK/adapter symbol","MaterialAsset DescribeMaterial(const granny_material* material)"
"src/AssetRuntime/Granny/GrannyAssetProvider.cpp","103","FileDeleter::BlendName","GrannyDiffuseColorTexture;GrannyGetMaterialTextureByType","Private format adapter: native file, metadata, sessions, controls, bindings or CPU fallback","C","D1-X state: private SDK adapter, explicit legacy reference entrypoint, compatibility wrapper or tooling; see main report exceptions","SDK/adapter symbol","if (const auto* texture = GrannyGetMaterialTextureByType(material, GrannyDiffuseColorTexture))"
"src/AssetRuntime/Granny/GrannyAssetProvider.cpp","105","FileDeleter::BlendName","GrannyGetMaterialTextureByType;GrannyOpacityTexture","Private format adapter: native file, metadata, sessions, controls, bindings or CPU fallback","C","D1-X state: private SDK adapter, explicit legacy reference entrypoint, compatibility wrapper or tooling; see main report exceptions","SDK/adapter symbol","if (const auto* texture = GrannyGetMaterialTextureByType(material, GrannyOpacityTexture))"
"src/AssetRuntime/Granny/GrannyAssetProvider.cpp","107","FileDeleter::BlendName","granny_texture","Private format adapter: native file, metadata, sessions, controls, bindings or CPU fallback","C","D1-X state: private SDK adapter, explicit legacy reference entrypoint, compatibility wrapper or tooling; see main report exceptions","SDK/adapter symbol","granny_texture* diffuse = nullptr;"
"src/AssetRuntime/Granny/GrannyAssetProvider.cpp","108","FileDeleter::BlendName","granny_texture","Private format adapter: native file, metadata, sessions, controls, bindings or CPU fallback","C","D1-X state: private SDK adapter, explicit legacy reference entrypoint, compatibility wrapper or tooling; see main report exceptions","SDK/adapter symbol","granny_texture* opacity = nullptr;"
"src/AssetRuntime/Granny/GrannyAssetProvider.cpp","111","FileDeleter::BlendName","GrannyDiffuseColorTexture;GrannyGetMaterialTextureByType","Private format adapter: native file, metadata, sessions, controls, bindings or CPU fallback","C","D1-X state: private SDK adapter, explicit legacy reference entrypoint, compatibility wrapper or tooling; see main report exceptions","SDK/adapter symbol","diffuse = GrannyGetMaterialTextureByType(material->Maps[0].Material, GrannyDiffuseColorTexture);"
"src/AssetRuntime/Granny/GrannyAssetProvider.cpp","113","FileDeleter::BlendName","GrannyDiffuseColorTexture;GrannyGetMaterialTextureByType","Private format adapter: native file, metadata, sessions, controls, bindings or CPU fallback","C","D1-X state: private SDK adapter, explicit legacy reference entrypoint, compatibility wrapper or tooling; see main report exceptions","SDK/adapter symbol","opacity = GrannyGetMaterialTextureByType(material->Maps[1].Material, GrannyDiffuseColorTexture);"
"src/AssetRuntime/Granny/GrannyAssetProvider.cpp","115","FileDeleter::BlendName","GrannyDiffuseColorTexture;GrannyGetMaterialTextureByType","Private format adapter: native file, metadata, sessions, controls, bindings or CPU fallback","C","D1-X state: private SDK adapter, explicit legacy reference entrypoint, compatibility wrapper or tooling; see main report exceptions","SDK/adapter symbol","diffuse = GrannyGetMaterialTextureByType(material, GrannyDiffuseColorTexture);"
"src/AssetRuntime/Granny/GrannyAssetProvider.cpp","116","FileDeleter::BlendName","GrannyGetMaterialTextureByType;GrannyOpacityTexture","Private format adapter: native file, metadata, sessions, controls, bindings or CPU fallback","C","D1-X state: private SDK adapter, explicit legacy reference entrypoint, compatibility wrapper or tooling; see main report exceptions","SDK/adapter symbol","opacity = GrannyGetMaterialTextureByType(material, GrannyOpacityTexture);"
"src/AssetRuntime/Granny/GrannyAssetProvider.cpp","122","FileDeleter::BlendName","granny_int32","Private format adapter: native file, metadata, sessions, controls, bindings or CPU fallback","A","D1-X state: private SDK adapter, explicit legacy reference entrypoint, compatibility wrapper or tooling; see main report exceptions","SDK/adapter symbol","granny_int32 twoSided = 0;"
"src/AssetRuntime/Granny/GrannyAssetProvider.cpp","123","FileDeleter::BlendName","granny_data_type_definition;GrannyEndMember;GrannyInt32Member","Private format adapter: native file, metadata, sessions, controls, bindings or CPU fallback","B","D1-X state: private SDK adapter, explicit legacy reference entrypoint, compatibility wrapper or tooling; see main report exceptions","SDK/adapter symbol","granny_data_type_definition fieldType[] = {{GrannyInt32Member, ""Two-sided""}, {GrannyEndMember}};"
"src/AssetRuntime/Granny/GrannyAssetProvider.cpp","124","FileDeleter::BlendName","granny_variant","Private format adapter: native file, metadata, sessions, controls, bindings or CPU fallback","A","D1-X state: private SDK adapter, explicit legacy reference entrypoint, compatibility wrapper or tooling; see main report exceptions","SDK/adapter symbol","granny_variant field{};"
"src/AssetRuntime/Granny/GrannyAssetProvider.cpp","126","FileDeleter::BlendName","GrannyFindMatchingMember","Private format adapter: native file, metadata, sessions, controls, bindings or CPU fallback","C","D1-X state: private SDK adapter, explicit legacy reference entrypoint, compatibility wrapper or tooling; see main report exceptions","SDK/adapter symbol","GrannyFindMatchingMember(material->ExtendedData.Type, material->ExtendedData.Object, ""Two-sided"", &field) && field.Type)"
"src/AssetRuntime/Granny/GrannyAssetProvider.cpp","127","FileDeleter::BlendName","GrannyConvertSingleObject","Private format adapter: native file, metadata, sessions, controls, bindings or CPU fallback","A","D1-X state: private SDK adapter, explicit legacy reference entrypoint, compatibility wrapper or tooling; see main report exceptions","SDK/adapter symbol","GrannyConvertSingleObject(field.Type, field.Object, fieldType, &twoSided, nullptr);"
"src/AssetRuntime/Granny/GrannyAssetProvider.cpp","131","FileDeleter::BlendName","granny_skeleton","Private format adapter: native file, metadata, sessions, controls, bindings or CPU fallback","D","D1-X state: private SDK adapter, explicit legacy reference entrypoint, compatibility wrapper or tooling; see main report exceptions","SDK/adapter symbol","SkeletonAsset DescribeSkeleton(const granny_skeleton& skeleton)"
"src/AssetRuntime/Granny/GrannyAssetProvider.cpp","151","std::memcpy","granny_animation","Private format adapter: native file, metadata, sessions, controls, bindings or CPU fallback","E","D1-X state: private SDK adapter, explicit legacy reference entrypoint, compatibility wrapper or tooling; see main report exceptions","SDK/adapter symbol","AnimationAsset DescribeAnimation(const granny_animation& animation)"
"src/AssetRuntime/Granny/GrannyAssetProvider.cpp","164","GrannyDocument","GrannyDocument","Private format adapter: native file, metadata, sessions, controls, bindings or CPU fallback","A","D1-X state: private SDK adapter, explicit legacy reference entrypoint, compatibility wrapper or tooling; see main report exceptions","SDK/adapter symbol","class GrannyDocument final : public AssetDocument"
"src/AssetRuntime/Granny/GrannyAssetProvider.cpp","167","GrannyDocument","granny_file_info;GrannyDocument","Private format adapter: native file, metadata, sessions, controls, bindings or CPU fallback","A","D1-X state: private SDK adapter, explicit legacy reference entrypoint, compatibility wrapper or tooling; see main report exceptions","SDK/adapter symbol","GrannyDocument(AssetId id, FileOwner file, granny_file_info* info)"
"src/AssetRuntime/Granny/GrannyAssetProvider.cpp","169","GrannyDocument","granny_model","Private format adapter: native file, metadata, sessions, controls, bindings or CPU fallback","B","D1-X state: private SDK adapter, explicit legacy reference entrypoint, compatibility wrapper or tooling; see main report exceptions","SDK/adapter symbol","granny_model* Model(std::size_t index) const"
"src/AssetRuntime/Granny/GrannyAssetProvider.cpp","173","GrannyDocument","granny_animation","Private format adapter: native file, metadata, sessions, controls, bindings or CPU fallback","B;E","D1-X state: private SDK adapter, explicit legacy reference entrypoint, compatibility wrapper or tooling; see main report exceptions","SDK/adapter symbol","granny_animation* Animation(std::size_t index) const"
"src/AssetRuntime/Granny/GrannyAssetProvider.cpp","177","GrannyDocument","granny_mesh","Private format adapter: native file, metadata, sessions, controls, bindings or CPU fallback","B","D1-X state: private SDK adapter, explicit legacy reference entrypoint, compatibility wrapper or tooling; see main report exceptions","SDK/adapter symbol","granny_mesh* Mesh(std::size_t model, std::size_t mesh) const"
"src/AssetRuntime/Granny/GrannyAssetProvider.cpp","202","GrannyDocument::BuildMetadata","granny_material","Private format adapter: native file, metadata, sessions, controls, bindings or CPU fallback","C","D1-X state: private SDK adapter, explicit legacy reference entrypoint, compatibility wrapper or tooling; see main report exceptions","SDK/adapter symbol","std::vector<const granny_material*> materialPointers;"
"src/AssetRuntime/Granny/GrannyAssetProvider.cpp","210","GrannyDocument::BuildMetadata","GrannyGetMeshIndexCount;GrannyGetMeshVertexCount","Private format adapter: native file, metadata, sessions, controls, bindings or CPU fallback","B","D1-X state: private SDK adapter, explicit legacy reference entrypoint, compatibility wrapper or tooling; see main report exceptions","SDK/adapter symbol","const int vertexCount = GrannyGetMeshVertexCount(native), indexCount = GrannyGetMeshIndexCount(native);"
"src/AssetRuntime/Granny/GrannyAssetProvider.cpp","211","GrannyDocument::BuildMetadata","GrannyGetMeshVertexType","Private format adapter: native file, metadata, sessions, controls, bindings or CPU fallback","B","D1-X state: private SDK adapter, explicit legacy reference entrypoint, compatibility wrapper or tooling; see main report exceptions","SDK/adapter symbol","const auto* type = GrannyGetMeshVertexType(native);"
"src/AssetRuntime/Granny/GrannyAssetProvider.cpp","212","GrannyDocument::BuildMetadata","GrannyGetMeshVertices","Private format adapter: native file, metadata, sessions, controls, bindings or CPU fallback","B","D1-X state: private SDK adapter, explicit legacy reference entrypoint, compatibility wrapper or tooling; see main report exceptions","SDK/adapter symbol","if (vertexCount < 0 || indexCount < 0 || (vertexCount && (!type || !GrannyGetMeshVertices(native))) ||"
"src/AssetRuntime/Granny/GrannyAssetProvider.cpp","213","GrannyDocument::BuildMetadata","GrannyGetMeshIndices","Private format adapter: native file, metadata, sessions, controls, bindings or CPU fallback","B","D1-X state: private SDK adapter, explicit legacy reference entrypoint, compatibility wrapper or tooling; see main report exceptions","SDK/adapter symbol","(indexCount && !GrannyGetMeshIndices(native))) return false;"
"src/AssetRuntime/Granny/GrannyAssetProvider.cpp","218","GrannyDocument::BuildMetadata","GrannyGetMeshBytesPerIndex","Private format adapter: native file, metadata, sessions, controls, bindings or CPU fallback","B","D1-X state: private SDK adapter, explicit legacy reference entrypoint, compatibility wrapper or tooling; see main report exceptions","SDK/adapter symbol","const auto width = GrannyGetMeshBytesPerIndex(native);"
"src/AssetRuntime/Granny/GrannyAssetProvider.cpp","222","GrannyDocument::BuildMetadata","GrannyGetTotalObjectSize","Private format adapter: native file, metadata, sessions, controls, bindings or CPU fallback","A","D1-X state: private SDK adapter, explicit legacy reference entrypoint, compatibility wrapper or tooling; see main report exceptions","SDK/adapter symbol","mesh.sourceVertexStride = type ? static_cast<std::uint32_t>(GrannyGetTotalObjectSize(type)) : 0;"
"src/AssetRuntime/Granny/GrannyAssetProvider.cpp","223","GrannyDocument::BuildMetadata","GrannyMeshIsRigid","Private format adapter: native file, metadata, sessions, controls, bindings or CPU fallback","B","D1-X state: private SDK adapter, explicit legacy reference entrypoint, compatibility wrapper or tooling; see main report exceptions","SDK/adapter symbol","const bool isRigid = GrannyMeshIsRigid(native);"
"src/AssetRuntime/Granny/GrannyAssetProvider.cpp","238","GrannyDocument::BuildMetadata","GrannyGetMeshTriangleGroupCount","Private format adapter: native file, metadata, sessions, controls, bindings or CPU fallback","B","D1-X state: private SDK adapter, explicit legacy reference entrypoint, compatibility wrapper or tooling; see main report exceptions","SDK/adapter symbol","const int groups = GrannyGetMeshTriangleGroupCount(native);"
"src/AssetRuntime/Granny/GrannyAssetProvider.cpp","239","GrannyDocument::BuildMetadata","GrannyGetMeshTriangleGroups","Private format adapter: native file, metadata, sessions, controls, bindings or CPU fallback","B","D1-X state: private SDK adapter, explicit legacy reference entrypoint, compatibility wrapper or tooling; see main report exceptions","SDK/adapter symbol","const auto* groupData = GrannyGetMeshTriangleGroups(native);"
"src/AssetRuntime/Granny/GrannyAssetProvider.cpp","261","std::memcpy","GrannyNewMeshBinding","Private format adapter: native file, metadata, sessions, controls, bindings or CPU fallback","B;D;G;H","D1-X state: private SDK adapter, explicit legacy reference entrypoint, compatibility wrapper or tooling; see main report exceptions","SDK/adapter symbol","auto* binding = GrannyNewMeshBinding(native, source->Skeleton, source->Skeleton);"
"src/AssetRuntime/Granny/GrannyAssetProvider.cpp","262","std::memcpy","GrannyGetMeshBindingToBoneIndices","Private format adapter: native file, metadata, sessions, controls, bindings or CPU fallback","B;D;G;H","D1-X state: private SDK adapter, explicit legacy reference entrypoint, compatibility wrapper or tooling; see main report exceptions","SDK/adapter symbol","const auto* remap = binding ? GrannyGetMeshBindingToBoneIndices(binding) : nullptr;"
"src/AssetRuntime/Granny/GrannyAssetProvider.cpp","263","std::memcpy","GrannyGetMeshBindingBoneCount","Private format adapter: native file, metadata, sessions, controls, bindings or CPU fallback","B;D;G;H","D1-X state: private SDK adapter, explicit legacy reference entrypoint, compatibility wrapper or tooling; see main report exceptions","SDK/adapter symbol","if (remap && GrannyGetMeshBindingBoneCount(binding) == native->BoneBindingCount) {"
"src/AssetRuntime/Granny/GrannyAssetProvider.cpp","270","std::memcpy","GrannyFreeMeshBinding","Private format adapter: native file, metadata, sessions, controls, bindings or CPU fallback","B;G;H","D1-X state: private SDK adapter, explicit legacy reference entrypoint, compatibility wrapper or tooling; see main report exceptions","SDK/adapter symbol","if (binding) GrannyFreeMeshBinding(binding);"
"src/AssetRuntime/Granny/GrannyAssetProvider.cpp","294","std::memcpy","GrannyCopyMeshVertices","Private format adapter: native file, metadata, sessions, controls, bindings or CPU fallback","B","D1-X state: private SDK adapter, explicit legacy reference entrypoint, compatibility wrapper or tooling; see main report exceptions","SDK/adapter symbol","if (bytes) GrannyCopyMeshVertices(native, type, destination.data());"
"src/AssetRuntime/Granny/GrannyAssetProvider.cpp","306","std::memcpy","GrannyGetMeshBytesPerIndex","Private format adapter: native file, metadata, sessions, controls, bindings or CPU fallback","B","D1-X state: private SDK adapter, explicit legacy reference entrypoint, compatibility wrapper or tooling; see main report exceptions","SDK/adapter symbol","if (width == IndexWidth::UInt16 && GrannyGetMeshBytesPerIndex(native) == 4) {"
"src/AssetRuntime/Granny/GrannyAssetProvider.cpp","307","std::memcpy","GrannyGetMeshIndices","Private format adapter: native file, metadata, sessions, controls, bindings or CPU fallback","B","D1-X state: private SDK adapter, explicit legacy reference entrypoint, compatibility wrapper or tooling; see main report exceptions","SDK/adapter symbol","const auto* indices = static_cast<const std::int32_t*>(GrannyGetMeshIndices(native));"
"src/AssetRuntime/Granny/GrannyAssetProvider.cpp","311","std::memcpy","GrannyCopyMeshIndices","Private format adapter: native file, metadata, sessions, controls, bindings or CPU fallback","B","D1-X state: private SDK adapter, explicit legacy reference entrypoint, compatibility wrapper or tooling; see main report exceptions","SDK/adapter symbol","if (count) GrannyCopyMeshIndices(native, static_cast<int>(width), destination.data());"
"src/AssetRuntime/Granny/GrannyAssetProvider.cpp","317","GrannyDocument::ReleaseUploadData","GrannyFreeFileSection;GrannyStandardRigidVertexSection","Private format adapter: native file, metadata, sessions, controls, bindings or CPU fallback","A;B","D1-X state: private SDK adapter, explicit legacy reference entrypoint, compatibility wrapper or tooling; see main report exceptions","SDK/adapter symbol","GrannyFreeFileSection(file_.get(), GrannyStandardRigidVertexSection);"
"src/AssetRuntime/Granny/GrannyAssetProvider.cpp","318","GrannyDocument::ReleaseUploadData","GrannyFreeFileSection;GrannyStandardRigidIndexSection","Private format adapter: native file, metadata, sessions, controls, bindings or CPU fallback","A;B","D1-X state: private SDK adapter, explicit legacy reference entrypoint, compatibility wrapper or tooling; see main report exceptions","SDK/adapter symbol","GrannyFreeFileSection(file_.get(), GrannyStandardRigidIndexSection);"
"src/AssetRuntime/Granny/GrannyAssetProvider.cpp","319","GrannyDocument::ReleaseUploadData","GrannyFreeFileSection;GrannyStandardDeformableIndexSection","Private format adapter: native file, metadata, sessions, controls, bindings or CPU fallback","A;B;G","D1-X state: private SDK adapter, explicit legacy reference entrypoint, compatibility wrapper or tooling; see main report exceptions","SDK/adapter symbol","GrannyFreeFileSection(file_.get(), GrannyStandardDeformableIndexSection);"
"src/AssetRuntime/Granny/GrannyAssetProvider.cpp","320","GrannyDocument::ReleaseUploadData","GrannyFreeFileSection;GrannyStandardTextureSection","Private format adapter: native file, metadata, sessions, controls, bindings or CPU fallback","A;C","D1-X state: private SDK adapter, explicit legacy reference entrypoint, compatibility wrapper or tooling; see main report exceptions","SDK/adapter symbol","GrannyFreeFileSection(file_.get(), GrannyStandardTextureSection);"
"src/AssetRuntime/Granny/GrannyAssetProvider.cpp","327","GrannyDocument::CreateAnimationInstance","granny_file_info","Private format adapter: native file, metadata, sessions, controls, bindings or CPU fallback","A","D1-X state: private SDK adapter, explicit legacy reference entrypoint, compatibility wrapper or tooling; see main report exceptions","SDK/adapter symbol","granny_file_info* info_{};"
"src/AssetRuntime/Granny/GrannyAssetProvider.cpp","331","GrannyMeshBinding","GrannyMeshBinding","Private format adapter: native file, metadata, sessions, controls, bindings or CPU fallback","B;G;H","D1-X state: private SDK adapter, explicit legacy reference entrypoint, compatibility wrapper or tooling; see main report exceptions","SDK/adapter symbol","class GrannyMeshBinding final : public MeshBinding"
"src/AssetRuntime/Granny/GrannyAssetProvider.cpp","334","GrannyMeshBinding","granny_model;GrannyMeshBinding","Private format adapter: native file, metadata, sessions, controls, bindings or CPU fallback","B;G;H","D1-X state: private SDK adapter, explicit legacy reference entrypoint, compatibility wrapper or tooling; see main report exceptions","SDK/adapter symbol","GrannyMeshBinding(ModelHandle sourceOwner, ModelHandle destinationOwner, granny_model* source,"
"src/AssetRuntime/Granny/GrannyAssetProvider.cpp","335","GrannyMeshBinding","granny_skeleton","Private format adapter: native file, metadata, sessions, controls, bindings or CPU fallback","D","D1-X state: private SDK adapter, explicit legacy reference entrypoint, compatibility wrapper or tooling; see main report exceptions","SDK/adapter symbol","std::size_t mesh, granny_skeleton* destination)"
"src/AssetRuntime/Granny/GrannyAssetProvider.cpp","341","GrannyMeshBinding","GrannyNewMeshBinding","Private format adapter: native file, metadata, sessions, controls, bindings or CPU fallback","B;D;G;H","D1-X state: private SDK adapter, explicit legacy reference entrypoint, compatibility wrapper or tooling; see main report exceptions","SDK/adapter symbol","binding_ = GrannyNewMeshBinding(mesh_, source->Skeleton, destination);"
"src/AssetRuntime/Granny/GrannyAssetProvider.cpp","342","GrannyMeshBinding","GrannyMeshIsRigid","Private format adapter: native file, metadata, sessions, controls, bindings or CPU fallback","B","D1-X state: private SDK adapter, explicit legacy reference entrypoint, compatibility wrapper or tooling; see main report exceptions","SDK/adapter symbol","if (!GrannyMeshIsRigid(mesh_))"
"src/AssetRuntime/Granny/GrannyAssetProvider.cpp","343","GrannyMeshBinding","GrannyGetMeshVertexType;GrannyNewMeshDeformer;GrannyPNT332VertexType","Private format adapter: native file, metadata, sessions, controls, bindings or CPU fallback","B;G","D1-X state: private SDK adapter, explicit legacy reference entrypoint, compatibility wrapper or tooling; see main report exceptions","SDK/adapter symbol","deformer_ = GrannyNewMeshDeformer(GrannyGetMeshVertexType(mesh_), GrannyPNT332VertexType,"
"src/AssetRuntime/Granny/GrannyAssetProvider.cpp","344","GrannyMeshBinding","GrannyAllowUncopiedTail;GrannyDeformPositionNormal","Private format adapter: native file, metadata, sessions, controls, bindings or CPU fallback","G","D1-X state: private SDK adapter, explicit legacy reference entrypoint, compatibility wrapper or tooling; see main report exceptions","SDK/adapter symbol","GrannyDeformPositionNormal, GrannyAllowUncopiedTail);"
"src/AssetRuntime/Granny/GrannyAssetProvider.cpp","346","GrannyMeshBinding","GrannyMeshBinding","Private format adapter: native file, metadata, sessions, controls, bindings or CPU fallback","B;G;H","D1-X state: private SDK adapter, explicit legacy reference entrypoint, compatibility wrapper or tooling; see main report exceptions","SDK/adapter symbol","~GrannyMeshBinding() override"
"src/AssetRuntime/Granny/GrannyAssetProvider.cpp","348","GrannyMeshBinding","GrannyFreeMeshDeformer","Private format adapter: native file, metadata, sessions, controls, bindings or CPU fallback","B;G","D1-X state: private SDK adapter, explicit legacy reference entrypoint, compatibility wrapper or tooling; see main report exceptions","SDK/adapter symbol","if (deformer_) GrannyFreeMeshDeformer(deformer_);"
"src/AssetRuntime/Granny/GrannyAssetProvider.cpp","349","GrannyMeshBinding","GrannyFreeMeshBinding","Private format adapter: native file, metadata, sessions, controls, bindings or CPU fallback","B;G;H","D1-X state: private SDK adapter, explicit legacy reference entrypoint, compatibility wrapper or tooling; see main report exceptions","SDK/adapter symbol","if (binding_) GrannyFreeMeshBinding(binding_);"
"src/AssetRuntime/Granny/GrannyAssetProvider.cpp","355","GrannyMeshBinding::BoneIndices","GrannyGetMeshBindingBoneCount","Private format adapter: native file, metadata, sessions, controls, bindings or CPU fallback","B;D;G;H","D1-X state: private SDK adapter, explicit legacy reference entrypoint, compatibility wrapper or tooling; see main report exceptions","SDK/adapter symbol","const auto count = GrannyGetMeshBindingBoneCount(binding_);"
"src/AssetRuntime/Granny/GrannyAssetProvider.cpp","356","GrannyMeshBinding::BoneIndices","GrannyGetMeshBindingToBoneIndices","Private format adapter: native file, metadata, sessions, controls, bindings or CPU fallback","B;D;G;H","D1-X state: private SDK adapter, explicit legacy reference entrypoint, compatibility wrapper or tooling; see main report exceptions","SDK/adapter symbol","const auto* indices = GrannyGetMeshBindingToBoneIndices(binding_);"
"src/AssetRuntime/Granny/GrannyAssetProvider.cpp","362","GrannyMeshBinding::BoneIndices","GrannyGetMeshVertexCount","Private format adapter: native file, metadata, sessions, controls, bindings or CPU fallback","B","D1-X state: private SDK adapter, explicit legacy reference entrypoint, compatibility wrapper or tooling; see main report exceptions","SDK/adapter symbol","const auto count = GrannyGetMeshVertexCount(mesh_);"
"src/AssetRuntime/Granny/GrannyAssetProvider.cpp","363","GrannyMeshBinding::BoneIndices","GrannyGetMeshVertices","Private format adapter: native file, metadata, sessions, controls, bindings or CPU fallback","B","D1-X state: private SDK adapter, explicit legacy reference entrypoint, compatibility wrapper or tooling; see main report exceptions","SDK/adapter symbol","const auto* vertices = GrannyGetMeshVertices(mesh_);"
"src/AssetRuntime/Granny/GrannyAssetProvider.cpp","365","GrannyMeshBinding::BoneIndices","granny_pnt332_vertex","Private format adapter: native file, metadata, sessions, controls, bindings or CPU fallback","B","D1-X state: private SDK adapter, explicit legacy reference entrypoint, compatibility wrapper or tooling; see main report exceptions","SDK/adapter symbol","if (destination.size() < static_cast<std::size_t>(count) * sizeof(granny_pnt332_vertex)) return AssetError::BufferTooSmall;"
"src/AssetRuntime/Granny/GrannyAssetProvider.cpp","371","GrannyMeshBinding::BoneIndices","granny_matrix_4x4;granny_pnt332_vertex;granny_pwnt3432_vertex","Private format adapter: native file, metadata, sessions, controls, bindings or CPU fallback","B;G","D1-X state: private SDK adapter, explicit legacy reference entrypoint, compatibility wrapper or tooling; see main report exceptions","SDK/adapter symbol","reinterpret_cast<const granny_matrix_4x4*>(matrices.data()), sizeof(granny_pwnt3432_vertex), sizeof(granny_pnt332_vertex));"
"src/AssetRuntime/Granny/GrannyAssetProvider.cpp","373","GrannyMeshBinding::BoneIndices","GrannyDeformVertices","Private format adapter: native file, metadata, sessions, controls, bindings or CPU fallback","B;G","D1-X state: private SDK adapter, explicit legacy reference entrypoint, compatibility wrapper or tooling; see main report exceptions","SDK/adapter symbol","GrannyDeformVertices(deformer_, indices.data(), matrices.data(), count, vertices, destination.data());"
"src/AssetRuntime/Granny/GrannyAssetProvider.cpp","379","GrannyMeshBinding::BoneIndices","granny_mesh","Private format adapter: native file, metadata, sessions, controls, bindings or CPU fallback","B","D1-X state: private SDK adapter, explicit legacy reference entrypoint, compatibility wrapper or tooling; see main report exceptions","SDK/adapter symbol","const granny_mesh* mesh_{};"
"src/AssetRuntime/Granny/GrannyAssetProvider.cpp","380","GrannyMeshBinding::BoneIndices","granny_mesh_binding","Private format adapter: native file, metadata, sessions, controls, bindings or CPU fallback","B;G","D1-X state: private SDK adapter, explicit legacy reference entrypoint, compatibility wrapper or tooling; see main report exceptions","SDK/adapter symbol","granny_mesh_binding* binding_{};"
"src/AssetRuntime/Granny/GrannyAssetProvider.cpp","381","GrannyMeshBinding::BoneIndices","granny_mesh_deformer","Private format adapter: native file, metadata, sessions, controls, bindings or CPU fallback","B;G","D1-X state: private SDK adapter, explicit legacy reference entrypoint, compatibility wrapper or tooling; see main report exceptions","SDK/adapter symbol","granny_mesh_deformer* deformer_{};"
"src/AssetRuntime/Granny/GrannyAssetProvider.cpp","384","GrannyAnimationInstance","GrannyAnimationInstance","Private format adapter: native file, metadata, sessions, controls, bindings or CPU fallback","E","D1-X state: private SDK adapter, explicit legacy reference entrypoint, compatibility wrapper or tooling; see main report exceptions","SDK/adapter symbol","class GrannyAnimationInstance final : public AnimationInstance"
"src/AssetRuntime/Granny/GrannyAssetProvider.cpp","387","GrannyAnimationInstance","granny_model;GrannyAnimationInstance","Private format adapter: native file, metadata, sessions, controls, bindings or CPU fallback","E","D1-X state: private SDK adapter, explicit legacy reference entrypoint, compatibility wrapper or tooling; see main report exceptions","SDK/adapter symbol","explicit GrannyAnimationInstance(ModelHandle model, granny_model* legacy = nullptr) : owner_(std::move(model))"
"src/AssetRuntime/Granny/GrannyAssetProvider.cpp","389","GrannyAnimationInstance","GrannyInterop","Private format adapter: native file, metadata, sessions, controls, bindings or CPU fallback","A","D1-X state: private SDK adapter, explicit legacy reference entrypoint, compatibility wrapper or tooling; see main report exceptions","SDK/adapter symbol","const auto* native = legacy ? legacy : GrannyInterop::GetModel(owner_);"
"src/AssetRuntime/Granny/GrannyAssetProvider.cpp","392","GrannyAnimationInstance","GrannyInstantiateModel","Private format adapter: native file, metadata, sessions, controls, bindings or CPU fallback","A","D1-X state: private SDK adapter, explicit legacy reference entrypoint, compatibility wrapper or tooling; see main report exceptions","SDK/adapter symbol","model_ = GrannyInstantiateModel(native);"
"src/AssetRuntime/Granny/GrannyAssetProvider.cpp","394","GrannyAnimationInstance","GrannyAnimationInstance","Private format adapter: native file, metadata, sessions, controls, bindings or CPU fallback","E","D1-X state: private SDK adapter, explicit legacy reference entrypoint, compatibility wrapper or tooling; see main report exceptions","SDK/adapter symbol","~GrannyAnimationInstance() override"
"src/AssetRuntime/Granny/GrannyAssetProvider.cpp","397","GrannyAnimationInstance","GrannyFreeModelInstance","Private format adapter: native file, metadata, sessions, controls, bindings or CPU fallback","A","D1-X state: private SDK adapter, explicit legacy reference entrypoint, compatibility wrapper or tooling; see main report exceptions","SDK/adapter symbol","if (model_) GrannyFreeModelInstance(model_);"
"src/AssetRuntime/Granny/GrannyAssetProvider.cpp","398","GrannyAnimationInstance","GrannyFreeWorldPose","Private format adapter: native file, metadata, sessions, controls, bindings or CPU fallback","F","D1-X state: private SDK adapter, explicit legacy reference entrypoint, compatibility wrapper or tooling; see main report exceptions","SDK/adapter symbol","if (world_) GrannyFreeWorldPose(world_);"
"src/AssetRuntime/Granny/GrannyAssetProvider.cpp","402","GrannyAnimationInstance::PreparePose","granny_model_instance","Private format adapter: native file, metadata, sessions, controls, bindings or CPU fallback","A","D1-X state: private SDK adapter, explicit legacy reference entrypoint, compatibility wrapper or tooling; see main report exceptions","SDK/adapter symbol","granny_model_instance* NativeModel() const { return model_; }"
"src/AssetRuntime/Granny/GrannyAssetProvider.cpp","403","GrannyAnimationInstance::PreparePose","granny_world_pose","Private format adapter: native file, metadata, sessions, controls, bindings or CPU fallback","F","D1-X state: private SDK adapter, explicit legacy reference entrypoint, compatibility wrapper or tooling; see main report exceptions","SDK/adapter symbol","granny_world_pose* EnsurePose()"
"src/AssetRuntime/Granny/GrannyAssetProvider.cpp","405","GrannyAnimationInstance::PreparePose","GrannyNewWorldPose","Private format adapter: native file, metadata, sessions, controls, bindings or CPU fallback","D;F","D1-X state: private SDK adapter, explicit legacy reference entrypoint, compatibility wrapper or tooling; see main report exceptions","SDK/adapter symbol","if (!world_ && model_) world_ = GrannyNewWorldPose(boneCount_);"
"src/AssetRuntime/Granny/GrannyAssetProvider.cpp","415","GrannyAnimationInstance::PreparePose","GrannySetModelClock","Private format adapter: native file, metadata, sessions, controls, bindings or CPU fallback","A","D1-X state: private SDK adapter, explicit legacy reference entrypoint, compatibility wrapper or tooling; see main report exceptions","SDK/adapter symbol","GrannySetModelClock(model_, time);"
"src/AssetRuntime/Granny/GrannyAssetProvider.cpp","420","GrannyAnimationInstance::PreparePose","GrannyInterop","Private format adapter: native file, metadata, sessions, controls, bindings or CPU fallback","E","D1-X state: private SDK adapter, explicit legacy reference entrypoint, compatibility wrapper or tooling; see main report exceptions","SDK/adapter symbol","const auto* native = GrannyInterop::GetAnimation(clip);"
"src/AssetRuntime/Granny/GrannyAssetProvider.cpp","424","GrannyAnimationInstance::PreparePose","GrannySetControlEaseOutCurve","Private format adapter: native file, metadata, sessions, controls, bindings or CPU fallback","E","D1-X state: private SDK adapter, explicit legacy reference entrypoint, compatibility wrapper or tooling; see main report exceptions","SDK/adapter symbol","GrannySetControlEaseOutCurve(control_, localTime, localTime + blendTime, 1, 1, 0, 0);"
"src/AssetRuntime/Granny/GrannyAssetProvider.cpp","425","GrannyAnimationInstance::PreparePose","GrannySetControlEaseIn","Private format adapter: native file, metadata, sessions, controls, bindings or CPU fallback","E","D1-X state: private SDK adapter, explicit legacy reference entrypoint, compatibility wrapper or tooling; see main report exceptions","SDK/adapter symbol","GrannySetControlEaseIn(control_, false);"
"src/AssetRuntime/Granny/GrannyAssetProvider.cpp","426","GrannyAnimationInstance::PreparePose","GrannySetControlEaseOut","Private format adapter: native file, metadata, sessions, controls, bindings or CPU fallback","E","D1-X state: private SDK adapter, explicit legacy reference entrypoint, compatibility wrapper or tooling; see main report exceptions","SDK/adapter symbol","GrannySetControlEaseOut(control_, true);"
"src/AssetRuntime/Granny/GrannyAssetProvider.cpp","427","GrannyAnimationInstance::PreparePose","GrannyCompleteControlAt","Private format adapter: native file, metadata, sessions, controls, bindings or CPU fallback","E","D1-X state: private SDK adapter, explicit legacy reference entrypoint, compatibility wrapper or tooling; see main report exceptions","SDK/adapter symbol","GrannyCompleteControlAt(control_, localTime + blendTime);"
"src/AssetRuntime/Granny/GrannyAssetProvider.cpp","428","GrannyAnimationInstance::PreparePose","GrannyFreeControlIfComplete","Private format adapter: native file, metadata, sessions, controls, bindings or CPU fallback","E","D1-X state: private SDK adapter, explicit legacy reference entrypoint, compatibility wrapper or tooling; see main report exceptions","SDK/adapter symbol","GrannyFreeControlIfComplete(control_);"
"src/AssetRuntime/Granny/GrannyAssetProvider.cpp","431","GrannyAnimationInstance::PreparePose","GrannyPlayControlledAnimation","Private format adapter: native file, metadata, sessions, controls, bindings or CPU fallback","E","D1-X state: private SDK adapter, explicit legacy reference entrypoint, compatibility wrapper or tooling; see main report exceptions","SDK/adapter symbol","control_ = GrannyPlayControlledAnimation(localTime, native, model_);"
"src/AssetRuntime/Granny/GrannyAssetProvider.cpp","434","GrannyAnimationInstance::PreparePose","GrannySetControlSpeed","Private format adapter: native file, metadata, sessions, controls, bindings or CPU fallback","E","D1-X state: private SDK adapter, explicit legacy reference entrypoint, compatibility wrapper or tooling; see main report exceptions","SDK/adapter symbol","GrannySetControlSpeed(control_, speed);"
"src/AssetRuntime/Granny/GrannyAssetProvider.cpp","435","GrannyAnimationInstance::PreparePose","GrannySetControlLoopCount","Private format adapter: native file, metadata, sessions, controls, bindings or CPU fallback","E","D1-X state: private SDK adapter, explicit legacy reference entrypoint, compatibility wrapper or tooling; see main report exceptions","SDK/adapter symbol","GrannySetControlLoopCount(control_, loopCount);"
"src/AssetRuntime/Granny/GrannyAssetProvider.cpp","436","GrannyAnimationInstance::PreparePose","GrannySetControlEaseIn","Private format adapter: native file, metadata, sessions, controls, bindings or CPU fallback","E","D1-X state: private SDK adapter, explicit legacy reference entrypoint, compatibility wrapper or tooling; see main report exceptions","SDK/adapter symbol","GrannySetControlEaseIn(control_, !first);"
"src/AssetRuntime/Granny/GrannyAssetProvider.cpp","437","GrannyAnimationInstance::PreparePose","GrannySetControlEaseOut","Private format adapter: native file, metadata, sessions, controls, bindings or CPU fallback","E","D1-X state: private SDK adapter, explicit legacy reference entrypoint, compatibility wrapper or tooling; see main report exceptions","SDK/adapter symbol","GrannySetControlEaseOut(control_, false);"
"src/AssetRuntime/Granny/GrannyAssetProvider.cpp","439","GrannyAnimationInstance::PreparePose","GrannySetControlEaseInCurve","Private format adapter: native file, metadata, sessions, controls, bindings or CPU fallback","E","D1-X state: private SDK adapter, explicit legacy reference entrypoint, compatibility wrapper or tooling; see main report exceptions","SDK/adapter symbol","GrannySetControlEaseInCurve(control_, localTime, localTime + blendTime, 0, 0, 1, 1);"
"src/AssetRuntime/Granny/GrannyAssetProvider.cpp","440","GrannyAnimationInstance::PreparePose","GrannyFreeControlOnceUnused","Private format adapter: native file, metadata, sessions, controls, bindings or CPU fallback","E","D1-X state: private SDK adapter, explicit legacy reference entrypoint, compatibility wrapper or tooling; see main report exceptions","SDK/adapter symbol","GrannyFreeControlOnceUnused(control_);"
"src/AssetRuntime/Granny/GrannyAssetProvider.cpp","445","GrannyAnimationInstance::PreparePose","GrannyInterop","Private format adapter: native file, metadata, sessions, controls, bindings or CPU fallback","E","D1-X state: private SDK adapter, explicit legacy reference entrypoint, compatibility wrapper or tooling; see main report exceptions","SDK/adapter symbol","const auto* native = GrannyInterop::GetAnimation(clip);"
"src/AssetRuntime/Granny/GrannyAssetProvider.cpp","448","GrannyAnimationInstance::PreparePose","GrannySetControlEaseIn","Private format adapter: native file, metadata, sessions, controls, bindings or CPU fallback","E","D1-X state: private SDK adapter, explicit legacy reference entrypoint, compatibility wrapper or tooling; see main report exceptions","SDK/adapter symbol","GrannySetControlEaseIn(control_, false);"
"src/AssetRuntime/Granny/GrannyAssetProvider.cpp","449","GrannyAnimationInstance::PreparePose","GrannySetControlEaseOut","Private format adapter: native file, metadata, sessions, controls, bindings or CPU fallback","E","D1-X state: private SDK adapter, explicit legacy reference entrypoint, compatibility wrapper or tooling; see main report exceptions","SDK/adapter symbol","GrannySetControlEaseOut(control_, false);"
"src/AssetRuntime/Granny/GrannyAssetProvider.cpp","450","GrannyAnimationInstance::PreparePose","GrannyCompleteControlAt","Private format adapter: native file, metadata, sessions, controls, bindings or CPU fallback","E","D1-X state: private SDK adapter, explicit legacy reference entrypoint, compatibility wrapper or tooling; see main report exceptions","SDK/adapter symbol","GrannyCompleteControlAt(control_, localTime);"
"src/AssetRuntime/Granny/GrannyAssetProvider.cpp","451","GrannyAnimationInstance::PreparePose","GrannyFreeControlIfComplete","Private format adapter: native file, metadata, sessions, controls, bindings or CPU fallback","E","D1-X state: private SDK adapter, explicit legacy reference entrypoint, compatibility wrapper or tooling; see main report exceptions","SDK/adapter symbol","GrannyFreeControlIfComplete(control_);"
"src/AssetRuntime/Granny/GrannyAssetProvider.cpp","454","GrannyAnimationInstance::PreparePose","GrannyPlayControlledAnimation","Private format adapter: native file, metadata, sessions, controls, bindings or CPU fallback","E","D1-X state: private SDK adapter, explicit legacy reference entrypoint, compatibility wrapper or tooling; see main report exceptions","SDK/adapter symbol","control_ = GrannyPlayControlledAnimation(localTime, native, model_);"
"src/AssetRuntime/Granny/GrannyAssetProvider.cpp","457","GrannyAnimationInstance::PreparePose","GrannySetControlSpeed","Private format adapter: native file, metadata, sessions, controls, bindings or CPU fallback","E","D1-X state: private SDK adapter, explicit legacy reference entrypoint, compatibility wrapper or tooling; see main report exceptions","SDK/adapter symbol","GrannySetControlSpeed(control_, speed);"
"src/AssetRuntime/Granny/GrannyAssetProvider.cpp","458","GrannyAnimationInstance::PreparePose","GrannySetControlLoopCount","Private format adapter: native file, metadata, sessions, controls, bindings or CPU fallback","E","D1-X state: private SDK adapter, explicit legacy reference entrypoint, compatibility wrapper or tooling; see main report exceptions","SDK/adapter symbol","GrannySetControlLoopCount(control_, loopCount);"
"src/AssetRuntime/Granny/GrannyAssetProvider.cpp","459","GrannyAnimationInstance::PreparePose","GrannySetControlEaseIn","Private format adapter: native file, metadata, sessions, controls, bindings or CPU fallback","E","D1-X state: private SDK adapter, explicit legacy reference entrypoint, compatibility wrapper or tooling; see main report exceptions","SDK/adapter symbol","GrannySetControlEaseIn(control_, false);"
"src/AssetRuntime/Granny/GrannyAssetProvider.cpp","460","GrannyAnimationInstance::PreparePose","GrannySetControlEaseOut","Private format adapter: native file, metadata, sessions, controls, bindings or CPU fallback","E","D1-X state: private SDK adapter, explicit legacy reference entrypoint, compatibility wrapper or tooling; see main report exceptions","SDK/adapter symbol","GrannySetControlEaseOut(control_, false);"
"src/AssetRuntime/Granny/GrannyAssetProvider.cpp","461","GrannyAnimationInstance::PreparePose","GrannyFreeControlOnceUnused","Private format adapter: native file, metadata, sessions, controls, bindings or CPU fallback","E","D1-X state: private SDK adapter, explicit legacy reference entrypoint, compatibility wrapper or tooling; see main report exceptions","SDK/adapter symbol","GrannyFreeControlOnceUnused(control_);"
"src/AssetRuntime/Granny/GrannyAssetProvider.cpp","466","GrannyAnimationInstance::PreparePose","GrannyAnimationInstance","Private format adapter: native file, metadata, sessions, controls, bindings or CPU fallback","E","D1-X state: private SDK adapter, explicit legacy reference entrypoint, compatibility wrapper or tooling; see main report exceptions","SDK/adapter symbol","auto* other = dynamic_cast<GrannyAnimationInstance*>(&source);"
"src/AssetRuntime/Granny/GrannyAssetProvider.cpp","469","GrannyAnimationInstance::PreparePose","GrannyFreeControl","Private format adapter: native file, metadata, sessions, controls, bindings or CPU fallback","E","D1-X state: private SDK adapter, explicit legacy reference entrypoint, compatibility wrapper or tooling; see main report exceptions","SDK/adapter symbol","if (control_) GrannyFreeControl(control_);"
"src/AssetRuntime/Granny/GrannyAssetProvider.cpp","471","GrannyAnimationInstance::PreparePose","GrannyInterop;GrannyPlayControlledAnimation","Private format adapter: native file, metadata, sessions, controls, bindings or CPU fallback","E","D1-X state: private SDK adapter, explicit legacy reference entrypoint, compatibility wrapper or tooling; see main report exceptions","SDK/adapter symbol","control_ = GrannyPlayControlledAnimation(localTime, GrannyInterop::GetAnimation(clip_), model_);"
"src/AssetRuntime/Granny/GrannyAssetProvider.cpp","472","GrannyAnimationInstance::PreparePose","GrannyInterop","Private format adapter: native file, metadata, sessions, controls, bindings or CPU fallback","E","D1-X state: private SDK adapter, explicit legacy reference entrypoint, compatibility wrapper or tooling; see main report exceptions","SDK/adapter symbol","if (!control_) return PlaybackFailure(GrannyInterop::GetAnimation(clip_));"
"src/AssetRuntime/Granny/GrannyAssetProvider.cpp","474","GrannyAnimationInstance::PreparePose","GrannyGetControlSpeed;GrannySetControlSpeed","Private format adapter: native file, metadata, sessions, controls, bindings or CPU fallback","E","D1-X state: private SDK adapter, explicit legacy reference entrypoint, compatibility wrapper or tooling; see main report exceptions","SDK/adapter symbol","GrannySetControlSpeed(control_, GrannyGetControlSpeed(other->control_));"
"src/AssetRuntime/Granny/GrannyAssetProvider.cpp","475","GrannyAnimationInstance::PreparePose","GrannyGetControlLoopCount;GrannySetControlLoopCount","Private format adapter: native file, metadata, sessions, controls, bindings or CPU fallback","E","D1-X state: private SDK adapter, explicit legacy reference entrypoint, compatibility wrapper or tooling; see main report exceptions","SDK/adapter symbol","GrannySetControlLoopCount(control_, GrannyGetControlLoopCount(other->control_));"
"src/AssetRuntime/Granny/GrannyAssetProvider.cpp","476","GrannyAnimationInstance::PreparePose","GrannySetControlEaseIn","Private format adapter: native file, metadata, sessions, controls, bindings or CPU fallback","E","D1-X state: private SDK adapter, explicit legacy reference entrypoint, compatibility wrapper or tooling; see main report exceptions","SDK/adapter symbol","GrannySetControlEaseIn(control_, true);"
"src/AssetRuntime/Granny/GrannyAssetProvider.cpp","477","GrannyAnimationInstance::PreparePose","GrannySetControlEaseOut","Private format adapter: native file, metadata, sessions, controls, bindings or CPU fallback","E","D1-X state: private SDK adapter, explicit legacy reference entrypoint, compatibility wrapper or tooling; see main report exceptions","SDK/adapter symbol","GrannySetControlEaseOut(control_, false);"
"src/AssetRuntime/Granny/GrannyAssetProvider.cpp","478","GrannyAnimationInstance::PreparePose","GrannyGetControlRawLocalClock;GrannySetControlRawLocalClock","Private format adapter: native file, metadata, sessions, controls, bindings or CPU fallback","E","D1-X state: private SDK adapter, explicit legacy reference entrypoint, compatibility wrapper or tooling; see main report exceptions","SDK/adapter symbol","GrannySetControlRawLocalClock(control_, GrannyGetControlRawLocalClock(other->control_));"
"src/AssetRuntime/Granny/GrannyAssetProvider.cpp","479","GrannyAnimationInstance::PreparePose","GrannyFreeControlOnceUnused","Private format adapter: native file, metadata, sessions, controls, bindings or CPU fallback","E","D1-X state: private SDK adapter, explicit legacy reference entrypoint, compatibility wrapper or tooling; see main report exceptions","SDK/adapter symbol","GrannyFreeControlOnceUnused(control_);"
"src/AssetRuntime/Granny/GrannyAssetProvider.cpp","481","GrannyAnimationInstance::PreparePose","GrannyFreeControl","Private format adapter: native file, metadata, sessions, controls, bindings or CPU fallback","E","D1-X state: private SDK adapter, explicit legacy reference entrypoint, compatibility wrapper or tooling; see main report exceptions","SDK/adapter symbol","GrannyFreeControl(other->control_);"
"src/AssetRuntime/Granny/GrannyAssetProvider.cpp","487","GrannyAnimationInstance::IsPlaying","GrannyControlIsComplete","Private format adapter: native file, metadata, sessions, controls, bindings or CPU fallback","E","D1-X state: private SDK adapter, explicit legacy reference entrypoint, compatibility wrapper or tooling; see main report exceptions","SDK/adapter symbol","bool IsPlaying() const override { return control_ && !GrannyControlIsComplete(control_); }"
"src/AssetRuntime/Granny/GrannyAssetProvider.cpp","490","GrannyAnimationInstance::SetMotionAtEnd","GrannyGetControlLocalDuration;GrannySetControlRawLocalClock","Private format adapter: native file, metadata, sessions, controls, bindings or CPU fallback","E","D1-X state: private SDK adapter, explicit legacy reference entrypoint, compatibility wrapper or tooling; see main report exceptions","SDK/adapter symbol","if (control_) GrannySetControlRawLocalClock(control_, GrannyGetControlLocalDuration(control_));"
"src/AssetRuntime/Granny/GrannyAssetProvider.cpp","492","GrannyAnimationInstance::SetClock","GrannySetModelClock","Private format adapter: native file, metadata, sessions, controls, bindings or CPU fallback","A","D1-X state: private SDK adapter, explicit legacy reference entrypoint, compatibility wrapper or tooling; see main report exceptions","SDK/adapter symbol","void SetClock(float time) override { if (model_) GrannySetModelClock(model_, time); }"
"src/AssetRuntime/Granny/GrannyAssetProvider.cpp","496","GrannyAnimationInstance::FreeCompletedControls","GrannyFreeCompletedModelControls","Private format adapter: native file, metadata, sessions, controls, bindings or CPU fallback","E","D1-X state: private SDK adapter, explicit legacy reference entrypoint, compatibility wrapper or tooling; see main report exceptions","SDK/adapter symbol","GrannyFreeCompletedModelControls(model_);"
"src/AssetRuntime/Granny/GrannyAssetProvider.cpp","501","GrannyAnimationInstance::UpdateTransform","GrannyUpdateModelMatrix","Private format adapter: native file, metadata, sessions, controls, bindings or CPU fallback","G","D1-X state: private SDK adapter, explicit legacy reference entrypoint, compatibility wrapper or tooling; see main report exceptions","SDK/adapter symbol","if (model_) GrannyUpdateModelMatrix(model_, elapsed, transform.data(), transform.data(), false);"
"src/AssetRuntime/Granny/GrannyAssetProvider.cpp","506","GrannyAnimationInstance::BoneWorldMatrix","GrannyGetWorldPose4x4","Private format adapter: native file, metadata, sessions, controls, bindings or CPU fallback","D;F","D1-X state: private SDK adapter, explicit legacy reference entrypoint, compatibility wrapper or tooling; see main report exceptions","SDK/adapter symbol","const auto* matrix = GrannyGetWorldPose4x4(world_, bone);"
"src/AssetRuntime/Granny/GrannyAssetProvider.cpp","509","GrannyAnimationInstance::BoneWorldMatrix","GrannyInterop","Private format adapter: native file, metadata, sessions, controls, bindings or CPU fallback","F","D1-X state: private SDK adapter, explicit legacy reference entrypoint, compatibility wrapper or tooling; see main report exceptions","SDK/adapter symbol","PoseView CompositePose() const override { return GrannyInterop::GetPoseView(world_); }"
"src/AssetRuntime/Granny/GrannyAssetProvider.cpp","512","GrannyAnimationInstance::CreateMeshBinding","GrannyInterop","Private format adapter: native file, metadata, sessions, controls, bindings or CPU fallback","B","D1-X state: private SDK adapter, explicit legacy reference entrypoint, compatibility wrapper or tooling; see main report exceptions","SDK/adapter symbol","return Bind(source, GrannyInterop::GetModel(source), mesh);"
"src/AssetRuntime/Granny/GrannyAssetProvider.cpp","514","GrannyAnimationInstance::Bind","granny_model","Private format adapter: native file, metadata, sessions, controls, bindings or CPU fallback","B;H","D1-X state: private SDK adapter, explicit legacy reference entrypoint, compatibility wrapper or tooling; see main report exceptions","SDK/adapter symbol","std::unique_ptr<MeshBinding> Bind(const ModelHandle& owner, granny_model* source, std::size_t mesh) const"
"src/AssetRuntime/Granny/GrannyAssetProvider.cpp","517","GrannyAnimationInstance::Bind","GrannyGetSourceSkeleton;GrannyMeshBinding","Private format adapter: native file, metadata, sessions, controls, bindings or CPU fallback","B;D;G;H","D1-X state: private SDK adapter, explicit legacy reference entrypoint, compatibility wrapper or tooling; see main report exceptions","SDK/adapter symbol","auto binding = std::make_unique<GrannyMeshBinding>(owner, owner_, source, mesh, GrannyGetSourceSkeleton(model_));"
"src/AssetRuntime/Granny/GrannyAssetProvider.cpp","524","SharedScratch","granny_local_pose","Private format adapter: native file, metadata, sessions, controls, bindings or CPU fallback","F","D1-X state: private SDK adapter, explicit legacy reference entrypoint, compatibility wrapper or tooling; see main report exceptions","SDK/adapter symbol","granny_local_pose* pose{};"
"src/AssetRuntime/Granny/GrannyAssetProvider.cpp","526","SharedScratch","GrannyFreeLocalPose","Private format adapter: native file, metadata, sessions, controls, bindings or CPU fallback","F","D1-X state: private SDK adapter, explicit legacy reference entrypoint, compatibility wrapper or tooling; see main report exceptions","SDK/adapter symbol","~SharedScratch() { if (pose) GrannyFreeLocalPose(pose); }"
"src/AssetRuntime/Granny/GrannyAssetProvider.cpp","527","SharedScratch","granny_local_pose","Private format adapter: native file, metadata, sessions, controls, bindings or CPU fallback","F","D1-X state: private SDK adapter, explicit legacy reference entrypoint, compatibility wrapper or tooling; see main report exceptions","SDK/adapter symbol","granny_local_pose* Get(int count) {"
"src/AssetRuntime/Granny/GrannyAssetProvider.cpp","529","SharedScratch","GrannyFreeLocalPose","Private format adapter: native file, metadata, sessions, controls, bindings or CPU fallback","F","D1-X state: private SDK adapter, explicit legacy reference entrypoint, compatibility wrapper or tooling; see main report exceptions","SDK/adapter symbol","if (pose) GrannyFreeLocalPose(pose);"
"src/AssetRuntime/Granny/GrannyAssetProvider.cpp","530","SharedScratch","GrannyNewLocalPose","Private format adapter: native file, metadata, sessions, controls, bindings or CPU fallback","D;F","D1-X state: private SDK adapter, explicit legacy reference entrypoint, compatibility wrapper or tooling; see main report exceptions","SDK/adapter symbol","pose = GrannyNewLocalPose(count); bones = count;"
"src/AssetRuntime/Granny/GrannyAssetProvider.cpp","537","SharedScratch","GrannyInterop;GrannyPoseEvaluator","Private format adapter: native file, metadata, sessions, controls, bindings or CPU fallback","D;F","D1-X state: private SDK adapter, explicit legacy reference entrypoint, compatibility wrapper or tooling; see main report exceptions","SDK/adapter symbol","GrannyInterop::GrannyPoseEvaluator evaluator(model_, scratch.Get(boneCount_), world_, boneCount_);"
"src/AssetRuntime/Granny/GrannyAssetProvider.cpp","541","ClipOwner","granny_control","Private format adapter: native file, metadata, sessions, controls, bindings or CPU fallback","E","D1-X state: private SDK adapter, explicit legacy reference entrypoint, compatibility wrapper or tooling; see main report exceptions","SDK/adapter symbol","struct ClipOwner { granny_control* control; AnimationHandle clip; };"
"src/AssetRuntime/Granny/GrannyAssetProvider.cpp","542","ClipOwner","granny_animation","Private format adapter: native file, metadata, sessions, controls, bindings or CPU fallback","E","D1-X state: private SDK adapter, explicit legacy reference entrypoint, compatibility wrapper or tooling; see main report exceptions","SDK/adapter symbol","AssetError PlaybackFailure(const granny_animation* animation) const"
"src/AssetRuntime/Granny/GrannyAssetProvider.cpp","544","ClipOwner","GrannyGetSourceModel","Private format adapter: native file, metadata, sessions, controls, bindings or CPU fallback","A","D1-X state: private SDK adapter, explicit legacy reference entrypoint, compatibility wrapper or tooling; see main report exceptions","SDK/adapter symbol","const auto* model = model_ ? GrannyGetSourceModel(model_) : nullptr;"
"src/AssetRuntime/Granny/GrannyAssetProvider.cpp","545","ClipOwner","granny_int32x","Private format adapter: native file, metadata, sessions, controls, bindings or CPU fallback","A","D1-X state: private SDK adapter, explicit legacy reference entrypoint, compatibility wrapper or tooling; see main report exceptions","SDK/adapter symbol","granny_int32x group = -1;"
"src/AssetRuntime/Granny/GrannyAssetProvider.cpp","547","ClipOwner","GrannyFindTrackGroupForModel","Private format adapter: native file, metadata, sessions, controls, bindings or CPU fallback","E","D1-X state: private SDK adapter, explicit legacy reference entrypoint, compatibility wrapper or tooling; see main report exceptions","SDK/adapter symbol","if (model && model->Name && animation && !GrannyFindTrackGroupForModel(animation, model->Name, &group))"
"src/AssetRuntime/Granny/GrannyAssetProvider.cpp","551","ClipOwner::RetainClip","granny_control","Private format adapter: native file, metadata, sessions, controls, bindings or CPU fallback","E","D1-X state: private SDK adapter, explicit legacy reference entrypoint, compatibility wrapper or tooling; see main report exceptions","SDK/adapter symbol","void RetainClip(granny_control* control, const AnimationHandle& clip)"
"src/AssetRuntime/Granny/GrannyAssetProvider.cpp","558","ClipOwner::CollectClipOwners","granny_control","Private format adapter: native file, metadata, sessions, controls, bindings or CPU fallback","E","D1-X state: private SDK adapter, explicit legacy reference entrypoint, compatibility wrapper or tooling; see main report exceptions","SDK/adapter symbol","auto active = [this](granny_control* control) {"
"src/AssetRuntime/Granny/GrannyAssetProvider.cpp","559","ClipOwner::CollectClipOwners","GrannyModelControlsBegin;GrannyModelControlsEnd","Private format adapter: native file, metadata, sessions, controls, bindings or CPU fallback","E","D1-X state: private SDK adapter, explicit legacy reference entrypoint, compatibility wrapper or tooling; see main report exceptions","SDK/adapter symbol","for (auto* binding = GrannyModelControlsBegin(model_); binding != GrannyModelControlsEnd(model_);"
"src/AssetRuntime/Granny/GrannyAssetProvider.cpp","560","ClipOwner::CollectClipOwners","GrannyModelControlsNext","Private format adapter: native file, metadata, sessions, controls, bindings or CPU fallback","E","D1-X state: private SDK adapter, explicit legacy reference entrypoint, compatibility wrapper or tooling; see main report exceptions","SDK/adapter symbol","binding = GrannyModelControlsNext(binding))"
"src/AssetRuntime/Granny/GrannyAssetProvider.cpp","561","ClipOwner::CollectClipOwners","GrannyGetControlFromBinding","Private format adapter: native file, metadata, sessions, controls, bindings or CPU fallback","E","D1-X state: private SDK adapter, explicit legacy reference entrypoint, compatibility wrapper or tooling; see main report exceptions","SDK/adapter symbol","if (GrannyGetControlFromBinding(binding) == control) return true;"
"src/AssetRuntime/Granny/GrannyAssetProvider.cpp","570","std::erase_if","granny_model_instance","Private format adapter: native file, metadata, sessions, controls, bindings or CPU fallback","A","D1-X state: private SDK adapter, explicit legacy reference entrypoint, compatibility wrapper or tooling; see main report exceptions","SDK/adapter symbol","granny_model_instance* model_{};"
"src/AssetRuntime/Granny/GrannyAssetProvider.cpp","571","std::erase_if","granny_world_pose","Private format adapter: native file, metadata, sessions, controls, bindings or CPU fallback","F","D1-X state: private SDK adapter, explicit legacy reference entrypoint, compatibility wrapper or tooling; see main report exceptions","SDK/adapter symbol","granny_world_pose* world_{};"
"src/AssetRuntime/Granny/GrannyAssetProvider.cpp","572","std::erase_if","granny_control","Private format adapter: native file, metadata, sessions, controls, bindings or CPU fallback","E","D1-X state: private SDK adapter, explicit legacy reference entrypoint, compatibility wrapper or tooling; see main report exceptions","SDK/adapter symbol","granny_control* control_{};"
"src/AssetRuntime/Granny/GrannyAssetProvider.cpp","575","GrannyDocument::CreatePose","GrannyDocument","Private format adapter: native file, metadata, sessions, controls, bindings or CPU fallback","F","D1-X state: private SDK adapter, explicit legacy reference entrypoint, compatibility wrapper or tooling; see main report exceptions","SDK/adapter symbol","std::unique_ptr<PoseEvaluator> GrannyDocument::CreatePose(const ModelHandle& model) const"
"src/AssetRuntime/Granny/GrannyAssetProvider.cpp","579","GrannyDocument::CreateAnimationInstance","GrannyDocument","Private format adapter: native file, metadata, sessions, controls, bindings or CPU fallback","E","D1-X state: private SDK adapter, explicit legacy reference entrypoint, compatibility wrapper or tooling; see main report exceptions","SDK/adapter symbol","std::unique_ptr<AnimationInstance> GrannyDocument::CreateAnimationInstance(const ModelHandle& model) const"
"src/AssetRuntime/Granny/GrannyAssetProvider.cpp","582","GrannyDocument::CreateAnimationInstance","GrannyAnimationInstance","Private format adapter: native file, metadata, sessions, controls, bindings or CPU fallback","E","D1-X state: private SDK adapter, explicit legacy reference entrypoint, compatibility wrapper or tooling; see main report exceptions","SDK/adapter symbol","auto result = std::make_unique<GrannyAnimationInstance>(model);"
"src/AssetRuntime/Granny/GrannyAssetProvider.cpp","585","GrannyProvider","GrannyProvider","Private format adapter: native file, metadata, sessions, controls, bindings or CPU fallback","A","D1-X state: private SDK adapter, explicit legacy reference entrypoint, compatibility wrapper or tooling; see main report exceptions","SDK/adapter symbol","class GrannyProvider final : public AssetProvider"
"src/AssetRuntime/Granny/GrannyAssetProvider.cpp","590","GrannyProvider","granny_int32","Private format adapter: native file, metadata, sessions, controls, bindings or CPU fallback","A","D1-X state: private SDK adapter, explicit legacy reference entrypoint, compatibility wrapper or tooling; see main report exceptions","SDK/adapter symbol","if (bytes.empty() || !bytes.data() || bytes.size() > static_cast<std::size_t>(std::numeric_limits<granny_int32>::max()))"
"src/AssetRuntime/Granny/GrannyAssetProvider.cpp","592","GrannyProvider","granny_int32;GrannyReadEntireFileFromMemory","Private format adapter: native file, metadata, sessions, controls, bindings or CPU fallback","A","D1-X state: private SDK adapter, explicit legacy reference entrypoint, compatibility wrapper or tooling; see main report exceptions","SDK/adapter symbol","FileOwner file(GrannyReadEntireFileFromMemory(static_cast<granny_int32>(bytes.size()), const_cast<std::byte*>(bytes.data())));"
"src/AssetRuntime/Granny/GrannyAssetProvider.cpp","594","GrannyProvider","GrannyGetFileInfo","Private format adapter: native file, metadata, sessions, controls, bindings or CPU fallback","A","D1-X state: private SDK adapter, explicit legacy reference entrypoint, compatibility wrapper or tooling; see main report exceptions","SDK/adapter symbol","auto* info = GrannyGetFileInfo(file.get());"
"src/AssetRuntime/Granny/GrannyAssetProvider.cpp","596","GrannyProvider","GrannyDocument","Private format adapter: native file, metadata, sessions, controls, bindings or CPU fallback","A","D1-X state: private SDK adapter, explicit legacy reference entrypoint, compatibility wrapper or tooling; see main report exceptions","SDK/adapter symbol","auto document = std::make_shared<GrannyDocument>(std::move(id), std::move(file), info);"
"src/AssetRuntime/Granny/GrannyAssetProvider.cpp","604","BorrowedAnimationDocument","granny_animation","Private format adapter: native file, metadata, sessions, controls, bindings or CPU fallback","E","D1-X state: private SDK adapter, explicit legacy reference entrypoint, compatibility wrapper or tooling; see main report exceptions","SDK/adapter symbol","explicit BorrowedAnimationDocument(granny_animation* animation) : AssetDocument(""legacy-test-animation""), animation_(animation)"
"src/AssetRuntime/Granny/GrannyAssetProvider.cpp","608","BorrowedAnimationDocument","granny_animation","Private format adapter: native file, metadata, sessions, controls, bindings or CPU fallback","E","D1-X state: private SDK adapter, explicit legacy reference entrypoint, compatibility wrapper or tooling; see main report exceptions","SDK/adapter symbol","granny_animation* Animation() const { return animation_; }"
"src/AssetRuntime/Granny/GrannyAssetProvider.cpp","614","BorrowedAnimationDocument::CreatePose","granny_animation","Private format adapter: native file, metadata, sessions, controls, bindings or CPU fallback","E","D1-X state: private SDK adapter, explicit legacy reference entrypoint, compatibility wrapper or tooling; see main report exceptions","SDK/adapter symbol","granny_animation* animation_;"
"src/AssetRuntime/Granny/GrannyAssetProvider.cpp","619","BorrowedAnimationDocument::CreatePose","GrannyProvider","Private format adapter: native file, metadata, sessions, controls, bindings or CPU fallback","A","D1-X state: private SDK adapter, explicit legacy reference entrypoint, compatibility wrapper or tooling; see main report exceptions","SDK/adapter symbol","static GrannyProvider provider;"
"src/AssetRuntime/Granny/GrannyAssetProvider.cpp","624","BorrowedAnimationDocument::ConfigureGrannyDiagnostics","granny_log_callback","Private format adapter: native file, metadata, sessions, controls, bindings or CPU fallback","A","D1-X state: private SDK adapter, explicit legacy reference entrypoint, compatibility wrapper or tooling; see main report exceptions","SDK/adapter symbol","granny_log_callback callback{};"
"src/AssetRuntime/Granny/GrannyAssetProvider.cpp","625","BorrowedAnimationDocument::ConfigureGrannyDiagnostics","GrannySetLogCallback","Private format adapter: native file, metadata, sessions, controls, bindings or CPU fallback","A","D1-X state: private SDK adapter, explicit legacy reference entrypoint, compatibility wrapper or tooling; see main report exceptions","SDK/adapter symbol","GrannySetLogCallback(&callback);"
"src/AssetRuntime/Granny/GrannyAssetProvider.cpp","628","BorrowedAnimationDocument::ConfigureGrannyDiagnostics","GrannyInterop","Private format adapter: native file, metadata, sessions, controls, bindings or CPU fallback","A","D1-X state: private SDK adapter, explicit legacy reference entrypoint, compatibility wrapper or tooling; see main report exceptions","SDK/adapter symbol","namespace GrannyInterop"
"src/AssetRuntime/Granny/GrannyAssetProvider.cpp","630","BorrowedAnimationDocument::ConfigureGrannyDiagnostics","granny_model_instance","Private format adapter: native file, metadata, sessions, controls, bindings or CPU fallback","E","D1-X state: private SDK adapter, explicit legacy reference entrypoint, compatibility wrapper or tooling; see main report exceptions","SDK/adapter symbol","granny_model_instance* GetAnimationInstance(AnimationInstance& instance)"
"src/AssetRuntime/Granny/GrannyAssetProvider.cpp","632","BorrowedAnimationDocument::ConfigureGrannyDiagnostics","GrannyAnimationInstance","Private format adapter: native file, metadata, sessions, controls, bindings or CPU fallback","E","D1-X state: private SDK adapter, explicit legacy reference entrypoint, compatibility wrapper or tooling; see main report exceptions","SDK/adapter symbol","auto* native = dynamic_cast<GrannyAnimationInstance*>(&instance);"
"src/AssetRuntime/Granny/GrannyAssetProvider.cpp","635","BorrowedAnimationDocument::ConfigureGrannyDiagnostics","granny_world_pose","Private format adapter: native file, metadata, sessions, controls, bindings or CPU fallback","E;F","D1-X state: private SDK adapter, explicit legacy reference entrypoint, compatibility wrapper or tooling; see main report exceptions","SDK/adapter symbol","granny_world_pose* EnsureWorldPose(AnimationInstance& instance)"
"src/AssetRuntime/Granny/GrannyAssetProvider.cpp","637","BorrowedAnimationDocument::ConfigureGrannyDiagnostics","GrannyAnimationInstance","Private format adapter: native file, metadata, sessions, controls, bindings or CPU fallback","E","D1-X state: private SDK adapter, explicit legacy reference entrypoint, compatibility wrapper or tooling; see main report exceptions","SDK/adapter symbol","auto* native = dynamic_cast<GrannyAnimationInstance*>(&instance);"
"src/AssetRuntime/Granny/GrannyAssetProvider.cpp","640","BorrowedAnimationDocument::CreateLegacyAnimationInstance","granny_model","Private format adapter: native file, metadata, sessions, controls, bindings or CPU fallback","A","D1-X state: private SDK adapter, explicit legacy reference entrypoint, compatibility wrapper or tooling; see main report exceptions","SDK/adapter symbol","std::unique_ptr<AnimationInstance> CreateLegacyAnimationInstance(granny_model* model)"
"src/AssetRuntime/Granny/GrannyAssetProvider.cpp","642","BorrowedAnimationDocument::CreateLegacyAnimationInstance","GrannyAnimationInstance","Private format adapter: native file, metadata, sessions, controls, bindings or CPU fallback","E","D1-X state: private SDK adapter, explicit legacy reference entrypoint, compatibility wrapper or tooling; see main report exceptions","SDK/adapter symbol","auto result = std::make_unique<GrannyAnimationInstance>(ModelHandle{}, model);"
"src/AssetRuntime/Granny/GrannyAssetProvider.cpp","645","BorrowedAnimationDocument::CreateLegacyAnimationInstance","granny_animation","Private format adapter: native file, metadata, sessions, controls, bindings or CPU fallback","E","D1-X state: private SDK adapter, explicit legacy reference entrypoint, compatibility wrapper or tooling; see main report exceptions","SDK/adapter symbol","AnimationHandle CreateLegacyAnimationHandle(granny_animation* animation)"
"src/AssetRuntime/Granny/GrannyAssetProvider.cpp","649","BorrowedAnimationDocument::CreateLegacyMeshBinding","granny_model","Private format adapter: native file, metadata, sessions, controls, bindings or CPU fallback","B;E;H","D1-X state: private SDK adapter, explicit legacy reference entrypoint, compatibility wrapper or tooling; see main report exceptions","SDK/adapter symbol","std::unique_ptr<MeshBinding> CreateLegacyMeshBinding(granny_model* source, std::size_t mesh, AnimationInstance& destination)"
"src/AssetRuntime/Granny/GrannyAssetProvider.cpp","651","BorrowedAnimationDocument::CreateLegacyMeshBinding","GrannyAnimationInstance","Private format adapter: native file, metadata, sessions, controls, bindings or CPU fallback","E","D1-X state: private SDK adapter, explicit legacy reference entrypoint, compatibility wrapper or tooling; see main report exceptions","SDK/adapter symbol","const auto* session = dynamic_cast<const GrannyAnimationInstance*>(&destination);"
"src/AssetRuntime/Granny/GrannyAssetProvider.cpp","654","BorrowedAnimationDocument::CreateLegacyMeshBinding","granny_model","Private format adapter: native file, metadata, sessions, controls, bindings or CPU fallback","A","D1-X state: private SDK adapter, explicit legacy reference entrypoint, compatibility wrapper or tooling; see main report exceptions","SDK/adapter symbol","granny_model* GetModel(const ModelHandle& handle)"
"src/AssetRuntime/Granny/GrannyAssetProvider.cpp","656","BorrowedAnimationDocument::CreateLegacyMeshBinding","GrannyDocument","Private format adapter: native file, metadata, sessions, controls, bindings or CPU fallback","A","D1-X state: private SDK adapter, explicit legacy reference entrypoint, compatibility wrapper or tooling; see main report exceptions","SDK/adapter symbol","const auto* document = dynamic_cast<const GrannyDocument*>(handle.GetDocument().get());"
"src/AssetRuntime/Granny/GrannyAssetProvider.cpp","659","BorrowedAnimationDocument::CreateLegacyMeshBinding","granny_animation","Private format adapter: native file, metadata, sessions, controls, bindings or CPU fallback","E","D1-X state: private SDK adapter, explicit legacy reference entrypoint, compatibility wrapper or tooling; see main report exceptions","SDK/adapter symbol","granny_animation* GetAnimation(const AnimationHandle& handle)"
"src/AssetRuntime/Granny/GrannyAssetProvider.cpp","661","BorrowedAnimationDocument::CreateLegacyMeshBinding","GrannyDocument","Private format adapter: native file, metadata, sessions, controls, bindings or CPU fallback","A","D1-X state: private SDK adapter, explicit legacy reference entrypoint, compatibility wrapper or tooling; see main report exceptions","SDK/adapter symbol","const auto* document = dynamic_cast<const GrannyDocument*>(handle.GetDocument().get());"
"src/AssetRuntime/Granny/GrannyAssetProvider.cpp","666","BorrowedAnimationDocument::CreateLegacyMeshBinding","granny_mesh","Private format adapter: native file, metadata, sessions, controls, bindings or CPU fallback","B","D1-X state: private SDK adapter, explicit legacy reference entrypoint, compatibility wrapper or tooling; see main report exceptions","SDK/adapter symbol","granny_mesh* GetMesh(const ModelHandle& handle, std::size_t mesh)"
"src/AssetRuntime/Granny/GrannyAssetProvider.cpp","668","BorrowedAnimationDocument::CreateLegacyMeshBinding","GrannyDocument","Private format adapter: native file, metadata, sessions, controls, bindings or CPU fallback","A","D1-X state: private SDK adapter, explicit legacy reference entrypoint, compatibility wrapper or tooling; see main report exceptions","SDK/adapter symbol","const auto* document = dynamic_cast<const GrannyDocument*>(handle.GetDocument().get());"
"src/AssetRuntime/Granny/GrannyAssetProvider.cpp","671","BorrowedAnimationDocument::CreateLegacyMeshBinding","granny_world_pose","Private format adapter: native file, metadata, sessions, controls, bindings or CPU fallback","F","D1-X state: private SDK adapter, explicit legacy reference entrypoint, compatibility wrapper or tooling; see main report exceptions","SDK/adapter symbol","PoseView GetPoseView(const granny_world_pose* pose)"
"src/AssetRuntime/Granny/GrannyAssetProvider.cpp","674","BorrowedAnimationDocument::CreateLegacyMeshBinding","GrannyGetWorldPoseBoneCount","Private format adapter: native file, metadata, sessions, controls, bindings or CPU fallback","D;F","D1-X state: private SDK adapter, explicit legacy reference entrypoint, compatibility wrapper or tooling; see main report exceptions","SDK/adapter symbol","const int count = GrannyGetWorldPoseBoneCount(pose);"
"src/AssetRuntime/Granny/GrannyAssetProvider.cpp","675","BorrowedAnimationDocument::CreateLegacyMeshBinding","GrannyGetWorldPoseComposite4x4Array","Private format adapter: native file, metadata, sessions, controls, bindings or CPU fallback","F","D1-X state: private SDK adapter, explicit legacy reference entrypoint, compatibility wrapper or tooling; see main report exceptions","SDK/adapter symbol","const auto* matrices = GrannyGetWorldPoseComposite4x4Array(pose);"
"src/AssetRuntime/Granny/GrannyAssetProvider.cpp","677","BorrowedAnimationDocument::CreateLegacyMeshBinding","granny_matrix_4x4","Private format adapter: native file, metadata, sessions, controls, bindings or CPU fallback","G","D1-X state: private SDK adapter, explicit legacy reference entrypoint, compatibility wrapper or tooling; see main report exceptions","SDK/adapter symbol","static_assert(sizeof(granny_matrix_4x4) == sizeof(Matrix4));"
"src/AssetRuntime/Granny/GrannyAssetProvider.cpp","680","BorrowedAnimationDocument::CopyWorldPose","granny_world_pose","Private format adapter: native file, metadata, sessions, controls, bindings or CPU fallback","F","D1-X state: private SDK adapter, explicit legacy reference entrypoint, compatibility wrapper or tooling; see main report exceptions","SDK/adapter symbol","bool CopyWorldPose(const granny_world_pose* pose, std::span<Matrix4> destination)"
"src/AssetRuntime/Granny/GrannyAssetProvider.cpp","687","GrannyPoseEvaluator::Evaluate","GrannyPoseEvaluator","Private format adapter: native file, metadata, sessions, controls, bindings or CPU fallback","F","D1-X state: private SDK adapter, explicit legacy reference entrypoint, compatibility wrapper or tooling; see main report exceptions","SDK/adapter symbol","PoseResult GrannyPoseEvaluator::Evaluate(const PoseRequest& request)"
"src/AssetRuntime/Granny/GrannyAssetProvider.cpp","689","GrannyPoseEvaluator::Evaluate","GrannyGetWorldPoseBoneCount","Private format adapter: native file, metadata, sessions, controls, bindings or CPU fallback","D;F","D1-X state: private SDK adapter, explicit legacy reference entrypoint, compatibility wrapper or tooling; see main report exceptions","SDK/adapter symbol","if (!model_ || !scratch_ || !world_ || boneCount_ <= 0 || GrannyGetWorldPoseBoneCount(world_) < boneCount_)"
"src/AssetRuntime/Granny/GrannyAssetProvider.cpp","693","GrannyPoseEvaluator::Evaluate","GrannySampleModelAnimationsAccelerated","Private format adapter: native file, metadata, sessions, controls, bindings or CPU fallback","D;E;F;H","D1-X state: private SDK adapter, explicit legacy reference entrypoint, compatibility wrapper or tooling; see main report exceptions","SDK/adapter symbol","GrannySampleModelAnimationsAccelerated(model_, boneCount_, request.attachmentMatrix.empty() ? nullptr : request.attachmentMatrix.data(),"
"src/AssetRuntime/Granny/GrannyInterop.h","5","file scope","GrannyInterop","Private format adapter: native file, metadata, sessions, controls, bindings or CPU fallback","H","D1-X state: private SDK adapter, explicit legacy reference entrypoint, compatibility wrapper or tooling; see main report exceptions","SDK/adapter symbol","namespace AssetRuntime::GrannyInterop"
"src/AssetRuntime/Granny/GrannyInterop.h","7","file scope","EterGrnLib","Private format adapter: native file, metadata, sessions, controls, bindings or CPU fallback","G","D1-X state: private SDK adapter, explicit legacy reference entrypoint, compatibility wrapper or tooling; see main report exceptions","comment","// Explicit temporary interop for EterGrnLib's retained upload, mixer, deformer and binding code."
"src/AssetRuntime/Granny/GrannyInterop.h","9","file scope","granny_model","Private format adapter: native file, metadata, sessions, controls, bindings or CPU fallback","H","D1-X state: private SDK adapter, explicit legacy reference entrypoint, compatibility wrapper or tooling; see main report exceptions","SDK/adapter symbol","granny_model* GetModel(const ModelHandle& handle);"
"src/AssetRuntime/Granny/GrannyInterop.h","10","file scope","granny_animation","Private format adapter: native file, metadata, sessions, controls, bindings or CPU fallback","E","D1-X state: private SDK adapter, explicit legacy reference entrypoint, compatibility wrapper or tooling; see main report exceptions","SDK/adapter symbol","granny_animation* GetAnimation(const AnimationHandle& handle);"
"src/AssetRuntime/Granny/GrannyInterop.h","11","file scope","granny_mesh","Private format adapter: native file, metadata, sessions, controls, bindings or CPU fallback","B","D1-X state: private SDK adapter, explicit legacy reference entrypoint, compatibility wrapper or tooling; see main report exceptions","SDK/adapter symbol","granny_mesh* GetMesh(const ModelHandle& handle, std::size_t mesh);"
"src/AssetRuntime/Granny/GrannyInterop.h","12","file scope","granny_world_pose","Private format adapter: native file, metadata, sessions, controls, bindings or CPU fallback","F","D1-X state: private SDK adapter, explicit legacy reference entrypoint, compatibility wrapper or tooling; see main report exceptions","SDK/adapter symbol","PoseView GetPoseView(const granny_world_pose* pose);"
"src/AssetRuntime/Granny/GrannyInterop.h","13","CopyWorldPose","granny_world_pose","Private format adapter: native file, metadata, sessions, controls, bindings or CPU fallback","F","D1-X state: private SDK adapter, explicit legacy reference entrypoint, compatibility wrapper or tooling; see main report exceptions","SDK/adapter symbol","bool CopyWorldPose(const granny_world_pose* pose, std::span<Matrix4> destination);"
"src/AssetRuntime/Granny/GrannyInterop.h","14","CopyWorldPose","granny_model_instance","Private format adapter: native file, metadata, sessions, controls, bindings or CPU fallback","E","D1-X state: private SDK adapter, explicit legacy reference entrypoint, compatibility wrapper or tooling; see main report exceptions","SDK/adapter symbol","granny_model_instance* GetAnimationInstance(AnimationInstance& instance);"
"src/AssetRuntime/Granny/GrannyInterop.h","15","CopyWorldPose","granny_world_pose","Private format adapter: native file, metadata, sessions, controls, bindings or CPU fallback","E;F","D1-X state: private SDK adapter, explicit legacy reference entrypoint, compatibility wrapper or tooling; see main report exceptions","SDK/adapter symbol","granny_world_pose* EnsureWorldPose(AnimationInstance& instance);"
"src/AssetRuntime/Granny/GrannyInterop.h","16","CreateLegacyAnimationInstance","granny_model","Private format adapter: native file, metadata, sessions, controls, bindings or CPU fallback","H","D1-X state: private SDK adapter, explicit legacy reference entrypoint, compatibility wrapper or tooling; see main report exceptions","SDK/adapter symbol","std::unique_ptr<AnimationInstance> CreateLegacyAnimationInstance(granny_model* model);"
"src/AssetRuntime/Granny/GrannyInterop.h","17","CreateLegacyAnimationInstance","granny_animation","Private format adapter: native file, metadata, sessions, controls, bindings or CPU fallback","E","D1-X state: private SDK adapter, explicit legacy reference entrypoint, compatibility wrapper or tooling; see main report exceptions","SDK/adapter symbol","AnimationHandle CreateLegacyAnimationHandle(granny_animation* animation);"
"src/AssetRuntime/Granny/GrannyInterop.h","18","CreateLegacyMeshBinding","granny_model","Private format adapter: native file, metadata, sessions, controls, bindings or CPU fallback","B;E;H","D1-X state: private SDK adapter, explicit legacy reference entrypoint, compatibility wrapper or tooling; see main report exceptions","SDK/adapter symbol","std::unique_ptr<MeshBinding> CreateLegacyMeshBinding(granny_model* source, std::size_t mesh, AnimationInstance& destination);"
"src/AssetRuntime/Granny/GrannyInterop.h","20","GrannyPoseEvaluator","GrannyPoseEvaluator","Private format adapter: native file, metadata, sessions, controls, bindings or CPU fallback","F","D1-X state: private SDK adapter, explicit legacy reference entrypoint, compatibility wrapper or tooling; see main report exceptions","SDK/adapter symbol","class GrannyPoseEvaluator final : public PoseEvaluator"
"src/AssetRuntime/Granny/GrannyInterop.h","23","GrannyPoseEvaluator","granny_local_pose;granny_model_instance;GrannyPoseEvaluator","Private format adapter: native file, metadata, sessions, controls, bindings or CPU fallback","F","D1-X state: private SDK adapter, explicit legacy reference entrypoint, compatibility wrapper or tooling; see main report exceptions","SDK/adapter symbol","GrannyPoseEvaluator(granny_model_instance* model, granny_local_pose* scratch,"
"src/AssetRuntime/Granny/GrannyInterop.h","24","GrannyPoseEvaluator","granny_world_pose","Private format adapter: native file, metadata, sessions, controls, bindings or CPU fallback","D;F","D1-X state: private SDK adapter, explicit legacy reference entrypoint, compatibility wrapper or tooling; see main report exceptions","SDK/adapter symbol","granny_world_pose* world, std::int32_t boneCount)"
"src/AssetRuntime/Granny/GrannyInterop.h","28","GrannyPoseEvaluator","granny_model_instance","Private format adapter: native file, metadata, sessions, controls, bindings or CPU fallback","H","D1-X state: private SDK adapter, explicit legacy reference entrypoint, compatibility wrapper or tooling; see main report exceptions","SDK/adapter symbol","granny_model_instance* model_;"
"src/AssetRuntime/Granny/GrannyInterop.h","29","GrannyPoseEvaluator","granny_local_pose","Private format adapter: native file, metadata, sessions, controls, bindings or CPU fallback","F","D1-X state: private SDK adapter, explicit legacy reference entrypoint, compatibility wrapper or tooling; see main report exceptions","SDK/adapter symbol","granny_local_pose* scratch_;"
"src/AssetRuntime/Granny/GrannyInterop.h","30","GrannyPoseEvaluator","granny_world_pose","Private format adapter: native file, metadata, sessions, controls, bindings or CPU fallback","F","D1-X state: private SDK adapter, explicit legacy reference entrypoint, compatibility wrapper or tooling; see main report exceptions","SDK/adapter symbol","granny_world_pose* world_;"
"src/AssetRuntime/Granny/LegacyVertexTypes.h","5","file scope","granny_data_type_definition;GrannyPNT3322VertexType","Private format adapter: native file, metadata, sessions, controls, bindings or CPU fallback","B","D1-X state: private SDK adapter, explicit legacy reference entrypoint, compatibility wrapper or tooling; see main report exceptions","SDK/adapter symbol","extern granny_data_type_definition GrannyPNT3322VertexType[5];"
"src/AssetRuntime/Granny/LegacyVertexTypes.h","7","granny_pnt3322_vertex","granny_pnt3322_vertex","Private format adapter: native file, metadata, sessions, controls, bindings or CPU fallback","B","D1-X state: private SDK adapter, explicit legacy reference entrypoint, compatibility wrapper or tooling; see main report exceptions","SDK/adapter symbol","struct granny_pnt3322_vertex"
"src/AssetRuntime/Granny/LegacyVertexTypes.h","9","granny_pnt3322_vertex","granny_real32","Private format adapter: native file, metadata, sessions, controls, bindings or CPU fallback","H","D1-X state: private SDK adapter, explicit legacy reference entrypoint, compatibility wrapper or tooling; see main report exceptions","SDK/adapter symbol","granny_real32 Position[3];"
"src/AssetRuntime/Granny/LegacyVertexTypes.h","10","granny_pnt3322_vertex","granny_real32","Private format adapter: native file, metadata, sessions, controls, bindings or CPU fallback","H","D1-X state: private SDK adapter, explicit legacy reference entrypoint, compatibility wrapper or tooling; see main report exceptions","SDK/adapter symbol","granny_real32 Normal[3];"
"src/AssetRuntime/Granny/LegacyVertexTypes.h","11","granny_pnt3322_vertex","granny_real32","Private format adapter: native file, metadata, sessions, controls, bindings or CPU fallback","H","D1-X state: private SDK adapter, explicit legacy reference entrypoint, compatibility wrapper or tooling; see main report exceptions","SDK/adapter symbol","granny_real32 UV0[2];"
"src/AssetRuntime/Granny/LegacyVertexTypes.h","12","granny_pnt3322_vertex","granny_real32","Private format adapter: native file, metadata, sessions, controls, bindings or CPU fallback","H","D1-X state: private SDK adapter, explicit legacy reference entrypoint, compatibility wrapper or tooling; see main report exceptions","SDK/adapter symbol","granny_real32 UV1[2];"
"src/AssetRuntime/Granny/Native.h","3","file scope","EterGrnLib","Private format adapter: native file, metadata, sessions, controls, bindings or CPU fallback","A","D1-X state: private SDK adapter, explicit legacy reference entrypoint, compatibility wrapper or tooling; see main report exceptions","comment","// The sole SDK include point. EterGrnLib is the explicit D1-X legacy renderer/evaluation adapter."
"src/AssetRuntime/Granny/Native.h","4","file scope","BUILDING_GRANNY_STATIC","Private format adapter: native file, metadata, sessions, controls, bindings or CPU fallback","A","D1-X state: private SDK adapter, explicit legacy reference entrypoint, compatibility wrapper or tooling; see main report exceptions","legacy wrapper","#ifndef BUILDING_GRANNY_STATIC"
"src/AssetRuntime/Granny/Native.h","5","file scope","BUILDING_GRANNY_STATIC","Private format adapter: native file, metadata, sessions, controls, bindings or CPU fallback","A","D1-X state: private SDK adapter, explicit legacy reference entrypoint, compatibility wrapper or tooling; see main report exceptions","legacy wrapper","#define BUILDING_GRANNY_STATIC"
"src/AssetRuntime/Granny/Native.h","7","file scope","GRANNY_THREADED","Private format adapter: native file, metadata, sessions, controls, bindings or CPU fallback","A","D1-X state: private SDK adapter, explicit legacy reference entrypoint, compatibility wrapper or tooling; see main report exceptions","SDK/adapter symbol","#ifndef GRANNY_THREADED"
"src/AssetRuntime/Granny/Native.h","8","file scope","GRANNY_THREADED","Private format adapter: native file, metadata, sessions, controls, bindings or CPU fallback","A","D1-X state: private SDK adapter, explicit legacy reference entrypoint, compatibility wrapper or tooling; see main report exceptions","SDK/adapter symbol","#define GRANNY_THREADED"
"src/AssetRuntime/Granny/Native.h","10","file scope","granny.h","Private format adapter: native file, metadata, sessions, controls, bindings or CPU fallback","A","D1-X state: private SDK adapter, explicit legacy reference entrypoint, compatibility wrapper or tooling; see main report exceptions","include","#include <granny.h>"
"src/AssetRuntime/Granny/NativeTypes.h","5","granny_animation","granny_animation","Private format adapter: native file, metadata, sessions, controls, bindings or CPU fallback","E","D1-X state: private SDK adapter, explicit legacy reference entrypoint, compatibility wrapper or tooling; see main report exceptions","SDK/adapter symbol","struct granny_animation;"
"src/AssetRuntime/Granny/NativeTypes.h","6","granny_data_type_definition","granny_data_type_definition","Private format adapter: native file, metadata, sessions, controls, bindings or CPU fallback","B","D1-X state: private SDK adapter, explicit legacy reference entrypoint, compatibility wrapper or tooling; see main report exceptions","SDK/adapter symbol","struct granny_data_type_definition;"
"src/AssetRuntime/Granny/NativeTypes.h","7","granny_file","granny_file","Private format adapter: native file, metadata, sessions, controls, bindings or CPU fallback","A","D1-X state: private SDK adapter, explicit legacy reference entrypoint, compatibility wrapper or tooling; see main report exceptions","SDK/adapter symbol","struct granny_file;"
"src/AssetRuntime/Granny/NativeTypes.h","8","granny_file_info","granny_file_info","Private format adapter: native file, metadata, sessions, controls, bindings or CPU fallback","A","D1-X state: private SDK adapter, explicit legacy reference entrypoint, compatibility wrapper or tooling; see main report exceptions","SDK/adapter symbol","struct granny_file_info;"
"src/AssetRuntime/Granny/NativeTypes.h","9","granny_material","granny_material","Private format adapter: native file, metadata, sessions, controls, bindings or CPU fallback","C","D1-X state: private SDK adapter, explicit legacy reference entrypoint, compatibility wrapper or tooling; see main report exceptions","SDK/adapter symbol","struct granny_material;"
"src/AssetRuntime/Granny/NativeTypes.h","10","granny_mesh","granny_mesh","Private format adapter: native file, metadata, sessions, controls, bindings or CPU fallback","B","D1-X state: private SDK adapter, explicit legacy reference entrypoint, compatibility wrapper or tooling; see main report exceptions","SDK/adapter symbol","struct granny_mesh;"
"src/AssetRuntime/Granny/NativeTypes.h","11","granny_model","granny_model","Private format adapter: native file, metadata, sessions, controls, bindings or CPU fallback","H","D1-X state: private SDK adapter, explicit legacy reference entrypoint, compatibility wrapper or tooling; see main report exceptions","SDK/adapter symbol","struct granny_model;"
"src/AssetRuntime/Granny/NativeTypes.h","12","granny_skeleton","granny_skeleton","Private format adapter: native file, metadata, sessions, controls, bindings or CPU fallback","D","D1-X state: private SDK adapter, explicit legacy reference entrypoint, compatibility wrapper or tooling; see main report exceptions","SDK/adapter symbol","struct granny_skeleton;"
"src/AssetRuntime/Granny/NativeTypes.h","13","granny_track_group","granny_track_group","Private format adapter: native file, metadata, sessions, controls, bindings or CPU fallback","E","D1-X state: private SDK adapter, explicit legacy reference entrypoint, compatibility wrapper or tooling; see main report exceptions","SDK/adapter symbol","struct granny_track_group;"
"src/AssetRuntime/Granny/NativeTypes.h","25","world_pose","granny_control","Private format adapter: native file, metadata, sessions, controls, bindings or CPU fallback","E","D1-X state: private SDK adapter, explicit legacy reference entrypoint, compatibility wrapper or tooling; see main report exceptions","SDK/adapter symbol","using granny_control = granny::control;"
"src/AssetRuntime/Granny/NativeTypes.h","26","world_pose","granny_local_pose","Private format adapter: native file, metadata, sessions, controls, bindings or CPU fallback","F","D1-X state: private SDK adapter, explicit legacy reference entrypoint, compatibility wrapper or tooling; see main report exceptions","SDK/adapter symbol","using granny_local_pose = granny::local_pose;"
"src/AssetRuntime/Granny/NativeTypes.h","27","world_pose","granny_mesh_binding","Private format adapter: native file, metadata, sessions, controls, bindings or CPU fallback","B;G","D1-X state: private SDK adapter, explicit legacy reference entrypoint, compatibility wrapper or tooling; see main report exceptions","SDK/adapter symbol","using granny_mesh_binding = granny::mesh_binding;"
"src/AssetRuntime/Granny/NativeTypes.h","28","world_pose","granny_mesh_deformer","Private format adapter: native file, metadata, sessions, controls, bindings or CPU fallback","B;G","D1-X state: private SDK adapter, explicit legacy reference entrypoint, compatibility wrapper or tooling; see main report exceptions","SDK/adapter symbol","using granny_mesh_deformer = granny::mesh_deformer;"
"src/AssetRuntime/Granny/NativeTypes.h","29","world_pose","granny_model_instance","Private format adapter: native file, metadata, sessions, controls, bindings or CPU fallback","H","D1-X state: private SDK adapter, explicit legacy reference entrypoint, compatibility wrapper or tooling; see main report exceptions","SDK/adapter symbol","using granny_model_instance = granny::model_instance;"
"src/AssetRuntime/Granny/NativeTypes.h","30","world_pose","granny_world_pose","Private format adapter: native file, metadata, sessions, controls, bindings or CPU fallback","F","D1-X state: private SDK adapter, explicit legacy reference entrypoint, compatibility wrapper or tooling; see main report exceptions","SDK/adapter symbol","using granny_world_pose = granny::world_pose;"
"src/CMakeLists.txt","7","file scope","EterGrnLib","Build linkage, source-target ownership or platform boundary configuration","J","D1-X state: private SDK adapter, explicit legacy reference entrypoint, compatibility wrapper or tooling; see main report exceptions","build/tool/documentation","add_subdirectory(EterGrnLib)"
"src/EterGrnLib/CMakeLists.txt","4","file scope","EterGrnLib","Build linkage, source-target ownership or platform boundary configuration","J","D1-X state: private SDK adapter, explicit legacy reference entrypoint, compatibility wrapper or tooling; see main report exceptions","build/tool/documentation","add_library(EterGrnLib STATIC ${FILE_SOURCES})"
"src/EterGrnLib/CMakeLists.txt","6","file scope","EterGrnLib","Build linkage, source-target ownership or platform boundary configuration","J","D1-X state: private SDK adapter, explicit legacy reference entrypoint, compatibility wrapper or tooling; see main report exceptions","build/tool/documentation","target_link_libraries(EterGrnLib"
"src/EterGrnLib/CMakeLists.txt","12","file scope","EterGrnLib","Build linkage, source-target ownership or platform boundary configuration","J","D1-X state: private SDK adapter, explicit legacy reference entrypoint, compatibility wrapper or tooling; see main report exceptions","build/tool/documentation","GroupSourcesByFolder(EterGrnLib)"
"src/EterGrnLib/Deform.cpp","32","file scope","granny_uint8","Native CPU reference/fallback SSE deformer; mathematics remains unchanged","G","D1-X state: private SDK adapter, explicit legacy reference entrypoint, compatibility wrapper or tooling; see main report exceptions","SDK/adapter symbol","const granny_uint8 weight,"
"src/EterGrnLib/Deform.cpp","53","DeformPWNT3432toGrannyPNGBT33332D","granny_int32x","Native CPU reference/fallback SSE deformer; mathematics remains unchanged","G","D1-X state: private SDK adapter, explicit legacy reference entrypoint, compatibility wrapper or tooling; see main report exceptions","SDK/adapter symbol","void DeformPWNT3432toGrannyPNGBT33332D(granny_int32x Count, void const* SourceInit, void* DestInit,"
"src/EterGrnLib/Deform.cpp","54","DeformPWNT3432toGrannyPNGBT33332D","granny_matrix_4x4","Native CPU reference/fallback SSE deformer; mathematics remains unchanged","G","D1-X state: private SDK adapter, explicit legacy reference entrypoint, compatibility wrapper or tooling; see main report exceptions","SDK/adapter symbol","granny_matrix_4x4 const* Transforms,"
"src/EterGrnLib/Deform.cpp","55","DeformPWNT3432toGrannyPNGBT33332D","granny_int32x","Native CPU reference/fallback SSE deformer; mathematics remains unchanged","G","D1-X state: private SDK adapter, explicit legacy reference entrypoint, compatibility wrapper or tooling; see main report exceptions","SDK/adapter symbol","granny_int32x SourceStride, granny_int32x DestStride)"
"src/EterGrnLib/Deform.cpp","57","DeformPWNT3432toGrannyPNGBT33332D","granny_pwnt3432_vertex","Native CPU reference/fallback SSE deformer; mathematics remains unchanged","B","D1-X state: private SDK adapter, explicit legacy reference entrypoint, compatibility wrapper or tooling; see main report exceptions","SDK/adapter symbol","const granny_pwnt3432_vertex* src = (const granny_pwnt3432_vertex*)SourceInit;"
"src/EterGrnLib/Deform.cpp","58","DeformPWNT3432toGrannyPNGBT33332D","granny_pnt332_vertex","Native CPU reference/fallback SSE deformer; mathematics remains unchanged","B","D1-X state: private SDK adapter, explicit legacy reference entrypoint, compatibility wrapper or tooling; see main report exceptions","SDK/adapter symbol","granny_pnt332_vertex* dst = (granny_pnt332_vertex*)DestInit;"
"src/EterGrnLib/Deform.cpp","70","DeformPWNT3432toGrannyPNGBT33332D","granny_uint8","Native CPU reference/fallback SSE deformer; mathematics remains unchanged","D","D1-X state: private SDK adapter, explicit legacy reference entrypoint, compatibility wrapper or tooling; see main report exceptions","SDK/adapter symbol","const granny_uint8 w0 = src->BoneWeights[0];"
"src/EterGrnLib/Deform.cpp","71","DeformPWNT3432toGrannyPNGBT33332D","granny_uint8","Native CPU reference/fallback SSE deformer; mathematics remains unchanged","D","D1-X state: private SDK adapter, explicit legacy reference entrypoint, compatibility wrapper or tooling; see main report exceptions","SDK/adapter symbol","const granny_uint8 w1 = src->BoneWeights[1];"
"src/EterGrnLib/Deform.cpp","72","DeformPWNT3432toGrannyPNGBT33332D","granny_uint8","Native CPU reference/fallback SSE deformer; mathematics remains unchanged","D","D1-X state: private SDK adapter, explicit legacy reference entrypoint, compatibility wrapper or tooling; see main report exceptions","SDK/adapter symbol","const granny_uint8 w2 = src->BoneWeights[2];"
"src/EterGrnLib/Deform.cpp","73","DeformPWNT3432toGrannyPNGBT33332D","granny_uint8","Native CPU reference/fallback SSE deformer; mathematics remains unchanged","D","D1-X state: private SDK adapter, explicit legacy reference entrypoint, compatibility wrapper or tooling; see main report exceptions","SDK/adapter symbol","const granny_uint8 w3 = src->BoneWeights[3];"
"src/EterGrnLib/Deform.cpp","114","DeformPWNT3432toGrannyPNGBT33332D","granny_pwnt3432_vertex;granny_uint8","Native CPU reference/fallback SSE deformer; mathematics remains unchanged","B","D1-X state: private SDK adapter, explicit legacy reference entrypoint, compatibility wrapper or tooling; see main report exceptions","SDK/adapter symbol","src = (const granny_pwnt3432_vertex*)((const granny_uint8*)src + SourceStride);"
"src/EterGrnLib/Deform.cpp","115","DeformPWNT3432toGrannyPNGBT33332D","granny_pnt332_vertex;granny_uint8","Native CPU reference/fallback SSE deformer; mathematics remains unchanged","B","D1-X state: private SDK adapter, explicit legacy reference entrypoint, compatibility wrapper or tooling; see main report exceptions","SDK/adapter symbol","dst = (granny_pnt332_vertex*)((granny_uint8*)dst + DestStride);"
"src/EterGrnLib/Deform.cpp","119","DeformPWNT3432toGrannyPNGBT33332I","granny_int32x","Native CPU reference/fallback SSE deformer; mathematics remains unchanged","G","D1-X state: private SDK adapter, explicit legacy reference entrypoint, compatibility wrapper or tooling; see main report exceptions","SDK/adapter symbol","void DeformPWNT3432toGrannyPNGBT33332I(granny_int32x Count, void const* SourceInit, void* DestInit,"
"src/EterGrnLib/Deform.cpp","120","DeformPWNT3432toGrannyPNGBT33332I","granny_int32x;granny_matrix_4x4","Native CPU reference/fallback SSE deformer; mathematics remains unchanged","G","D1-X state: private SDK adapter, explicit legacy reference entrypoint, compatibility wrapper or tooling; see main report exceptions","SDK/adapter symbol","granny_int32x const* TransformTable, granny_matrix_4x4 const* Transforms,"
"src/EterGrnLib/Deform.cpp","121","DeformPWNT3432toGrannyPNGBT33332I","granny_int32x","Native CPU reference/fallback SSE deformer; mathematics remains unchanged","G","D1-X state: private SDK adapter, explicit legacy reference entrypoint, compatibility wrapper or tooling; see main report exceptions","SDK/adapter symbol","granny_int32x SourceStride, granny_int32x DestStride)"
"src/EterGrnLib/Deform.cpp","123","DeformPWNT3432toGrannyPNGBT33332I","granny_pwnt3432_vertex","Native CPU reference/fallback SSE deformer; mathematics remains unchanged","B","D1-X state: private SDK adapter, explicit legacy reference entrypoint, compatibility wrapper or tooling; see main report exceptions","SDK/adapter symbol","const granny_pwnt3432_vertex* src = (const granny_pwnt3432_vertex*)SourceInit;"
"src/EterGrnLib/Deform.cpp","124","DeformPWNT3432toGrannyPNGBT33332I","granny_pnt332_vertex","Native CPU reference/fallback SSE deformer; mathematics remains unchanged","B","D1-X state: private SDK adapter, explicit legacy reference entrypoint, compatibility wrapper or tooling; see main report exceptions","SDK/adapter symbol","granny_pnt332_vertex* dst = (granny_pnt332_vertex*)DestInit;"
"src/EterGrnLib/Deform.cpp","136","DeformPWNT3432toGrannyPNGBT33332I","granny_uint8","Native CPU reference/fallback SSE deformer; mathematics remains unchanged","D","D1-X state: private SDK adapter, explicit legacy reference entrypoint, compatibility wrapper or tooling; see main report exceptions","SDK/adapter symbol","const granny_uint8 w0 = src->BoneWeights[0];"
"src/EterGrnLib/Deform.cpp","137","DeformPWNT3432toGrannyPNGBT33332I","granny_uint8","Native CPU reference/fallback SSE deformer; mathematics remains unchanged","D","D1-X state: private SDK adapter, explicit legacy reference entrypoint, compatibility wrapper or tooling; see main report exceptions","SDK/adapter symbol","const granny_uint8 w1 = src->BoneWeights[1];"
"src/EterGrnLib/Deform.cpp","138","DeformPWNT3432toGrannyPNGBT33332I","granny_uint8","Native CPU reference/fallback SSE deformer; mathematics remains unchanged","D","D1-X state: private SDK adapter, explicit legacy reference entrypoint, compatibility wrapper or tooling; see main report exceptions","SDK/adapter symbol","const granny_uint8 w2 = src->BoneWeights[2];"
"src/EterGrnLib/Deform.cpp","139","DeformPWNT3432toGrannyPNGBT33332I","granny_uint8","Native CPU reference/fallback SSE deformer; mathematics remains unchanged","D","D1-X state: private SDK adapter, explicit legacy reference entrypoint, compatibility wrapper or tooling; see main report exceptions","SDK/adapter symbol","const granny_uint8 w3 = src->BoneWeights[3];"
"src/EterGrnLib/Deform.cpp","185","DeformPWNT3432toGrannyPNGBT33332I","granny_pwnt3432_vertex;granny_uint8","Native CPU reference/fallback SSE deformer; mathematics remains unchanged","B","D1-X state: private SDK adapter, explicit legacy reference entrypoint, compatibility wrapper or tooling; see main report exceptions","SDK/adapter symbol","src = (const granny_pwnt3432_vertex*)((const granny_uint8*)src + SourceStride);"
"src/EterGrnLib/Deform.cpp","186","DeformPWNT3432toGrannyPNGBT33332I","granny_pnt332_vertex;granny_uint8","Native CPU reference/fallback SSE deformer; mathematics remains unchanged","B","D1-X state: private SDK adapter, explicit legacy reference entrypoint, compatibility wrapper or tooling; see main report exceptions","SDK/adapter symbol","dst = (granny_pnt332_vertex*)((granny_uint8*)dst + DestStride);"
"src/EterGrnLib/Deform.cpp","190","DeformPWNT3432toGrannyPNGBT33332","granny_int32x","Native CPU reference/fallback SSE deformer; mathematics remains unchanged","G","D1-X state: private SDK adapter, explicit legacy reference entrypoint, compatibility wrapper or tooling; see main report exceptions","SDK/adapter symbol","void DeformPWNT3432toGrannyPNGBT33332(granny_int32x Count, void const* SourceInit, void* DestInit,"
"src/EterGrnLib/Deform.cpp","191","DeformPWNT3432toGrannyPNGBT33332","granny_int32x;granny_matrix_4x4","Native CPU reference/fallback SSE deformer; mathematics remains unchanged","G","D1-X state: private SDK adapter, explicit legacy reference entrypoint, compatibility wrapper or tooling; see main report exceptions","SDK/adapter symbol","granny_int32x const* TransformTable, granny_matrix_4x4 const* Transforms,"
"src/EterGrnLib/Deform.cpp","192","DeformPWNT3432toGrannyPNGBT33332","granny_int32x","Native CPU reference/fallback SSE deformer; mathematics remains unchanged","G","D1-X state: private SDK adapter, explicit legacy reference entrypoint, compatibility wrapper or tooling; see main report exceptions","SDK/adapter symbol","granny_int32x SourceStride, granny_int32x DestStride)"
"src/EterGrnLib/Deform.h","2","file scope","Granny","Native CPU reference/fallback SSE deformer; mathematics remains unchanged","G","D1-X state: private SDK adapter, explicit legacy reference entrypoint, compatibility wrapper or tooling; see main report exceptions","include","#include ""AssetRuntime/Granny/Native.h"""
"src/EterGrnLib/Deform.h","4","DeformPWNT3432toGrannyPNGBT33332","granny_int32x","Native CPU reference/fallback SSE deformer; mathematics remains unchanged","G","D1-X state: private SDK adapter, explicit legacy reference entrypoint, compatibility wrapper or tooling; see main report exceptions","SDK/adapter symbol","void DeformPWNT3432toGrannyPNGBT33332(granny_int32x Count, void const* SourceInit, void* DestInit,"
"src/EterGrnLib/Deform.h","5","DeformPWNT3432toGrannyPNGBT33332","granny_int32x;granny_matrix_4x4","Native CPU reference/fallback SSE deformer; mathematics remains unchanged","G","D1-X state: private SDK adapter, explicit legacy reference entrypoint, compatibility wrapper or tooling; see main report exceptions","SDK/adapter symbol","granny_int32x const* TransformTable, granny_matrix_4x4 const* Transforms,"
"src/EterGrnLib/Deform.h","6","DeformPWNT3432toGrannyPNGBT33332","granny_int32x","Native CPU reference/fallback SSE deformer; mathematics remains unchanged","G","D1-X state: private SDK adapter, explicit legacy reference entrypoint, compatibility wrapper or tooling; see main report exceptions","SDK/adapter symbol","granny_int32x SourceStride, granny_int32x DestStride);"
"src/EterGrnLib/LODController.cpp","109","GrannyCreateSharedDeformBuffer","GrannyCreateSharedDeformBuffer","Actor LOD swapping and linked skeleton/Hair remap preservation","G;H","D1-X state: private SDK adapter, explicit legacy reference entrypoint, compatibility wrapper or tooling; see main report exceptions","SDK/adapter symbol","void GrannyCreateSharedDeformBuffer()"
"src/EterGrnLib/LODController.cpp","118","GrannyDestroySharedDeformBuffer","GrannyDestroySharedDeformBuffer","Actor LOD swapping and linked skeleton/Hair remap preservation","G;H","D1-X state: private SDK adapter, explicit legacy reference entrypoint, compatibility wrapper or tooling; see main report exceptions","SDK/adapter symbol","void GrannyDestroySharedDeformBuffer()"
"src/EterGrnLib/LODController.cpp","121","GrannyDestroySharedDeformBuffer","granny_shared_vbs","Actor LOD swapping and linked skeleton/Hair remap preservation","H","D1-X state: private SDK adapter, explicit legacy reference entrypoint, compatibility wrapper or tooling; see main report exceptions","SDK/adapter symbol","TraceError(""granny_shared_vbs:"");"
"src/EterGrnLib/LODController.cpp","142","CGrannyLODController::SetMinLODMode","CGrannyLODController","Actor LOD swapping and linked skeleton/Hair remap preservation","E;H","D1-X state: private SDK adapter, explicit legacy reference entrypoint, compatibility wrapper or tooling; see main report exceptions","legacy wrapper","void CGrannyLODController::SetMinLODMode(bool isEnable)"
"src/EterGrnLib/LODController.cpp","147","CGrannyLODController::SetMaterialImagePointer","CGrannyLODController","Actor LOD swapping and linked skeleton/Hair remap preservation","C;E;H","D1-X state: private SDK adapter, explicit legacy reference entrypoint, compatibility wrapper or tooling; see main report exceptions","legacy wrapper","void CGrannyLODController::SetMaterialImagePointer(const char* c_szImageName, CGraphicImage* pImage)"
"src/EterGrnLib/LODController.cpp","149","CGrannyLODController::SetMaterialImagePointer","CGrannyModelInstance","Actor LOD swapping and linked skeleton/Hair remap preservation","H","D1-X state: private SDK adapter, explicit legacy reference entrypoint, compatibility wrapper or tooling; see main report exceptions","legacy wrapper","std::deque<CGrannyModelInstance *>::iterator i;"
"src/EterGrnLib/LODController.cpp","152","CGrannyLODController::SetMaterialImagePointer","CGrannyModelInstance","Actor LOD swapping and linked skeleton/Hair remap preservation","H","D1-X state: private SDK adapter, explicit legacy reference entrypoint, compatibility wrapper or tooling; see main report exceptions","legacy wrapper","CGrannyModelInstance* pkModelInst=(*i);"
"src/EterGrnLib/LODController.cpp","157","CGrannyLODController::SetMaterialData","CGrannyLODController","Actor LOD swapping and linked skeleton/Hair remap preservation","C;E;H","D1-X state: private SDK adapter, explicit legacy reference entrypoint, compatibility wrapper or tooling; see main report exceptions","legacy wrapper","void CGrannyLODController::SetMaterialData(const char* c_szImageName, const SMaterialData& c_rkMaterialData)"
"src/EterGrnLib/LODController.cpp","159","CGrannyLODController::SetMaterialData","CGrannyModelInstance","Actor LOD swapping and linked skeleton/Hair remap preservation","H","D1-X state: private SDK adapter, explicit legacy reference entrypoint, compatibility wrapper or tooling; see main report exceptions","legacy wrapper","std::deque<CGrannyModelInstance *>::iterator i;"
"src/EterGrnLib/LODController.cpp","162","CGrannyLODController::SetMaterialData","CGrannyModelInstance","Actor LOD swapping and linked skeleton/Hair remap preservation","H","D1-X state: private SDK adapter, explicit legacy reference entrypoint, compatibility wrapper or tooling; see main report exceptions","legacy wrapper","CGrannyModelInstance* pkModelInst=(*i);"
"src/EterGrnLib/LODController.cpp","167","CGrannyLODController::SetSpecularInfo","CGrannyLODController","Actor LOD swapping and linked skeleton/Hair remap preservation","E;H","D1-X state: private SDK adapter, explicit legacy reference entrypoint, compatibility wrapper or tooling; see main report exceptions","legacy wrapper","void CGrannyLODController::SetSpecularInfo(const char* c_szMtrlName, BOOL bEnable, float fPower)"
"src/EterGrnLib/LODController.cpp","169","CGrannyLODController::SetSpecularInfo","CGrannyModelInstance","Actor LOD swapping and linked skeleton/Hair remap preservation","H","D1-X state: private SDK adapter, explicit legacy reference entrypoint, compatibility wrapper or tooling; see main report exceptions","legacy wrapper","std::deque<CGrannyModelInstance *>::iterator i;"
"src/EterGrnLib/LODController.cpp","172","CGrannyLODController::SetSpecularInfo","CGrannyModelInstance","Actor LOD swapping and linked skeleton/Hair remap preservation","H","D1-X state: private SDK adapter, explicit legacy reference entrypoint, compatibility wrapper or tooling; see main report exceptions","legacy wrapper","CGrannyModelInstance* pkModelInst=(*i);"
"src/EterGrnLib/LODController.cpp","177","CGrannyLODController::CGrannyLODController","CGrannyLODController","Actor LOD swapping and linked skeleton/Hair remap preservation","E;H","D1-X state: private SDK adapter, explicit legacy reference entrypoint, compatibility wrapper or tooling; see main report exceptions","legacy wrapper","CGrannyLODController::CGrannyLODController() :"
"src/EterGrnLib/LODController.cpp","182","CGrannyLODController::CGrannyLODController","CGrannyModelInstance","Actor LOD swapping and linked skeleton/Hair remap preservation","H","D1-X state: private SDK adapter, explicit legacy reference entrypoint, compatibility wrapper or tooling; see main report exceptions","legacy wrapper","m_dwLODAniFPS(CGrannyModelInstance::ANIFPS_MAX),"
"src/EterGrnLib/LODController.cpp","188","CGrannyLODController::~CGrannyLODController","CGrannyLODController","Actor LOD swapping and linked skeleton/Hair remap preservation","E;H","D1-X state: private SDK adapter, explicit legacy reference entrypoint, compatibility wrapper or tooling; see main report exceptions","legacy wrapper","CGrannyLODController::~CGrannyLODController()"
"src/EterGrnLib/LODController.cpp","195","CGrannyLODController::Clear","CGrannyLODController","Actor LOD swapping and linked skeleton/Hair remap preservation","E;H","D1-X state: private SDK adapter, explicit legacy reference entrypoint, compatibility wrapper or tooling; see main report exceptions","legacy wrapper","void CGrannyLODController::Clear()"
"src/EterGrnLib/LODController.cpp","205","std::for_each","CGrannyModelInstance","Actor LOD swapping and linked skeleton/Hair remap preservation","H","D1-X state: private SDK adapter, explicit legacy reference entrypoint, compatibility wrapper or tooling; see main report exceptions","legacy wrapper","std::for_each(m_que_pkModelInst.begin(), m_que_pkModelInst.end(), CGrannyModelInstance::Delete);"
"src/EterGrnLib/LODController.cpp","218","CGrannyLODController::AddModel","CGrannyLODController","Actor LOD swapping and linked skeleton/Hair remap preservation","A;E;H","D1-X state: private SDK adapter, explicit legacy reference entrypoint, compatibility wrapper or tooling; see main report exceptions","legacy wrapper","void CGrannyLODController::AddModel(CGraphicThing * pThing, int iSrcModel, CGrannyLODController * pSkelLODController)"
"src/EterGrnLib/LODController.cpp","238","CGrannyLODController::AddModel","CGrannyModel","Actor LOD swapping and linked skeleton/Hair remap preservation","H","D1-X state: private SDK adapter, explicit legacy reference entrypoint, compatibility wrapper or tooling; see main report exceptions","legacy wrapper","CGrannyModel * pModel = pThing->GetModelPointer(iSrcModel);"
"src/EterGrnLib/LODController.cpp","245","CGrannyLODController::AddModel","CGrannyModelInstance","Actor LOD swapping and linked skeleton/Hair remap preservation","H","D1-X state: private SDK adapter, explicit legacy reference entrypoint, compatibility wrapper or tooling; see main report exceptions","legacy wrapper","CGrannyModelInstance * pModelInstance = CGrannyModelInstance::New();"
"src/EterGrnLib/LODController.cpp","261","CGrannyModelInstance::Delete","CGrannyModelInstance","Actor LOD swapping and linked skeleton/Hair remap preservation","H","D1-X state: private SDK adapter, explicit legacy reference entrypoint, compatibility wrapper or tooling; see main report exceptions","legacy wrapper","CGrannyModelInstance::Delete(pModelInstance);"
"src/EterGrnLib/LODController.cpp","301","CGrannyLODController::__ReserveSharedDeformableVertexBuffer","CGrannyLODController","Actor LOD swapping and linked skeleton/Hair remap preservation","B;E;G;H","D1-X state: private SDK adapter, explicit legacy reference entrypoint, compatibility wrapper or tooling; see main report exceptions","legacy wrapper","void CGrannyLODController::__ReserveSharedDeformableVertexBuffer(DWORD deformableVertexCount)"
"src/EterGrnLib/LODController.cpp","312","CGrannyLODController::AttachModelInstance","CGrannyLODController","Actor LOD swapping and linked skeleton/Hair remap preservation","D;E;H","D1-X state: private SDK adapter, explicit legacy reference entrypoint, compatibility wrapper or tooling; see main report exceptions","legacy wrapper","void CGrannyLODController::AttachModelInstance(CGrannyLODController * pSrcLODController, const char * c_szBoneName)"
"src/EterGrnLib/LODController.cpp","314","CGrannyLODController::AttachModelInstance","CGrannyModelInstance","Actor LOD swapping and linked skeleton/Hair remap preservation","E;H","D1-X state: private SDK adapter, explicit legacy reference entrypoint, compatibility wrapper or tooling; see main report exceptions","legacy wrapper","CGrannyModelInstance * pSrcInstance = pSrcLODController->GetModelInstance();"
"src/EterGrnLib/LODController.cpp","318","CGrannyLODController::AttachModelInstance","CGrannyModelInstance","Actor LOD swapping and linked skeleton/Hair remap preservation","H","D1-X state: private SDK adapter, explicit legacy reference entrypoint, compatibility wrapper or tooling; see main report exceptions","legacy wrapper","CGrannyModelInstance * pDestInstance = GetModelInstance();"
"src/EterGrnLib/LODController.cpp","351","CGrannyLODController::DetachModelInstance","CGrannyLODController","Actor LOD swapping and linked skeleton/Hair remap preservation","E;H","D1-X state: private SDK adapter, explicit legacy reference entrypoint, compatibility wrapper or tooling; see main report exceptions","legacy wrapper","void CGrannyLODController::DetachModelInstance(CGrannyLODController * pSrcLODController)"
"src/EterGrnLib/LODController.cpp","353","CGrannyLODController::DetachModelInstance","CGrannyModelInstance","Actor LOD swapping and linked skeleton/Hair remap preservation","E;H","D1-X state: private SDK adapter, explicit legacy reference entrypoint, compatibility wrapper or tooling; see main report exceptions","legacy wrapper","CGrannyModelInstance * pSrcInstance = pSrcLODController->GetModelInstance();"
"src/EterGrnLib/LODController.cpp","357","CGrannyLODController::DetachModelInstance","CGrannyModelInstance","Actor LOD swapping and linked skeleton/Hair remap preservation","H","D1-X state: private SDK adapter, explicit legacy reference entrypoint, compatibility wrapper or tooling; see main report exceptions","legacy wrapper","CGrannyModelInstance * pDestInstance = GetModelInstance();"
"src/EterGrnLib/LODController.cpp","385","CGrannyLODController::SetLODLimits","CGrannyLODController","Actor LOD swapping and linked skeleton/Hair remap preservation","E;H","D1-X state: private SDK adapter, explicit legacy reference entrypoint, compatibility wrapper or tooling; see main report exceptions","legacy wrapper","void CGrannyLODController::SetLODLimits(float /*fNearLOD*/, float fFarLOD)"
"src/EterGrnLib/LODController.cpp","390","CGrannyLODController::SetLODLevel","CGrannyLODController","Actor LOD swapping and linked skeleton/Hair remap preservation","E;H","D1-X state: private SDK adapter, explicit legacy reference entrypoint, compatibility wrapper or tooling; see main report exceptions","legacy wrapper","void CGrannyLODController::SetLODLevel(BYTE bLodLevel)"
"src/EterGrnLib/LODController.cpp","398","CGrannyLODController::CreateDeviceObjects","CGrannyLODController","Actor LOD swapping and linked skeleton/Hair remap preservation","E;H","D1-X state: private SDK adapter, explicit legacy reference entrypoint, compatibility wrapper or tooling; see main report exceptions","legacy wrapper","void CGrannyLODController::CreateDeviceObjects()"
"src/EterGrnLib/LODController.cpp","402","CGrannyModelInstance::FCreateDeviceObjects","CGrannyModelInstance","Actor LOD swapping and linked skeleton/Hair remap preservation","H","D1-X state: private SDK adapter, explicit legacy reference entrypoint, compatibility wrapper or tooling; see main report exceptions","legacy wrapper","CGrannyModelInstance::FCreateDeviceObjects());"
"src/EterGrnLib/LODController.cpp","405","CGrannyLODController::DestroyDeviceObjects","CGrannyLODController","Actor LOD swapping and linked skeleton/Hair remap preservation","E;H","D1-X state: private SDK adapter, explicit legacy reference entrypoint, compatibility wrapper or tooling; see main report exceptions","legacy wrapper","void CGrannyLODController::DestroyDeviceObjects()"
"src/EterGrnLib/LODController.cpp","409","CGrannyModelInstance::FDestroyDeviceObjects","CGrannyModelInstance","Actor LOD swapping and linked skeleton/Hair remap preservation","H","D1-X state: private SDK adapter, explicit legacy reference entrypoint, compatibility wrapper or tooling; see main report exceptions","legacy wrapper","CGrannyModelInstance::FDestroyDeviceObjects());"
"src/EterGrnLib/LODController.cpp","412","CGrannyLODController::RenderWithOneTexture","CGrannyLODController","Actor LOD swapping and linked skeleton/Hair remap preservation","C;E;H","D1-X state: private SDK adapter, explicit legacy reference entrypoint, compatibility wrapper or tooling; see main report exceptions","legacy wrapper","void CGrannyLODController::RenderWithOneTexture()"
"src/EterGrnLib/LODController.cpp","435","CGrannyLODController::BlendRenderWithOneTexture","CGrannyLODController","Actor LOD swapping and linked skeleton/Hair remap preservation","C;E;H","D1-X state: private SDK adapter, explicit legacy reference entrypoint, compatibility wrapper or tooling; see main report exceptions","legacy wrapper","void CGrannyLODController::BlendRenderWithOneTexture()"
"src/EterGrnLib/LODController.cpp","441","CGrannyLODController::RenderWithTwoTexture","CGrannyLODController","Actor LOD swapping and linked skeleton/Hair remap preservation","C;E;H","D1-X state: private SDK adapter, explicit legacy reference entrypoint, compatibility wrapper or tooling; see main report exceptions","legacy wrapper","void CGrannyLODController::RenderWithTwoTexture()"
"src/EterGrnLib/LODController.cpp","447","CGrannyLODController::BlendRenderWithTwoTexture","CGrannyLODController","Actor LOD swapping and linked skeleton/Hair remap preservation","C;E;H","D1-X state: private SDK adapter, explicit legacy reference entrypoint, compatibility wrapper or tooling; see main report exceptions","legacy wrapper","void CGrannyLODController::BlendRenderWithTwoTexture()"
"src/EterGrnLib/LODController.cpp","453","CGrannyLODController::Update","CGrannyLODController","Actor LOD swapping and linked skeleton/Hair remap preservation","E;H","D1-X state: private SDK adapter, explicit legacy reference entrypoint, compatibility wrapper or tooling; see main report exceptions","legacy wrapper","void CGrannyLODController::Update(float fElapsedTime, float fDistanceFromCenter, float fDistanceFromCamera)"
"src/EterGrnLib/LODController.cpp","459","CGrannyLODController::UpdateLODLevel","CGrannyLODController","Actor LOD swapping and linked skeleton/Hair remap preservation","E;H","D1-X state: private SDK adapter, explicit legacy reference entrypoint, compatibility wrapper or tooling; see main report exceptions","legacy wrapper","void CGrannyLODController::UpdateLODLevel(float fDistanceFromCenter, float fDistanceFromCamera)"
"src/EterGrnLib/LODController.cpp","477","CGrannyLODController::UpdateLODLevel","CGrannyModelInstance","Actor LOD swapping and linked skeleton/Hair remap preservation","H","D1-X state: private SDK adapter, explicit legacy reference entrypoint, compatibility wrapper or tooling; see main report exceptions","legacy wrapper","m_dwLODAniFPS = (DWORD) ((CGrannyModelInstance::ANIFPS_MAX - CGrannyModelInstance::ANIFPS_MIN) * fLODFactor / m_fLODDistance + static_cast<float>(CGrannyModelInstance::ANIFPS_MIN));"
"src/EterGrnLib/LODController.cpp","479","CGrannyLODController::UpdateLODLevel","CGrannyModelInstance","Actor LOD swapping and linked skeleton/Hair remap preservation","H","D1-X state: private SDK adapter, explicit legacy reference entrypoint, compatibility wrapper or tooling; see main report exceptions","legacy wrapper","m_dwLODAniFPS = CGrannyModelInstance::ANIFPS_MIN;"
"src/EterGrnLib/LODController.cpp","522","CGrannyLODController::UpdateLODLevel","CGrannyModelInstance","Actor LOD swapping and linked skeleton/Hair remap preservation","H","D1-X state: private SDK adapter, explicit legacy reference entrypoint, compatibility wrapper or tooling; see main report exceptions","legacy wrapper","m_dwLODAniFPS=CGrannyModelInstance::ANIFPS_MAX;"
"src/EterGrnLib/LODController.cpp","534","CGrannyLODController::UpdateTime","CGrannyLODController","Actor LOD swapping and linked skeleton/Hair remap preservation","E;H","D1-X state: private SDK adapter, explicit legacy reference entrypoint, compatibility wrapper or tooling; see main report exceptions","legacy wrapper","void CGrannyLODController::UpdateTime(float fElapsedTime)"
"src/EterGrnLib/LODController.cpp","563","CGrannyLODController::SetCurrentModelInstance","CGrannyLODController;CGrannyModelInstance","Actor LOD swapping and linked skeleton/Hair remap preservation","E;H","D1-X state: private SDK adapter, explicit legacy reference entrypoint, compatibility wrapper or tooling; see main report exceptions","legacy wrapper","void CGrannyLODController::SetCurrentModelInstance(CGrannyModelInstance * pgrnModelInstance)"
"src/EterGrnLib/LODController.cpp","579","CGrannyLODController::RefreshAttachedModelInstance","CGrannyLODController","Actor LOD swapping and linked skeleton/Hair remap preservation","E;H","D1-X state: private SDK adapter, explicit legacy reference entrypoint, compatibility wrapper or tooling; see main report exceptions","legacy wrapper","void CGrannyLODController::RefreshAttachedModelInstance()"
"src/EterGrnLib/LODController.cpp","588","CGrannyLODController::RefreshAttachedModelInstance","CGrannyModelInstance","Actor LOD swapping and linked skeleton/Hair remap preservation","E;H","D1-X state: private SDK adapter, explicit legacy reference entrypoint, compatibility wrapper or tooling; see main report exceptions","legacy wrapper","CGrannyModelInstance * pSrcInstance = rModelData.pkLODController->GetModelInstance();"
"src/EterGrnLib/LODController.cpp","591","CGrannyLODController::RefreshAttachedModelInstance","CGrannyLODController","Actor LOD swapping and linked skeleton/Hair remap preservation","E;H","D1-X state: private SDK adapter, explicit legacy reference entrypoint, compatibility wrapper or tooling; see main report exceptions","legacy wrapper","Tracenf(""CGrannyLODController::RefreshAttachedModelInstance : m_AttachedModelDataVector[%d]->pkLODController->GetModelIntance()==NULL"", i);"
"src/EterGrnLib/LODController.cpp","599","CGrannyLODController::UpdateSkeleton","CGrannyLODController","Actor LOD swapping and linked skeleton/Hair remap preservation","D;E;H","D1-X state: private SDK adapter, explicit legacy reference entrypoint, compatibility wrapper or tooling; see main report exceptions","legacy wrapper","void CGrannyLODController::UpdateSkeleton(const Math::Matrix * c_pWorldMatrix, float fElapsedTime)"
"src/EterGrnLib/LODController.cpp","605","CGrannyLODController::DeformAll","CGrannyLODController","Actor LOD swapping and linked skeleton/Hair remap preservation","E;G;H","D1-X state: private SDK adapter, explicit legacy reference entrypoint, compatibility wrapper or tooling; see main report exceptions","legacy wrapper","void CGrannyLODController::DeformAll(const Math::Matrix * c_pWorldMatrix)"
"src/EterGrnLib/LODController.cpp","607","CGrannyLODController::DeformAll","CGrannyModelInstance","Actor LOD swapping and linked skeleton/Hair remap preservation","H","D1-X state: private SDK adapter, explicit legacy reference entrypoint, compatibility wrapper or tooling; see main report exceptions","legacy wrapper","std::deque<CGrannyModelInstance *>::iterator i;"
"src/EterGrnLib/LODController.cpp","610","CGrannyLODController::DeformAll","CGrannyModelInstance","Actor LOD swapping and linked skeleton/Hair remap preservation","H","D1-X state: private SDK adapter, explicit legacy reference entrypoint, compatibility wrapper or tooling; see main report exceptions","legacy wrapper","CGrannyModelInstance* pkModelInst=(*i);"
"src/EterGrnLib/LODController.cpp","615","CGrannyLODController::DeformNoSkin","CGrannyLODController","Actor LOD swapping and linked skeleton/Hair remap preservation","E;G;H","D1-X state: private SDK adapter, explicit legacy reference entrypoint, compatibility wrapper or tooling; see main report exceptions","legacy wrapper","void CGrannyLODController::DeformNoSkin(const Math::Matrix * c_pWorldMatrix)"
"src/EterGrnLib/LODController.cpp","621","CGrannyLODController::Deform","CGrannyLODController","Actor LOD swapping and linked skeleton/Hair remap preservation","E;G;H","D1-X state: private SDK adapter, explicit legacy reference entrypoint, compatibility wrapper or tooling; see main report exceptions","legacy wrapper","void CGrannyLODController::Deform(const Math::Matrix * c_pWorldMatrix)"
"src/EterGrnLib/LODController.cpp","627","CGrannyLODController::RenderToShadowMap","CGrannyLODController","Actor LOD swapping and linked skeleton/Hair remap preservation","E;H","D1-X state: private SDK adapter, explicit legacy reference entrypoint, compatibility wrapper or tooling; see main report exceptions","legacy wrapper","void CGrannyLODController::RenderToShadowMap()"
"src/EterGrnLib/LODController.cpp","633","CGrannyLODController::RenderShadow","CGrannyLODController","Actor LOD swapping and linked skeleton/Hair remap preservation","E;H","D1-X state: private SDK adapter, explicit legacy reference entrypoint, compatibility wrapper or tooling; see main report exceptions","legacy wrapper","void CGrannyLODController::RenderShadow()"
"src/EterGrnLib/LODController.cpp","639","CGrannyLODController::ReloadTexture","CGrannyLODController","Actor LOD swapping and linked skeleton/Hair remap preservation","C;E;H","D1-X state: private SDK adapter, explicit legacy reference entrypoint, compatibility wrapper or tooling; see main report exceptions","legacy wrapper","void CGrannyLODController::ReloadTexture()"
"src/EterGrnLib/LODController.cpp","645","CGrannyLODController::GetBoundBox","CGrannyLODController","Actor LOD swapping and linked skeleton/Hair remap preservation","E;H","D1-X state: private SDK adapter, explicit legacy reference entrypoint, compatibility wrapper or tooling; see main report exceptions","legacy wrapper","void CGrannyLODController::GetBoundBox(Math::Vector3 * vtMin, Math::Vector3 * vtMax)"
"src/EterGrnLib/LODController.cpp","651","CGrannyLODController::Intersect","CGrannyLODController","Actor LOD swapping and linked skeleton/Hair remap preservation","E;H","D1-X state: private SDK adapter, explicit legacy reference entrypoint, compatibility wrapper or tooling; see main report exceptions","legacy wrapper","bool CGrannyLODController::Intersect(const Math::Matrix * c_pMatrix, float * u, float * v, float * t)"
"src/EterGrnLib/LODController.cpp","658","CGrannyLODController::SetLocalTime","CGrannyLODController","Actor LOD swapping and linked skeleton/Hair remap preservation","E;H","D1-X state: private SDK adapter, explicit legacy reference entrypoint, compatibility wrapper or tooling; see main report exceptions","legacy wrapper","void CGrannyLODController::SetLocalTime(float fLocalTime)"
"src/EterGrnLib/LODController.cpp","664","CGrannyLODController::ResetLocalTime","CGrannyLODController","Actor LOD swapping and linked skeleton/Hair remap preservation","E;H","D1-X state: private SDK adapter, explicit legacy reference entrypoint, compatibility wrapper or tooling; see main report exceptions","legacy wrapper","void CGrannyLODController::ResetLocalTime()"
"src/EterGrnLib/LODController.cpp","670","CGrannyLODController::SetMotionPointer","CGrannyLODController;CGrannyMotion","Actor LOD swapping and linked skeleton/Hair remap preservation","E;H","D1-X state: private SDK adapter, explicit legacy reference entrypoint, compatibility wrapper or tooling; see main report exceptions","legacy wrapper","void CGrannyLODController::SetMotionPointer(const CGrannyMotion * c_pMotion, float fBlendTime, int iLoopCount, float speedRatio)"
"src/EterGrnLib/LODController.cpp","676","CGrannyLODController::ChangeMotionPointer","CGrannyLODController;CGrannyMotion","Actor LOD swapping and linked skeleton/Hair remap preservation","E;H","D1-X state: private SDK adapter, explicit legacy reference entrypoint, compatibility wrapper or tooling; see main report exceptions","legacy wrapper","void CGrannyLODController::ChangeMotionPointer(const CGrannyMotion * c_pMotion, int iLoopCount, float speedRatio)"
"src/EterGrnLib/LODController.cpp","682","CGrannyLODController::SetMotionAtEnd","CGrannyLODController","Actor LOD swapping and linked skeleton/Hair remap preservation","E;H","D1-X state: private SDK adapter, explicit legacy reference entrypoint, compatibility wrapper or tooling; see main report exceptions","legacy wrapper","void CGrannyLODController::SetMotionAtEnd()"
"src/EterGrnLib/LODController.cpp","688","CGrannyLODController::isModelInstance","CGrannyLODController","Actor LOD swapping and linked skeleton/Hair remap preservation","E;H","D1-X state: private SDK adapter, explicit legacy reference entrypoint, compatibility wrapper or tooling; see main report exceptions","legacy wrapper","BOOL CGrannyLODController::isModelInstance()"
"src/EterGrnLib/LODController.cpp","696","CGrannyLODController::GetModelInstance","CGrannyLODController;CGrannyModelInstance","Actor LOD swapping and linked skeleton/Hair remap preservation","E;H","D1-X state: private SDK adapter, explicit legacy reference entrypoint, compatibility wrapper or tooling; see main report exceptions","legacy wrapper","CGrannyModelInstance * CGrannyLODController::GetModelInstance()"
"src/EterGrnLib/LODController.h","9","CGrannyLODController","CGrannyLODController","Actor LOD swapping and linked skeleton/Hair remap preservation","E;H","D1-X state: private SDK adapter, explicit legacy reference entrypoint, compatibility wrapper or tooling; see main report exceptions","legacy wrapper","class CGrannyLODController : public CGraphicBase"
"src/EterGrnLib/LODController.h","18","FSetLocalTime::operator","CGrannyLODController","Actor LOD swapping and linked skeleton/Hair remap preservation","E;H","D1-X state: private SDK adapter, explicit legacy reference entrypoint, compatibility wrapper or tooling; see main report exceptions","legacy wrapper","void operator() (CGrannyLODController * pController)"
"src/EterGrnLib/LODController.h","28","FUpdateTime::operator","CGrannyLODController","Actor LOD swapping and linked skeleton/Hair remap preservation","E;H","D1-X state: private SDK adapter, explicit legacy reference entrypoint, compatibility wrapper or tooling; see main report exceptions","legacy wrapper","void operator() (CGrannyLODController * pController)"
"src/EterGrnLib/LODController.h","40","FUpdateLODLevel::operator","CGrannyLODController","Actor LOD swapping and linked skeleton/Hair remap preservation","E;H","D1-X state: private SDK adapter, explicit legacy reference entrypoint, compatibility wrapper or tooling; see main report exceptions","legacy wrapper","void operator() (CGrannyLODController * pController)"
"src/EterGrnLib/LODController.h","49","FRenderWithOneTexture::operator","CGrannyLODController","Actor LOD swapping and linked skeleton/Hair remap preservation","E;H","D1-X state: private SDK adapter, explicit legacy reference entrypoint, compatibility wrapper or tooling; see main report exceptions","legacy wrapper","void operator() (CGrannyLODController * pController)"
"src/EterGrnLib/LODController.h","58","FBlendRenderWithOneTexture::operator","CGrannyLODController","Actor LOD swapping and linked skeleton/Hair remap preservation","E;H","D1-X state: private SDK adapter, explicit legacy reference entrypoint, compatibility wrapper or tooling; see main report exceptions","legacy wrapper","void operator() (CGrannyLODController * pController)"
"src/EterGrnLib/LODController.h","67","FRenderWithTwoTexture::operator","CGrannyLODController","Actor LOD swapping and linked skeleton/Hair remap preservation","E;H","D1-X state: private SDK adapter, explicit legacy reference entrypoint, compatibility wrapper or tooling; see main report exceptions","legacy wrapper","void operator() (CGrannyLODController * pController)"
"src/EterGrnLib/LODController.h","76","FBlendRenderWithTwoTexture::operator","CGrannyLODController","Actor LOD swapping and linked skeleton/Hair remap preservation","E;H","D1-X state: private SDK adapter, explicit legacy reference entrypoint, compatibility wrapper or tooling; see main report exceptions","legacy wrapper","void operator() (CGrannyLODController * pController)"
"src/EterGrnLib/LODController.h","85","FRenderToShadowMap::operator","CGrannyLODController","Actor LOD swapping and linked skeleton/Hair remap preservation","E;H","D1-X state: private SDK adapter, explicit legacy reference entrypoint, compatibility wrapper or tooling; see main report exceptions","legacy wrapper","void operator() (CGrannyLODController * pController)"
"src/EterGrnLib/LODController.h","94","FRenderShadow::operator","CGrannyLODController","Actor LOD swapping and linked skeleton/Hair remap preservation","E;H","D1-X state: private SDK adapter, explicit legacy reference entrypoint, compatibility wrapper or tooling; see main report exceptions","legacy wrapper","void operator() (CGrannyLODController * pController)"
"src/EterGrnLib/LODController.h","105","FDeform::operator","CGrannyLODController","Actor LOD swapping and linked skeleton/Hair remap preservation","E;H","D1-X state: private SDK adapter, explicit legacy reference entrypoint, compatibility wrapper or tooling; see main report exceptions","legacy wrapper","void operator() (CGrannyLODController * pController)"
"src/EterGrnLib/LODController.h","115","FDeformNoSkin::operator","CGrannyLODController","Actor LOD swapping and linked skeleton/Hair remap preservation","E;H","D1-X state: private SDK adapter, explicit legacy reference entrypoint, compatibility wrapper or tooling; see main report exceptions","legacy wrapper","void operator() (CGrannyLODController * pController)"
"src/EterGrnLib/LODController.h","125","FDeformAll::operator","CGrannyLODController","Actor LOD swapping and linked skeleton/Hair remap preservation","E;H","D1-X state: private SDK adapter, explicit legacy reference entrypoint, compatibility wrapper or tooling; see main report exceptions","legacy wrapper","void operator() (CGrannyLODController * pController)"
"src/EterGrnLib/LODController.h","134","FCreateDeviceObjects::operator","CGrannyLODController","Actor LOD swapping and linked skeleton/Hair remap preservation","E;H","D1-X state: private SDK adapter, explicit legacy reference entrypoint, compatibility wrapper or tooling; see main report exceptions","legacy wrapper","void operator() (CGrannyLODController * pController)"
"src/EterGrnLib/LODController.h","143","FDestroyDeviceObjects::operator","CGrannyLODController","Actor LOD swapping and linked skeleton/Hair remap preservation","E;H","D1-X state: private SDK adapter, explicit legacy reference entrypoint, compatibility wrapper or tooling; see main report exceptions","legacy wrapper","void operator() (CGrannyLODController * pController)"
"src/EterGrnLib/LODController.h","161","FBoundBox::operator","CGrannyLODController","Actor LOD swapping and linked skeleton/Hair remap preservation","E;H","D1-X state: private SDK adapter, explicit legacy reference entrypoint, compatibility wrapper or tooling; see main report exceptions","legacy wrapper","void operator() (CGrannyLODController * pController)"
"src/EterGrnLib/LODController.h","170","FResetLocalTime::operator","CGrannyLODController","Actor LOD swapping and linked skeleton/Hair remap preservation","E;H","D1-X state: private SDK adapter, explicit legacy reference entrypoint, compatibility wrapper or tooling; see main report exceptions","legacy wrapper","void operator() (CGrannyLODController * pController)"
"src/EterGrnLib/LODController.h","179","FReloadTexture::operator","CGrannyLODController","Actor LOD swapping and linked skeleton/Hair remap preservation","E;H","D1-X state: private SDK adapter, explicit legacy reference entrypoint, compatibility wrapper or tooling; see main report exceptions","legacy wrapper","void operator () (CGrannyLODController * pController)"
"src/EterGrnLib/LODController.h","188","FSetMotionPointer","CGrannyMotion","Actor LOD swapping and linked skeleton/Hair remap preservation","E;H","D1-X state: private SDK adapter, explicit legacy reference entrypoint, compatibility wrapper or tooling; see main report exceptions","legacy wrapper","const CGrannyMotion *	m_pMotion;"
"src/EterGrnLib/LODController.h","193","FSetMotionPointer::operator","CGrannyLODController","Actor LOD swapping and linked skeleton/Hair remap preservation","E;H","D1-X state: private SDK adapter, explicit legacy reference entrypoint, compatibility wrapper or tooling; see main report exceptions","legacy wrapper","void operator() (CGrannyLODController * pController)"
"src/EterGrnLib/LODController.h","202","FChangeMotionPointer","CGrannyMotion","Actor LOD swapping and linked skeleton/Hair remap preservation","E;H","D1-X state: private SDK adapter, explicit legacy reference entrypoint, compatibility wrapper or tooling; see main report exceptions","legacy wrapper","const CGrannyMotion *	m_pMotion;"
"src/EterGrnLib/LODController.h","206","FChangeMotionPointer::operator","CGrannyLODController","Actor LOD swapping and linked skeleton/Hair remap preservation","E;H","D1-X state: private SDK adapter, explicit legacy reference entrypoint, compatibility wrapper or tooling; see main report exceptions","legacy wrapper","void operator() (CGrannyLODController * pController)"
"src/EterGrnLib/LODController.h","215","FEndStopMotionPointer","CGrannyMotion","Actor LOD swapping and linked skeleton/Hair remap preservation","E;H","D1-X state: private SDK adapter, explicit legacy reference entrypoint, compatibility wrapper or tooling; see main report exceptions","legacy wrapper","const CGrannyMotion *	m_pMotion;"
"src/EterGrnLib/LODController.h","217","FEndStopMotionPointer::operator","CGrannyLODController","Actor LOD swapping and linked skeleton/Hair remap preservation","E;H","D1-X state: private SDK adapter, explicit legacy reference entrypoint, compatibility wrapper or tooling; see main report exceptions","legacy wrapper","void operator () (CGrannyLODController * pController)"
"src/EterGrnLib/LODController.h","224","FEndStopMotionPointer::operator","CGrannyLODController","Actor LOD swapping and linked skeleton/Hair remap preservation","E;H","D1-X state: private SDK adapter, explicit legacy reference entrypoint, compatibility wrapper or tooling; see main report exceptions","legacy wrapper","CGrannyLODController();"
"src/EterGrnLib/LODController.h","225","FEndStopMotionPointer::operator","CGrannyLODController","Actor LOD swapping and linked skeleton/Hair remap preservation","E;H","D1-X state: private SDK adapter, explicit legacy reference entrypoint, compatibility wrapper or tooling; see main report exceptions","legacy wrapper","virtual ~CGrannyLODController();"
"src/EterGrnLib/LODController.h","232","FEndStopMotionPointer::AddModel","CGrannyLODController","Actor LOD swapping and linked skeleton/Hair remap preservation","A;E;H","D1-X state: private SDK adapter, explicit legacy reference entrypoint, compatibility wrapper or tooling; see main report exceptions","legacy wrapper","void	AddModel(CGraphicThing * pThing, int iSrcModel, CGrannyLODController * pSkelLODController=NULL);"
"src/EterGrnLib/LODController.h","233","FEndStopMotionPointer::AttachModelInstance","CGrannyLODController","Actor LOD swapping and linked skeleton/Hair remap preservation","D;E;H","D1-X state: private SDK adapter, explicit legacy reference entrypoint, compatibility wrapper or tooling; see main report exceptions","legacy wrapper","void	AttachModelInstance(CGrannyLODController * pSrcLODController, const char * c_szBoneName);"
"src/EterGrnLib/LODController.h","234","FEndStopMotionPointer::DetachModelInstance","CGrannyLODController","Actor LOD swapping and linked skeleton/Hair remap preservation","E;H","D1-X state: private SDK adapter, explicit legacy reference entrypoint, compatibility wrapper or tooling; see main report exceptions","legacy wrapper","void	DetachModelInstance(CGrannyLODController * pSrcLODController);"
"src/EterGrnLib/LODController.h","266","FEndStopMotionPointer::SetMotionPointer","CGrannyMotion","Actor LOD swapping and linked skeleton/Hair remap preservation","E;H","D1-X state: private SDK adapter, explicit legacy reference entrypoint, compatibility wrapper or tooling; see main report exceptions","legacy wrapper","void	SetMotionPointer(const CGrannyMotion * c_pMotion, float fBlendTime, int iLoopCount, float speedRatio);"
"src/EterGrnLib/LODController.h","267","FEndStopMotionPointer::ChangeMotionPointer","CGrannyMotion","Actor LOD swapping and linked skeleton/Hair remap preservation","E;H","D1-X state: private SDK adapter, explicit legacy reference entrypoint, compatibility wrapper or tooling; see main report exceptions","legacy wrapper","void	ChangeMotionPointer(const CGrannyMotion * c_pMotion, int iLoopCount, float speedRatio);"
"src/EterGrnLib/LODController.h","271","FEndStopMotionPointer::isModelInstance","CGrannyModelInstance","Actor LOD swapping and linked skeleton/Hair remap preservation","H","D1-X state: private SDK adapter, explicit legacy reference entrypoint, compatibility wrapper or tooling; see main report exceptions","legacy wrapper","CGrannyModelInstance*	GetModelInstance();"
"src/EterGrnLib/LODController.h","275","FEndStopMotionPointer::SetCurrentModelInstance","CGrannyModelInstance","Actor LOD swapping and linked skeleton/Hair remap preservation","H","D1-X state: private SDK adapter, explicit legacy reference entrypoint, compatibility wrapper or tooling; see main report exceptions","legacy wrapper","void	SetCurrentModelInstance(CGrannyModelInstance * pgrnModelInstance);"
"src/EterGrnLib/LODController.h","288","FEndStopMotionPointer::__ReserveSharedDeformableVertexBuffer","CGrannyLODController","Actor LOD swapping and linked skeleton/Hair remap preservation","E;H","D1-X state: private SDK adapter, explicit legacy reference entrypoint, compatibility wrapper or tooling; see main report exceptions","legacy wrapper","CGrannyLODController *	pkLODController;"
"src/EterGrnLib/LODController.h","294","FEndStopMotionPointer::__ReserveSharedDeformableVertexBuffer","CGrannyLODController","Actor LOD swapping and linked skeleton/Hair remap preservation","E;H","D1-X state: private SDK adapter, explicit legacy reference entrypoint, compatibility wrapper or tooling; see main report exceptions","legacy wrapper","CGrannyLODController *				m_pAttachedParentModel;"
"src/EterGrnLib/LODController.h","297","FEndStopMotionPointer::__ReserveSharedDeformableVertexBuffer","CGrannyModelInstance","Actor LOD swapping and linked skeleton/Hair remap preservation","H","D1-X state: private SDK adapter, explicit legacy reference entrypoint, compatibility wrapper or tooling; see main report exceptions","legacy wrapper","CGrannyModelInstance *				m_pCurrentModelInstance;"
"src/EterGrnLib/LODController.h","300","FEndStopMotionPointer::__ReserveSharedDeformableVertexBuffer","CGrannyModelInstance","Actor LOD swapping and linked skeleton/Hair remap preservation","H","D1-X state: private SDK adapter, explicit legacy reference entrypoint, compatibility wrapper or tooling; see main report exceptions","legacy wrapper","std::deque<CGrannyModelInstance *>	m_que_pkModelInst;"
"src/EterGrnLib/Material.cpp","2","file scope","Granny","Legacy material/texture translation and render stage classification","C","D1-X state: private SDK adapter, explicit legacy reference entrypoint, compatibility wrapper or tooling; see main report exceptions","include","#include ""AssetRuntime/Granny/Native.h"""
"src/EterGrnLib/Material.cpp","10","file scope","CGrannyMaterial","Legacy material/texture translation and render stage classification","C;H","D1-X state: private SDK adapter, explicit legacy reference entrypoint, compatibility wrapper or tooling; see main report exceptions","legacy wrapper","CGraphicImageInstance CGrannyMaterial::ms_akSphereMapInstance[SPHEREMAP_NUM];"
"src/EterGrnLib/Material.cpp","12","CGrannyMaterial::ms_v3SpecularTrans","CGrannyMaterial","Legacy material/texture translation and render stage classification","C","D1-X state: private SDK adapter, explicit legacy reference entrypoint, compatibility wrapper or tooling; see main report exceptions","legacy wrapper","Math::Vector3	CGrannyMaterial::ms_v3SpecularTrans(0.0f, 0.0f, 0.0f);"
"src/EterGrnLib/Material.cpp","13","CGrannyMaterial::ms_v3SpecularTrans","CGrannyMaterial","Legacy material/texture translation and render stage classification","C","D1-X state: private SDK adapter, explicit legacy reference entrypoint, compatibility wrapper or tooling; see main report exceptions","legacy wrapper","Math::Matrix	CGrannyMaterial::ms_matSpecular;"
"src/EterGrnLib/Material.cpp","17","CGrannyMaterial::TranslateSpecularMatrix","CGrannyMaterial","Legacy material/texture translation and render stage classification","C","D1-X state: private SDK adapter, explicit legacy reference entrypoint, compatibility wrapper or tooling; see main report exceptions","legacy wrapper","void CGrannyMaterial::TranslateSpecularMatrix(float fAddX, float fAddY, float fAddZ)"
"src/EterGrnLib/Material.cpp","41","CGrannyMaterial::ApplyRenderState","CGrannyMaterial","Legacy material/texture translation and render stage classification","C","D1-X state: private SDK adapter, explicit legacy reference entrypoint, compatibility wrapper or tooling; see main report exceptions","legacy wrapper","void CGrannyMaterial::ApplyRenderState()"
"src/EterGrnLib/Material.cpp","43","CGrannyMaterial::ApplyRenderState","CGrannyMaterial","Legacy material/texture translation and render stage classification","C","D1-X state: private SDK adapter, explicit legacy reference entrypoint, compatibility wrapper or tooling; see main report exceptions","legacy wrapper","assert(m_pfnApplyRenderState!=NULL && ""CGrannyMaterial::SaveRenderState"");"
"src/EterGrnLib/Material.cpp","47","CGrannyMaterial::RestoreRenderState","CGrannyMaterial","Legacy material/texture translation and render stage classification","C","D1-X state: private SDK adapter, explicit legacy reference entrypoint, compatibility wrapper or tooling; see main report exceptions","legacy wrapper","void CGrannyMaterial::RestoreRenderState()"
"src/EterGrnLib/Material.cpp","49","CGrannyMaterial::RestoreRenderState","CGrannyMaterial","Legacy material/texture translation and render stage classification","C","D1-X state: private SDK adapter, explicit legacy reference entrypoint, compatibility wrapper or tooling; see main report exceptions","legacy wrapper","assert(m_pfnRestoreRenderState!=NULL && ""CGrannyMaterial::RestoreRenderState"");"
"src/EterGrnLib/Material.cpp","53","CGrannyMaterial::Copy","CGrannyMaterial","Legacy material/texture translation and render stage classification","C","D1-X state: private SDK adapter, explicit legacy reference entrypoint, compatibility wrapper or tooling; see main report exceptions","legacy wrapper","void CGrannyMaterial::Copy(CGrannyMaterial& rkMtrl)"
"src/EterGrnLib/Material.cpp","68","CGrannyMaterial::CGrannyMaterial","CGrannyMaterial","Legacy material/texture translation and render stage classification","C","D1-X state: private SDK adapter, explicit legacy reference entrypoint, compatibility wrapper or tooling; see main report exceptions","legacy wrapper","CGrannyMaterial::CGrannyMaterial()"
"src/EterGrnLib/Material.cpp","76","CGrannyMaterial::~CGrannyMaterial","CGrannyMaterial","Legacy material/texture translation and render stage classification","C","D1-X state: private SDK adapter, explicit legacy reference entrypoint, compatibility wrapper or tooling; see main report exceptions","legacy wrapper","CGrannyMaterial::~CGrannyMaterial()"
"src/EterGrnLib/Material.cpp","80","CGrannyMaterial::GetType","CGrannyMaterial","Legacy material/texture translation and render stage classification","C","D1-X state: private SDK adapter, explicit legacy reference entrypoint, compatibility wrapper or tooling; see main report exceptions","legacy wrapper","CGrannyMaterial::EType CGrannyMaterial::GetType() const"
"src/EterGrnLib/Material.cpp","85","CGrannyMaterial::SetImagePointer","CGrannyMaterial","Legacy material/texture translation and render stage classification","C","D1-X state: private SDK adapter, explicit legacy reference entrypoint, compatibility wrapper or tooling; see main report exceptions","legacy wrapper","void CGrannyMaterial::SetImagePointer(int iStage, CGraphicImage* pImage)"
"src/EterGrnLib/Material.cpp","87","CGrannyMaterial::SetImagePointer","CGrannyMaterial","Legacy material/texture translation and render stage classification","C","D1-X state: private SDK adapter, explicit legacy reference entrypoint, compatibility wrapper or tooling; see main report exceptions","legacy wrapper","assert(iStage<2 && ""CGrannyMaterial::SetImagePointer"");"
"src/EterGrnLib/Material.cpp","92","CGrannyMaterial::IsIn","CGrannyMaterial","Legacy material/texture translation and render stage classification","C","D1-X state: private SDK adapter, explicit legacy reference entrypoint, compatibility wrapper or tooling; see main report exceptions","legacy wrapper","bool CGrannyMaterial::IsIn(const char* c_szImageName, int* piStage)"
"src/EterGrnLib/Material.cpp","109","CFileNameHelper::StringPath","granny_texture;GrannyDiffuseColorTexture;GrannyGetMaterialTextureByType","Legacy material/texture translation and render stage classification","C","D1-X state: private SDK adapter, explicit legacy reference entrypoint, compatibility wrapper or tooling; see main report exceptions","SDK/adapter symbol","granny_texture * pgrnDiffuseTexture = GrannyGetMaterialTextureByType(m_pgrnMaterial, GrannyDiffuseColorTexture);"
"src/EterGrnLib/Material.cpp","121","CFileNameHelper::StringPath","granny_texture;GrannyGetMaterialTextureByType;GrannyOpacityTexture","Legacy material/texture translation and render stage classification","C","D1-X state: private SDK adapter, explicit legacy reference entrypoint, compatibility wrapper or tooling; see main report exceptions","SDK/adapter symbol","granny_texture * pgrnOpacityTexture = GrannyGetMaterialTextureByType(m_pgrnMaterial, GrannyOpacityTexture);"
"src/EterGrnLib/Material.cpp","136","CGrannyMaterial::SetSpecularInfo","CGrannyMaterial","Legacy material/texture translation and render stage classification","B;C;H","D1-X state: private SDK adapter, explicit legacy reference entrypoint, compatibility wrapper or tooling; see main report exceptions","legacy wrapper","void CGrannyMaterial::SetSpecularInfo(BOOL bFlag, float fPower, BYTE uSphereMapIndex)"
"src/EterGrnLib/Material.cpp","147","CGrannyMaterial::SetSpecularInfo","CGrannyMaterial","Legacy material/texture translation and render stage classification","C","D1-X state: private SDK adapter, explicit legacy reference entrypoint, compatibility wrapper or tooling; see main report exceptions","legacy wrapper","m_pfnApplyRenderState = &CGrannyMaterial::__ApplySpecularRenderState;"
"src/EterGrnLib/Material.cpp","148","CGrannyMaterial::SetSpecularInfo","CGrannyMaterial","Legacy material/texture translation and render stage classification","C","D1-X state: private SDK adapter, explicit legacy reference entrypoint, compatibility wrapper or tooling; see main report exceptions","legacy wrapper","m_pfnRestoreRenderState = &CGrannyMaterial::__RestoreSpecularRenderState;"
"src/EterGrnLib/Material.cpp","152","CGrannyMaterial::SetSpecularInfo","CGrannyMaterial","Legacy material/texture translation and render stage classification","C","D1-X state: private SDK adapter, explicit legacy reference entrypoint, compatibility wrapper or tooling; see main report exceptions","legacy wrapper","m_pfnApplyRenderState = &CGrannyMaterial::__ApplyDiffuseRenderState;"
"src/EterGrnLib/Material.cpp","153","CGrannyMaterial::SetSpecularInfo","CGrannyMaterial","Legacy material/texture translation and render stage classification","C","D1-X state: private SDK adapter, explicit legacy reference entrypoint, compatibility wrapper or tooling; see main report exceptions","legacy wrapper","m_pfnRestoreRenderState = &CGrannyMaterial::__RestoreDiffuseRenderState;"
"src/EterGrnLib/Material.cpp","157","CGrannyMaterial::IsEqual","CGrannyMaterial;granny_material","Legacy material/texture translation and render stage classification","C","D1-X state: private SDK adapter, explicit legacy reference entrypoint, compatibility wrapper or tooling; see main report exceptions","SDK/adapter symbol","bool CGrannyMaterial::IsEqual(granny_material* pgrnMaterial) const"
"src/EterGrnLib/Material.cpp","166","CGrannyMaterial::GetTextureBinding","CGrannyMaterial","Legacy material/texture translation and render stage classification","C","D1-X state: private SDK adapter, explicit legacy reference entrypoint, compatibility wrapper or tooling; see main report exceptions","legacy wrapper","TextureBinding CGrannyMaterial::GetTextureBinding(int stage) const"
"src/EterGrnLib/Material.cpp","174","CGrannyMaterial::GetImagePointer","CGrannyMaterial","Legacy material/texture translation and render stage classification","C","D1-X state: private SDK adapter, explicit legacy reference entrypoint, compatibility wrapper or tooling; see main report exceptions","legacy wrapper","CGraphicImage * CGrannyMaterial::GetImagePointer(int iStage) const"
"src/EterGrnLib/Material.cpp","185","CGrannyMaterial::GetDiffuseTexture","CGrannyMaterial","Legacy material/texture translation and render stage classification","C","D1-X state: private SDK adapter, explicit legacy reference entrypoint, compatibility wrapper or tooling; see main report exceptions","legacy wrapper","const CGraphicTexture* CGrannyMaterial::GetDiffuseTexture() const"
"src/EterGrnLib/Material.cpp","193","CGrannyMaterial::GetOpacityTexture","CGrannyMaterial","Legacy material/texture translation and render stage classification","C","D1-X state: private SDK adapter, explicit legacy reference entrypoint, compatibility wrapper or tooling; see main report exceptions","legacy wrapper","const CGraphicTexture* CGrannyMaterial::GetOpacityTexture() const"
"src/EterGrnLib/Material.cpp","201","CGrannyMaterial::__IsSpecularEnable","CGrannyMaterial","Legacy material/texture translation and render stage classification","C","D1-X state: private SDK adapter, explicit legacy reference entrypoint, compatibility wrapper or tooling; see main report exceptions","legacy wrapper","BOOL CGrannyMaterial::__IsSpecularEnable() const"
"src/EterGrnLib/Material.cpp","207","CGrannyMaterial::GetSpecularPower","CGrannyMaterial","Legacy material/texture translation and render stage classification","C","D1-X state: private SDK adapter, explicit legacy reference entrypoint, compatibility wrapper or tooling; see main report exceptions","legacy wrapper","float CGrannyMaterial::GetSpecularPower() const"
"src/EterGrnLib/Material.cpp","215","CGrannyMaterial::__GetImagePointer","CGrannyMaterial","Legacy material/texture translation and render stage classification","A;C","D1-X state: private SDK adapter, explicit legacy reference entrypoint, compatibility wrapper or tooling; see main report exceptions","legacy wrapper","CGraphicImage* CGrannyMaterial::__GetImagePointer(const char* fileName)"
"src/EterGrnLib/Material.cpp","243","CGrannyMaterial::CreateFromGrannyMaterialPointer","CGrannyMaterial;granny_material","Legacy material/texture translation and render stage classification","C","D1-X state: private SDK adapter, explicit legacy reference entrypoint, compatibility wrapper or tooling; see main report exceptions","SDK/adapter symbol","bool CGrannyMaterial::CreateFromGrannyMaterialPointer(granny_material * pgrnMaterial)"
"src/EterGrnLib/Material.cpp","248","CGrannyMaterial::CreateFromGrannyMaterialPointer","granny_texture","Legacy material/texture translation and render stage classification","C","D1-X state: private SDK adapter, explicit legacy reference entrypoint, compatibility wrapper or tooling; see main report exceptions","SDK/adapter symbol","granny_texture * pgrnDiffuseTexture = NULL;"
"src/EterGrnLib/Material.cpp","249","CGrannyMaterial::CreateFromGrannyMaterialPointer","granny_texture","Legacy material/texture translation and render stage classification","C","D1-X state: private SDK adapter, explicit legacy reference entrypoint, compatibility wrapper or tooling; see main report exceptions","SDK/adapter symbol","granny_texture * pgrnOpacityTexture = NULL;"
"src/EterGrnLib/Material.cpp","255","CGrannyMaterial::CreateFromGrannyMaterialPointer","GrannyDiffuseColorTexture;GrannyGetMaterialTextureByType","Legacy material/texture translation and render stage classification","C","D1-X state: private SDK adapter, explicit legacy reference entrypoint, compatibility wrapper or tooling; see main report exceptions","SDK/adapter symbol","pgrnDiffuseTexture = GrannyGetMaterialTextureByType(pgrnMaterial->Maps[0].Material, GrannyDiffuseColorTexture);"
"src/EterGrnLib/Material.cpp","256","CGrannyMaterial::CreateFromGrannyMaterialPointer","GrannyDiffuseColorTexture;GrannyGetMaterialTextureByType","Legacy material/texture translation and render stage classification","C","D1-X state: private SDK adapter, explicit legacy reference entrypoint, compatibility wrapper or tooling; see main report exceptions","SDK/adapter symbol","pgrnOpacityTexture = GrannyGetMaterialTextureByType(pgrnMaterial->Maps[1].Material, GrannyDiffuseColorTexture);"
"src/EterGrnLib/Material.cpp","260","CGrannyMaterial::CreateFromGrannyMaterialPointer","GrannyDiffuseColorTexture;GrannyGetMaterialTextureByType","Legacy material/texture translation and render stage classification","C","D1-X state: private SDK adapter, explicit legacy reference entrypoint, compatibility wrapper or tooling; see main report exceptions","SDK/adapter symbol","pgrnDiffuseTexture = GrannyGetMaterialTextureByType(m_pgrnMaterial, GrannyDiffuseColorTexture);"
"src/EterGrnLib/Material.cpp","261","CGrannyMaterial::CreateFromGrannyMaterialPointer","GrannyGetMaterialTextureByType;GrannyOpacityTexture","Legacy material/texture translation and render stage classification","C","D1-X state: private SDK adapter, explicit legacy reference entrypoint, compatibility wrapper or tooling; see main report exceptions","SDK/adapter symbol","pgrnOpacityTexture = GrannyGetMaterialTextureByType(m_pgrnMaterial, GrannyOpacityTexture);"
"src/EterGrnLib/Material.cpp","266","CGrannyMaterial::CreateFromGrannyMaterialPointer","granny_int32","Legacy material/texture translation and render stage classification","C","D1-X state: private SDK adapter, explicit legacy reference entrypoint, compatibility wrapper or tooling; see main report exceptions","SDK/adapter symbol","granny_int32 twoSided = 0;"
"src/EterGrnLib/Material.cpp","267","CGrannyMaterial::CreateFromGrannyMaterialPointer","granny_data_type_definition","Legacy material/texture translation and render stage classification","B","D1-X state: private SDK adapter, explicit legacy reference entrypoint, compatibility wrapper or tooling; see main report exceptions","SDK/adapter symbol","granny_data_type_definition TwoSidedFieldType[] ="
"src/EterGrnLib/Material.cpp","269","CGrannyMaterial::CreateFromGrannyMaterialPointer","GrannyInt32Member","Legacy material/texture translation and render stage classification","C","D1-X state: private SDK adapter, explicit legacy reference entrypoint, compatibility wrapper or tooling; see main report exceptions","SDK/adapter symbol","{GrannyInt32Member, ""Two-sided""},"
"src/EterGrnLib/Material.cpp","270","CGrannyMaterial::CreateFromGrannyMaterialPointer","GrannyEndMember","Legacy material/texture translation and render stage classification","C","D1-X state: private SDK adapter, explicit legacy reference entrypoint, compatibility wrapper or tooling; see main report exceptions","SDK/adapter symbol","{GrannyEndMember},"
"src/EterGrnLib/Material.cpp","273","CGrannyMaterial::CreateFromGrannyMaterialPointer","granny_variant","Legacy material/texture translation and render stage classification","C","D1-X state: private SDK adapter, explicit legacy reference entrypoint, compatibility wrapper or tooling; see main report exceptions","SDK/adapter symbol","granny_variant twoSideResult;"
"src/EterGrnLib/Material.cpp","275","CGrannyMaterial::CreateFromGrannyMaterialPointer","GrannyFindMatchingMember","Legacy material/texture translation and render stage classification","C","D1-X state: private SDK adapter, explicit legacy reference entrypoint, compatibility wrapper or tooling; see main report exceptions","SDK/adapter symbol","if (GrannyFindMatchingMember(pgrnMaterial->ExtendedData.Type, pgrnMaterial->ExtendedData.Object, ""Two-sided"", &twoSideResult)  && NULL != twoSideResult.Type)"
"src/EterGrnLib/Material.cpp","276","CGrannyMaterial::CreateFromGrannyMaterialPointer","GrannyConvertSingleObject","Legacy material/texture translation and render stage classification","C","D1-X state: private SDK adapter, explicit legacy reference entrypoint, compatibility wrapper or tooling; see main report exceptions","SDK/adapter symbol","GrannyConvertSingleObject(twoSideResult.Type, twoSideResult.Object, TwoSidedFieldType, &twoSided, NULL);"
"src/EterGrnLib/Material.cpp","308","CGrannyMaterial::CreateFromAsset","CGrannyMaterial","Legacy material/texture translation and render stage classification","C","D1-X state: private SDK adapter, explicit legacy reference entrypoint, compatibility wrapper or tooling; see main report exceptions","legacy wrapper","bool CGrannyMaterial::CreateFromAsset(const AssetRuntime::MaterialAsset& material)"
"src/EterGrnLib/Material.cpp","327","CGrannyMaterial::Initialize","CGrannyMaterial","Legacy material/texture translation and render stage classification","C","D1-X state: private SDK adapter, explicit legacy reference entrypoint, compatibility wrapper or tooling; see main report exceptions","legacy wrapper","void CGrannyMaterial::Initialize()"
"src/EterGrnLib/Material.cpp","338","CGrannyMaterial::__ApplyDiffuseRenderState","CGrannyMaterial","Legacy material/texture translation and render stage classification","C","D1-X state: private SDK adapter, explicit legacy reference entrypoint, compatibility wrapper or tooling; see main report exceptions","legacy wrapper","void CGrannyMaterial::__ApplyDiffuseRenderState()"
"src/EterGrnLib/Material.cpp","350","CGrannyMaterial::__RestoreDiffuseRenderState","CGrannyMaterial","Legacy material/texture translation and render stage classification","C","D1-X state: private SDK adapter, explicit legacy reference entrypoint, compatibility wrapper or tooling; see main report exceptions","legacy wrapper","void CGrannyMaterial::__RestoreDiffuseRenderState()"
"src/EterGrnLib/Material.cpp","358","CGrannyMaterial::__ApplySpecularRenderState","CGrannyMaterial","Legacy material/texture translation and render stage classification","C","D1-X state: private SDK adapter, explicit legacy reference entrypoint, compatibility wrapper or tooling; see main report exceptions","legacy wrapper","void CGrannyMaterial::__ApplySpecularRenderState()"
"src/EterGrnLib/Material.cpp","398","CGrannyMaterial::__RestoreSpecularRenderState","CGrannyMaterial","Legacy material/texture translation and render stage classification","C","D1-X state: private SDK adapter, explicit legacy reference entrypoint, compatibility wrapper or tooling; see main report exceptions","legacy wrapper","void CGrannyMaterial::__RestoreSpecularRenderState()"
"src/EterGrnLib/Material.cpp","422","CGrannyMaterial::CreateSphereMap","CGrannyMaterial","Legacy material/texture translation and render stage classification","A;B;C;H","D1-X state: private SDK adapter, explicit legacy reference entrypoint, compatibility wrapper or tooling; see main report exceptions","legacy wrapper","void CGrannyMaterial::CreateSphereMap(UINT uMapIndex, const char* c_szSphereMapImageFileName)"
"src/EterGrnLib/Material.cpp","429","CGrannyMaterial::DestroySphereMap","CGrannyMaterial","Legacy material/texture translation and render stage classification","C;H","D1-X state: private SDK adapter, explicit legacy reference entrypoint, compatibility wrapper or tooling; see main report exceptions","legacy wrapper","void CGrannyMaterial::DestroySphereMap()"
"src/EterGrnLib/Material.cpp","439","CGrannyMaterialPalette::CGrannyMaterialPalette","CGrannyMaterialPalette","Legacy material/texture translation and render stage classification","C","D1-X state: private SDK adapter, explicit legacy reference entrypoint, compatibility wrapper or tooling; see main report exceptions","legacy wrapper","CGrannyMaterialPalette::CGrannyMaterialPalette()"
"src/EterGrnLib/Material.cpp","443","CGrannyMaterialPalette::~CGrannyMaterialPalette","CGrannyMaterialPalette","Legacy material/texture translation and render stage classification","C","D1-X state: private SDK adapter, explicit legacy reference entrypoint, compatibility wrapper or tooling; see main report exceptions","legacy wrapper","CGrannyMaterialPalette::~CGrannyMaterialPalette()"
"src/EterGrnLib/Material.cpp","448","CGrannyMaterialPalette::Copy","CGrannyMaterialPalette","Legacy material/texture translation and render stage classification","C","D1-X state: private SDK adapter, explicit legacy reference entrypoint, compatibility wrapper or tooling; see main report exceptions","legacy wrapper","void CGrannyMaterialPalette::Copy(const CGrannyMaterialPalette& rkMtrlPalSrc)"
"src/EterGrnLib/Material.cpp","453","CGrannyMaterialPalette::Clear","CGrannyMaterialPalette","Legacy material/texture translation and render stage classification","C","D1-X state: private SDK adapter, explicit legacy reference entrypoint, compatibility wrapper or tooling; see main report exceptions","legacy wrapper","void CGrannyMaterialPalette::Clear()"
"src/EterGrnLib/Material.cpp","458","CGrannyMaterialPalette::GetMaterialRef","CGrannyMaterial;CGrannyMaterialPalette","Legacy material/texture translation and render stage classification","B;C","D1-X state: private SDK adapter, explicit legacy reference entrypoint, compatibility wrapper or tooling; see main report exceptions","legacy wrapper","CGrannyMaterial& CGrannyMaterialPalette::GetMaterialRef(DWORD mtrlIndex)"
"src/EterGrnLib/Material.cpp","464","CGrannyMaterialPalette::SetMaterialImagePointer","CGrannyMaterialPalette","Legacy material/texture translation and render stage classification","C","D1-X state: private SDK adapter, explicit legacy reference entrypoint, compatibility wrapper or tooling; see main report exceptions","legacy wrapper","void CGrannyMaterialPalette::SetMaterialImagePointer(const char* c_szImageName, CGraphicImage* pImage)"
"src/EterGrnLib/Material.cpp","470","CGrannyMaterialPalette::SetMaterialImagePointer","CGrannyMaterial","Legacy material/texture translation and render stage classification","C","D1-X state: private SDK adapter, explicit legacy reference entrypoint, compatibility wrapper or tooling; see main report exceptions","legacy wrapper","CGrannyMaterial::TRef& roMtrl=m_mtrlVector[i];"
"src/EterGrnLib/Material.cpp","475","CGrannyMaterialPalette::SetMaterialImagePointer","CGrannyMaterial","Legacy material/texture translation and render stage classification","C","D1-X state: private SDK adapter, explicit legacy reference entrypoint, compatibility wrapper or tooling; see main report exceptions","legacy wrapper","CGrannyMaterial* pkNewMtrl=new CGrannyMaterial;"
"src/EterGrnLib/Material.cpp","485","CGrannyMaterialPalette::SetMaterialData","CGrannyMaterialPalette","Legacy material/texture translation and render stage classification","C","D1-X state: private SDK adapter, explicit legacy reference entrypoint, compatibility wrapper or tooling; see main report exceptions","legacy wrapper","void CGrannyMaterialPalette::SetMaterialData(const char* c_szMtrlName, const SMaterialData& c_rkMaterialData)"
"src/EterGrnLib/Material.cpp","489","CGrannyMaterialPalette::SetMaterialData","CGrannyMaterial","Legacy material/texture translation and render stage classification","C","D1-X state: private SDK adapter, explicit legacy reference entrypoint, compatibility wrapper or tooling; see main report exceptions","legacy wrapper","std::vector<CGrannyMaterial::TRef>::iterator i;"
"src/EterGrnLib/Material.cpp","492","CGrannyMaterialPalette::SetMaterialData","CGrannyMaterial","Legacy material/texture translation and render stage classification","C","D1-X state: private SDK adapter, explicit legacy reference entrypoint, compatibility wrapper or tooling; see main report exceptions","legacy wrapper","CGrannyMaterial::TRef& roMtrl=*i;"
"src/EterGrnLib/Material.cpp","497","CGrannyMaterialPalette::SetMaterialData","CGrannyMaterial","Legacy material/texture translation and render stage classification","C","D1-X state: private SDK adapter, explicit legacy reference entrypoint, compatibility wrapper or tooling; see main report exceptions","legacy wrapper","CGrannyMaterial* pkNewMtrl=new CGrannyMaterial;"
"src/EterGrnLib/Material.cpp","509","CGrannyMaterialPalette::SetMaterialData","CGrannyMaterial","Legacy material/texture translation and render stage classification","C","D1-X state: private SDK adapter, explicit legacy reference entrypoint, compatibility wrapper or tooling; see main report exceptions","legacy wrapper","std::vector<CGrannyMaterial::TRef>::iterator i;"
"src/EterGrnLib/Material.cpp","512","CGrannyMaterialPalette::SetMaterialData","CGrannyMaterial","Legacy material/texture translation and render stage classification","C","D1-X state: private SDK adapter, explicit legacy reference entrypoint, compatibility wrapper or tooling; see main report exceptions","legacy wrapper","CGrannyMaterial::TRef& roMtrl=*i;"
"src/EterGrnLib/Material.cpp","518","CGrannyMaterialPalette::SetSpecularInfo","CGrannyMaterialPalette","Legacy material/texture translation and render stage classification","C","D1-X state: private SDK adapter, explicit legacy reference entrypoint, compatibility wrapper or tooling; see main report exceptions","legacy wrapper","void CGrannyMaterialPalette::SetSpecularInfo(const char* c_szMtrlName, BOOL bEnable, float fPower)"
"src/EterGrnLib/Material.cpp","526","CGrannyMaterialPalette::SetSpecularInfo","CGrannyMaterial","Legacy material/texture translation and render stage classification","C","D1-X state: private SDK adapter, explicit legacy reference entrypoint, compatibility wrapper or tooling; see main report exceptions","legacy wrapper","CGrannyMaterial::TRef& roMtrl=m_mtrlVector[i];"
"src/EterGrnLib/Material.cpp","540","CGrannyMaterialPalette::SetSpecularInfo","CGrannyMaterial","Legacy material/texture translation and render stage classification","C","D1-X state: private SDK adapter, explicit legacy reference entrypoint, compatibility wrapper or tooling; see main report exceptions","legacy wrapper","CGrannyMaterial::TRef& roMtrl=m_mtrlVector[i];"
"src/EterGrnLib/Material.cpp","546","CGrannyMaterialPalette::RegisterMaterial","CGrannyMaterialPalette;granny_material","Legacy material/texture translation and render stage classification","C","D1-X state: private SDK adapter, explicit legacy reference entrypoint, compatibility wrapper or tooling; see main report exceptions","SDK/adapter symbol","DWORD CGrannyMaterialPalette::RegisterMaterial(granny_material* pgrnMaterial)"
"src/EterGrnLib/Material.cpp","552","CGrannyMaterialPalette::RegisterMaterial","CGrannyMaterial","Legacy material/texture translation and render stage classification","C","D1-X state: private SDK adapter, explicit legacy reference entrypoint, compatibility wrapper or tooling; see main report exceptions","legacy wrapper","CGrannyMaterial::TRef& roMtrl=m_mtrlVector[i];"
"src/EterGrnLib/Material.cpp","557","CGrannyMaterialPalette::RegisterMaterial","CGrannyMaterial","Legacy material/texture translation and render stage classification","C","D1-X state: private SDK adapter, explicit legacy reference entrypoint, compatibility wrapper or tooling; see main report exceptions","legacy wrapper","CGrannyMaterial* pkNewMtrl=new CGrannyMaterial;"
"src/EterGrnLib/Material.cpp","564","CGrannyMaterialPalette::GetMaterialCount","CGrannyMaterialPalette","Legacy material/texture translation and render stage classification","C","D1-X state: private SDK adapter, explicit legacy reference entrypoint, compatibility wrapper or tooling; see main report exceptions","legacy wrapper","DWORD CGrannyMaterialPalette::GetMaterialCount() const"
"src/EterGrnLib/Material.cpp","569","CGrannyMaterialPalette::RegisterMaterial","CGrannyMaterialPalette","Legacy material/texture translation and render stage classification","C","D1-X state: private SDK adapter, explicit legacy reference entrypoint, compatibility wrapper or tooling; see main report exceptions","legacy wrapper","DWORD CGrannyMaterialPalette::RegisterMaterial(const AssetRuntime::MaterialAsset& material)"
"src/EterGrnLib/Material.cpp","573","CGrannyMaterialPalette::RegisterMaterial","CGrannyMaterial","Legacy material/texture translation and render stage classification","C","D1-X state: private SDK adapter, explicit legacy reference entrypoint, compatibility wrapper or tooling; see main report exceptions","legacy wrapper","auto* translated = new CGrannyMaterial;"
"src/EterGrnLib/Material.h","3","file scope","Granny","Legacy material/texture translation and render stage classification","C","D1-X state: private SDK adapter, explicit legacy reference entrypoint, compatibility wrapper or tooling; see main report exceptions","include","#include ""AssetRuntime/Granny/NativeTypes.h"""
"src/EterGrnLib/Material.h","13","CGrannyMaterial","CGrannyMaterial","Legacy material/texture translation and render stage classification","C","D1-X state: private SDK adapter, explicit legacy reference entrypoint, compatibility wrapper or tooling; see main report exceptions","legacy wrapper","class CGrannyMaterial : public CReferenceObject"
"src/EterGrnLib/Material.h","16","CGrannyMaterial","CGrannyMaterial","Legacy material/texture translation and render stage classification","C","D1-X state: private SDK adapter, explicit legacy reference entrypoint, compatibility wrapper or tooling; see main report exceptions","legacy wrapper","typedef CRef<CGrannyMaterial> TRef;"
"src/EterGrnLib/Material.h","37","CGrannyMaterial::TranslateSpecularMatrix","CGrannyMaterial","Legacy material/texture translation and render stage classification","C","D1-X state: private SDK adapter, explicit legacy reference entrypoint, compatibility wrapper or tooling; see main report exceptions","legacy wrapper","CGrannyMaterial();"
"src/EterGrnLib/Material.h","38","CGrannyMaterial::TranslateSpecularMatrix","CGrannyMaterial","Legacy material/texture translation and render stage classification","C","D1-X state: private SDK adapter, explicit legacy reference entrypoint, compatibility wrapper or tooling; see main report exceptions","legacy wrapper","virtual ~CGrannyMaterial();"
"src/EterGrnLib/Material.h","41","CGrannyMaterial::Copy","CGrannyMaterial","Legacy material/texture translation and render stage classification","C","D1-X state: private SDK adapter, explicit legacy reference entrypoint, compatibility wrapper or tooling; see main report exceptions","legacy wrapper","void					Copy(CGrannyMaterial& rkMtrl);"
"src/EterGrnLib/Material.h","42","CGrannyMaterial::IsEqual","granny_material","Legacy material/texture translation and render stage classification","C","D1-X state: private SDK adapter, explicit legacy reference entrypoint, compatibility wrapper or tooling; see main report exceptions","SDK/adapter symbol","bool					IsEqual(granny_material * pgrnMaterial) const;"
"src/EterGrnLib/Material.h","54","CGrannyMaterial::CreateFromGrannyMaterialPointer","granny_material","Legacy material/texture translation and render stage classification","C","D1-X state: private SDK adapter, explicit legacy reference entrypoint, compatibility wrapper or tooling; see main report exceptions","SDK/adapter symbol","bool					CreateFromGrannyMaterialPointer(granny_material* pgrnMaterial);"
"src/EterGrnLib/Material.h","58","CGrannyMaterial::SetImagePointer","CGrannyMaterial","Legacy material/texture translation and render stage classification","C","D1-X state: private SDK adapter, explicit legacy reference entrypoint, compatibility wrapper or tooling; see main report exceptions","legacy wrapper","CGrannyMaterial::EType	GetType() const;"
"src/EterGrnLib/Material.h","90","CGrannyMaterial::__RestoreSpecularRenderState","granny_material","Legacy material/texture translation and render stage classification","C","D1-X state: private SDK adapter, explicit legacy reference entrypoint, compatibility wrapper or tooling; see main report exceptions","SDK/adapter symbol","granny_material *		m_pgrnMaterial;"
"src/EterGrnLib/Material.h","101","CGrannyMaterial::__RestoreSpecularRenderState","CGrannyMaterial","Legacy material/texture translation and render stage classification","C","D1-X state: private SDK adapter, explicit legacy reference entrypoint, compatibility wrapper or tooling; see main report exceptions","legacy wrapper","void (CGrannyMaterial::*m_pfnApplyRenderState)();"
"src/EterGrnLib/Material.h","102","CGrannyMaterial::__RestoreSpecularRenderState","CGrannyMaterial","Legacy material/texture translation and render stage classification","C","D1-X state: private SDK adapter, explicit legacy reference entrypoint, compatibility wrapper or tooling; see main report exceptions","legacy wrapper","void (CGrannyMaterial::*m_pfnRestoreRenderState)();"
"src/EterGrnLib/Material.h","115","CGrannyMaterialPalette","CGrannyMaterialPalette","Legacy material/texture translation and render stage classification","C","D1-X state: private SDK adapter, explicit legacy reference entrypoint, compatibility wrapper or tooling; see main report exceptions","legacy wrapper","class CGrannyMaterialPalette"
"src/EterGrnLib/Material.h","118","CGrannyMaterialPalette","CGrannyMaterialPalette","Legacy material/texture translation and render stage classification","C","D1-X state: private SDK adapter, explicit legacy reference entrypoint, compatibility wrapper or tooling; see main report exceptions","legacy wrapper","CGrannyMaterialPalette();"
"src/EterGrnLib/Material.h","119","CGrannyMaterialPalette","CGrannyMaterialPalette","Legacy material/texture translation and render stage classification","C","D1-X state: private SDK adapter, explicit legacy reference entrypoint, compatibility wrapper or tooling; see main report exceptions","legacy wrapper","virtual ~CGrannyMaterialPalette();"
"src/EterGrnLib/Material.h","122","CGrannyMaterialPalette::Copy","CGrannyMaterialPalette","Legacy material/texture translation and render stage classification","C","D1-X state: private SDK adapter, explicit legacy reference entrypoint, compatibility wrapper or tooling; see main report exceptions","legacy wrapper","void	Copy(const CGrannyMaterialPalette& rkMtrlPalSrc);"
"src/EterGrnLib/Material.h","124","CGrannyMaterialPalette::RegisterMaterial","granny_material","Legacy material/texture translation and render stage classification","C","D1-X state: private SDK adapter, explicit legacy reference entrypoint, compatibility wrapper or tooling; see main report exceptions","SDK/adapter symbol","DWORD	RegisterMaterial(granny_material* pgrnMaterial);"
"src/EterGrnLib/Material.h","130","CGrannyMaterialPalette::SetSpecularInfo","CGrannyMaterial","Legacy material/texture translation and render stage classification","B;C","D1-X state: private SDK adapter, explicit legacy reference entrypoint, compatibility wrapper or tooling; see main report exceptions","legacy wrapper","CGrannyMaterial& GetMaterialRef(DWORD mtrlIndex);"
"src/EterGrnLib/Material.h","135","CGrannyMaterialPalette::GetMaterialCount","CGrannyMaterial","Legacy material/texture translation and render stage classification","C","D1-X state: private SDK adapter, explicit legacy reference entrypoint, compatibility wrapper or tooling; see main report exceptions","legacy wrapper","std::vector<CGrannyMaterial::TRef> m_mtrlVector;"
"src/EterGrnLib/Mesh.cpp","3","file scope","Granny","Mesh metadata, groups, index/vertex conversion, bindings and native deformers","B","D1-X state: private SDK adapter, explicit legacy reference entrypoint, compatibility wrapper or tooling; see main report exceptions","include","#include ""AssetRuntime/Granny/LegacyVertexTypes.h"""
"src/EterGrnLib/Mesh.cpp","4","file scope","Granny;GrannyInterop","Mesh metadata, groups, index/vertex conversion, bindings and native deformers","B","D1-X state: private SDK adapter, explicit legacy reference entrypoint, compatibility wrapper or tooling; see main report exceptions","include","#include ""AssetRuntime/Granny/GrannyInterop.h"""
"src/EterGrnLib/Mesh.cpp","10","file scope","granny_data_type_definition;GrannyPNT3322VertexType","Mesh metadata, groups, index/vertex conversion, bindings and native deformers","B","D1-X state: private SDK adapter, explicit legacy reference entrypoint, compatibility wrapper or tooling; see main report exceptions","SDK/adapter symbol","granny_data_type_definition GrannyPNT3322VertexType[5] ="
"src/EterGrnLib/Mesh.cpp","12","file scope","GrannyReal32Member;GrannyVertexPositionName","Mesh metadata, groups, index/vertex conversion, bindings and native deformers","B","D1-X state: private SDK adapter, explicit legacy reference entrypoint, compatibility wrapper or tooling; see main report exceptions","SDK/adapter symbol","{GrannyReal32Member, GrannyVertexPositionName, 0, 3},"
"src/EterGrnLib/Mesh.cpp","13","file scope","GrannyReal32Member;GrannyVertexNormalName","Mesh metadata, groups, index/vertex conversion, bindings and native deformers","B","D1-X state: private SDK adapter, explicit legacy reference entrypoint, compatibility wrapper or tooling; see main report exceptions","SDK/adapter symbol","{GrannyReal32Member, GrannyVertexNormalName, 0, 3},"
"src/EterGrnLib/Mesh.cpp","14","file scope","GrannyReal32Member;GrannyVertexTextureCoordinatesName","Mesh metadata, groups, index/vertex conversion, bindings and native deformers","B;C","D1-X state: private SDK adapter, explicit legacy reference entrypoint, compatibility wrapper or tooling; see main report exceptions","SDK/adapter symbol","{GrannyReal32Member, GrannyVertexTextureCoordinatesName""0"", 0, 2},"
"src/EterGrnLib/Mesh.cpp","15","file scope","GrannyReal32Member;GrannyVertexTextureCoordinatesName","Mesh metadata, groups, index/vertex conversion, bindings and native deformers","B;C","D1-X state: private SDK adapter, explicit legacy reference entrypoint, compatibility wrapper or tooling; see main report exceptions","SDK/adapter symbol","{GrannyReal32Member, GrannyVertexTextureCoordinatesName""1"", 0, 2},"
"src/EterGrnLib/Mesh.cpp","16","file scope","GrannyEndMember","Mesh metadata, groups, index/vertex conversion, bindings and native deformers","B","D1-X state: private SDK adapter, explicit legacy reference entrypoint, compatibility wrapper or tooling; see main report exceptions","SDK/adapter symbol","{GrannyEndMember}"
"src/EterGrnLib/Mesh.cpp","19","CGrannyMesh::BindAsset","CGrannyMesh","Mesh metadata, groups, index/vertex conversion, bindings and native deformers","B","D1-X state: private SDK adapter, explicit legacy reference entrypoint, compatibility wrapper or tooling; see main report exceptions","legacy wrapper","bool CGrannyMesh::BindAsset(const AssetRuntime::ModelHandle& model, std::size_t mesh)"
"src/EterGrnLib/Mesh.cpp","33","CGrannyMesh::CreateFromAsset","CGrannyMesh","Mesh metadata, groups, index/vertex conversion, bindings and native deformers","B","D1-X state: private SDK adapter, explicit legacy reference entrypoint, compatibility wrapper or tooling; see main report exceptions","legacy wrapper","bool CGrannyMesh::CreateFromAsset(const AssetRuntime::ModelHandle& model, std::size_t mesh,"
"src/EterGrnLib/Mesh.cpp","34","CGrannyMesh::CreateFromAsset","CGrannyMaterialPalette","Mesh metadata, groups, index/vertex conversion, bindings and native deformers","C","D1-X state: private SDK adapter, explicit legacy reference entrypoint, compatibility wrapper or tooling; see main report exceptions","legacy wrapper","int vertexBase, int indexBase, CGrannyMaterialPalette& palette)"
"src/EterGrnLib/Mesh.cpp","42","CGrannyMesh::CreateFromAsset","GrannyInterop","Mesh metadata, groups, index/vertex conversion, bindings and native deformers","B","D1-X state: private SDK adapter, explicit legacy reference entrypoint, compatibility wrapper or tooling; see main report exceptions","SDK/adapter symbol","m_pgrnMesh = AssetRuntime::GrannyInterop::GetMesh(model, mesh);"
"src/EterGrnLib/Mesh.cpp","50","CGrannyMesh::CreateFromAsset","CGrannyMaterial","Mesh metadata, groups, index/vertex conversion, bindings and native deformers","C","D1-X state: private SDK adapter, explicit legacy reference entrypoint, compatibility wrapper or tooling; see main report exceptions","legacy wrapper","m_bHaveBlendThing |= palette.GetMaterialRef(slot).GetType() == CGrannyMaterial::TYPE_BLEND_PNT;"
"src/EterGrnLib/Mesh.cpp","71","CGrannyMesh::LoadIndices","CGrannyMesh","Mesh metadata, groups, index/vertex conversion, bindings and native deformers","B","D1-X state: private SDK adapter, explicit legacy reference entrypoint, compatibility wrapper or tooling; see main report exceptions","legacy wrapper","bool CGrannyMesh::LoadIndices(void * dstBaseIndices)"
"src/EterGrnLib/Mesh.cpp","87","CGrannyMesh::LoadIndices","granny_mesh","Mesh metadata, groups, index/vertex conversion, bindings and native deformers","B","D1-X state: private SDK adapter, explicit legacy reference entrypoint, compatibility wrapper or tooling; see main report exceptions","SDK/adapter symbol","const granny_mesh * pgrnMesh = GetGrannyMeshPointer();"
"src/EterGrnLib/Mesh.cpp","89","CGrannyMesh::LoadIndices","GrannyCopyMeshIndices","Mesh metadata, groups, index/vertex conversion, bindings and native deformers","B","D1-X state: private SDK adapter, explicit legacy reference entrypoint, compatibility wrapper or tooling; see main report exceptions","SDK/adapter symbol","GrannyCopyMeshIndices(pgrnMesh, sizeof(TIndex), dstIndices);"
"src/EterGrnLib/Mesh.cpp","93","CGrannyMesh::LoadPNTVertices","CGrannyMesh","Mesh metadata, groups, index/vertex conversion, bindings and native deformers","B","D1-X state: private SDK adapter, explicit legacy reference entrypoint, compatibility wrapper or tooling; see main report exceptions","legacy wrapper","bool CGrannyMesh::LoadPNTVertices(void * dstBaseVertices)"
"src/EterGrnLib/Mesh.cpp","108","CGrannyMesh::LoadPNTVertices","granny_mesh","Mesh metadata, groups, index/vertex conversion, bindings and native deformers","B","D1-X state: private SDK adapter, explicit legacy reference entrypoint, compatibility wrapper or tooling; see main report exceptions","SDK/adapter symbol","const granny_mesh * pgrnMesh = GetGrannyMeshPointer();"
"src/EterGrnLib/Mesh.cpp","110","CGrannyMesh::LoadPNTVertices","GrannyMeshIsRigid","Mesh metadata, groups, index/vertex conversion, bindings and native deformers","B","D1-X state: private SDK adapter, explicit legacy reference entrypoint, compatibility wrapper or tooling; see main report exceptions","SDK/adapter symbol","if (!GrannyMeshIsRigid(pgrnMesh))"
"src/EterGrnLib/Mesh.cpp","114","CGrannyMesh::LoadPNTVertices","GrannyCopyMeshVertices","Mesh metadata, groups, index/vertex conversion, bindings and native deformers","B","D1-X state: private SDK adapter, explicit legacy reference entrypoint, compatibility wrapper or tooling; see main report exceptions","SDK/adapter symbol","GrannyCopyMeshVertices(pgrnMesh, m_pgrnMeshType, dstVertices);"
"src/EterGrnLib/Mesh.cpp","118","CGrannyMesh::NEW_LoadVertices","CGrannyMesh","Mesh metadata, groups, index/vertex conversion, bindings and native deformers","B","D1-X state: private SDK adapter, explicit legacy reference entrypoint, compatibility wrapper or tooling; see main report exceptions","legacy wrapper","bool CGrannyMesh::NEW_LoadVertices(void * dstBaseVertices)"
"src/EterGrnLib/Mesh.cpp","123","CGrannyMesh::DeformPNTVertices","CGrannyMesh","Mesh metadata, groups, index/vertex conversion, bindings and native deformers","B;F;G;H","D1-X state: private SDK adapter, explicit legacy reference entrypoint, compatibility wrapper or tooling; see main report exceptions","legacy wrapper","bool CGrannyMesh::DeformPNTVertices(void* dstBaseVertices, AssetRuntime::PoseView pose, AssetRuntime::MeshBinding& binding) const"
"src/EterGrnLib/Mesh.cpp","137","CGrannyMesh::CanDeformPNTVertices","CGrannyMesh","Mesh metadata, groups, index/vertex conversion, bindings and native deformers","B;G","D1-X state: private SDK adapter, explicit legacy reference entrypoint, compatibility wrapper or tooling; see main report exceptions","legacy wrapper","bool CGrannyMesh::CanDeformPNTVertices() const"
"src/EterGrnLib/Mesh.cpp","142","CGrannyMesh::GetGrannyMeshPointer","CGrannyMesh;granny_mesh","Mesh metadata, groups, index/vertex conversion, bindings and native deformers","B","D1-X state: private SDK adapter, explicit legacy reference entrypoint, compatibility wrapper or tooling; see main report exceptions","SDK/adapter symbol","const granny_mesh * CGrannyMesh::GetGrannyMeshPointer() const"
"src/EterGrnLib/Mesh.cpp","147","CGrannyMesh::GetTriGroupNodeList","CGrannyMaterial;CGrannyMesh","Mesh metadata, groups, index/vertex conversion, bindings and native deformers","B;C","D1-X state: private SDK adapter, explicit legacy reference entrypoint, compatibility wrapper or tooling; see main report exceptions","legacy wrapper","const CGrannyMesh::TTriGroupNode * CGrannyMesh::GetTriGroupNodeList(CGrannyMaterial::EType eMtrlType) const"
"src/EterGrnLib/Mesh.cpp","152","CGrannyMesh::GetVertexCount","CGrannyMesh","Mesh metadata, groups, index/vertex conversion, bindings and native deformers","B","D1-X state: private SDK adapter, explicit legacy reference entrypoint, compatibility wrapper or tooling; see main report exceptions","legacy wrapper","int CGrannyMesh::GetVertexCount() const"
"src/EterGrnLib/Mesh.cpp","156","CGrannyMesh::GetVertexCount","GrannyGetMeshVertexCount","Mesh metadata, groups, index/vertex conversion, bindings and native deformers","B","D1-X state: private SDK adapter, explicit legacy reference entrypoint, compatibility wrapper or tooling; see main report exceptions","SDK/adapter symbol","return GrannyGetMeshVertexCount(m_pgrnMesh);"
"src/EterGrnLib/Mesh.cpp","159","CGrannyMesh::GetVertexBasePosition","CGrannyMesh","Mesh metadata, groups, index/vertex conversion, bindings and native deformers","B","D1-X state: private SDK adapter, explicit legacy reference entrypoint, compatibility wrapper or tooling; see main report exceptions","legacy wrapper","int CGrannyMesh::GetVertexBasePosition() const"
"src/EterGrnLib/Mesh.cpp","164","CGrannyMesh::GetIndexBasePosition","CGrannyMesh","Mesh metadata, groups, index/vertex conversion, bindings and native deformers","B","D1-X state: private SDK adapter, explicit legacy reference entrypoint, compatibility wrapper or tooling; see main report exceptions","legacy wrapper","int CGrannyMesh::GetIndexBasePosition() const"
"src/EterGrnLib/Mesh.cpp","170","CGrannyMesh::GetDefaultBoneIndices","CGrannyMesh","Mesh metadata, groups, index/vertex conversion, bindings and native deformers","B;D","D1-X state: private SDK adapter, explicit legacy reference entrypoint, compatibility wrapper or tooling; see main report exceptions","legacy wrapper","int * CGrannyMesh::GetDefaultBoneIndices() const"
"src/EterGrnLib/Mesh.cpp","172","CGrannyMesh::GetDefaultBoneIndices","GrannyGetMeshBindingToBoneIndices","Mesh metadata, groups, index/vertex conversion, bindings and native deformers","B;D;G;H","D1-X state: private SDK adapter, explicit legacy reference entrypoint, compatibility wrapper or tooling; see main report exceptions","SDK/adapter symbol","return m_pgrnMeshBindingTemp ? (int*)GrannyGetMeshBindingToBoneIndices(m_pgrnMeshBindingTemp) : nullptr;"
"src/EterGrnLib/Mesh.cpp","176","CGrannyMesh::IsEmpty","CGrannyMesh","Mesh metadata, groups, index/vertex conversion, bindings and native deformers","B","D1-X state: private SDK adapter, explicit legacy reference entrypoint, compatibility wrapper or tooling; see main report exceptions","legacy wrapper","bool CGrannyMesh::IsEmpty() const"
"src/EterGrnLib/Mesh.cpp","184","CGrannyMesh::CreateFromGrannyMeshPointer","CGrannyMaterialPalette;CGrannyMesh;granny_mesh;granny_skeleton","Mesh metadata, groups, index/vertex conversion, bindings and native deformers","B;C;D","D1-X state: private SDK adapter, explicit legacy reference entrypoint, compatibility wrapper or tooling; see main report exceptions","SDK/adapter symbol","bool CGrannyMesh::CreateFromGrannyMeshPointer(granny_skeleton * pgrnSkeleton, granny_mesh * pgrnMesh, int vtxBasePos, int idxBasePos, CGrannyMaterialPalette& rkMtrlPal)"
"src/EterGrnLib/Mesh.cpp","196","CGrannyMesh::CreateFromGrannyMeshPointer","GrannyNewMeshBinding","Mesh metadata, groups, index/vertex conversion, bindings and native deformers","B;D;G;H","D1-X state: private SDK adapter, explicit legacy reference entrypoint, compatibility wrapper or tooling; see main report exceptions","SDK/adapter symbol","m_pgrnMeshBindingTemp = GrannyNewMeshBinding(m_pgrnMesh, pgrnSkeleton, pgrnSkeleton);"
"src/EterGrnLib/Mesh.cpp","199","CGrannyMesh::CreateFromGrannyMeshPointer","GrannyMeshIsRigid","Mesh metadata, groups, index/vertex conversion, bindings and native deformers","B","D1-X state: private SDK adapter, explicit legacy reference entrypoint, compatibility wrapper or tooling; see main report exceptions","SDK/adapter symbol","if (!GrannyMeshIsRigid(m_pgrnMesh))"
"src/EterGrnLib/Mesh.cpp","203","CGrannyMesh::CreateFromGrannyMeshPointer","granny_data_type_definition;GrannyGetMeshVertexType","Mesh metadata, groups, index/vertex conversion, bindings and native deformers","B","D1-X state: private SDK adapter, explicit legacy reference entrypoint, compatibility wrapper or tooling; see main report exceptions","SDK/adapter symbol","granny_data_type_definition * pgrnInputType = GrannyGetMeshVertexType(m_pgrnMesh);"
"src/EterGrnLib/Mesh.cpp","204","CGrannyMesh::CreateFromGrannyMeshPointer","granny_data_type_definition","Mesh metadata, groups, index/vertex conversion, bindings and native deformers","B","D1-X state: private SDK adapter, explicit legacy reference entrypoint, compatibility wrapper or tooling; see main report exceptions","SDK/adapter symbol","granny_data_type_definition * pgrnOutputType = m_pgrnMeshType;"
"src/EterGrnLib/Mesh.cpp","206","CGrannyMesh::CreateFromGrannyMeshPointer","GrannyAllowUncopiedTail;GrannyDeformPositionNormal;GrannyNewMeshDeformer","Mesh metadata, groups, index/vertex conversion, bindings and native deformers","B;G","D1-X state: private SDK adapter, explicit legacy reference entrypoint, compatibility wrapper or tooling; see main report exceptions","SDK/adapter symbol","m_pgrnMeshDeformer = GrannyNewMeshDeformer(pgrnInputType, pgrnOutputType, GrannyDeformPositionNormal, GrannyAllowUncopiedTail);"
"src/EterGrnLib/Mesh.cpp","223","CGrannyMesh::LoadTriGroupNodeList","CGrannyMaterialPalette;CGrannyMesh","Mesh metadata, groups, index/vertex conversion, bindings and native deformers","B;C","D1-X state: private SDK adapter, explicit legacy reference entrypoint, compatibility wrapper or tooling; see main report exceptions","legacy wrapper","bool CGrannyMesh::LoadTriGroupNodeList(CGrannyMaterialPalette& rkMtrlPal)"
"src/EterGrnLib/Mesh.cpp","232","CGrannyMesh::LoadTriGroupNodeList","GrannyGetMeshTriangleGroupCount","Mesh metadata, groups, index/vertex conversion, bindings and native deformers","B","D1-X state: private SDK adapter, explicit legacy reference entrypoint, compatibility wrapper or tooling; see main report exceptions","SDK/adapter symbol","int GroupNodeCount	= GrannyGetMeshTriangleGroupCount(m_pgrnMesh);"
"src/EterGrnLib/Mesh.cpp","238","CGrannyMesh::LoadTriGroupNodeList","granny_tri_material_group;GrannyGetMeshTriangleGroups","Mesh metadata, groups, index/vertex conversion, bindings and native deformers","B;C","D1-X state: private SDK adapter, explicit legacy reference entrypoint, compatibility wrapper or tooling; see main report exceptions","SDK/adapter symbol","const granny_tri_material_group * c_pgrnTriGroups = GrannyGetMeshTriangleGroups(m_pgrnMesh);"
"src/EterGrnLib/Mesh.cpp","242","CGrannyMesh::LoadTriGroupNodeList","granny_tri_material_group","Mesh metadata, groups, index/vertex conversion, bindings and native deformers","C","D1-X state: private SDK adapter, explicit legacy reference entrypoint, compatibility wrapper or tooling; see main report exceptions","SDK/adapter symbol","const granny_tri_material_group & c_rgrnTriGroup = c_pgrnTriGroups[g];"
"src/EterGrnLib/Mesh.cpp","258","CGrannyMesh::LoadTriGroupNodeList","CGrannyMaterial","Mesh metadata, groups, index/vertex conversion, bindings and native deformers","B;C","D1-X state: private SDK adapter, explicit legacy reference entrypoint, compatibility wrapper or tooling; see main report exceptions","legacy wrapper","const CGrannyMaterial& rkMtrl=rkMtrlPal.GetMaterialRef(pTriGroupNode->mtrlIndex);"
"src/EterGrnLib/Mesh.cpp","267","CGrannyMesh::RebuildTriGroupNodeList","CGrannyMesh","Mesh metadata, groups, index/vertex conversion, bindings and native deformers","B","D1-X state: private SDK adapter, explicit legacy reference entrypoint, compatibility wrapper or tooling; see main report exceptions","legacy wrapper","void CGrannyMesh::RebuildTriGroupNodeList()"
"src/EterGrnLib/Mesh.cpp","269","CGrannyMesh::RebuildTriGroupNodeList","CGrannyMesh","Mesh metadata, groups, index/vertex conversion, bindings and native deformers","B","D1-X state: private SDK adapter, explicit legacy reference entrypoint, compatibility wrapper or tooling; see main report exceptions","legacy wrapper","assert(!""CGrannyMesh::RebuildTriGroupNodeList() - should not be called"");"
"src/EterGrnLib/Mesh.cpp","272","CGrannyMesh::LoadMaterials","CGrannyMaterialPalette;CGrannyMesh","Mesh metadata, groups, index/vertex conversion, bindings and native deformers","B;C","D1-X state: private SDK adapter, explicit legacy reference entrypoint, compatibility wrapper or tooling; see main report exceptions","legacy wrapper","bool CGrannyMesh::LoadMaterials(CGrannyMaterialPalette& rkMtrlPal)"
"src/EterGrnLib/Mesh.cpp","284","CGrannyMesh::LoadMaterials","granny_material","Mesh metadata, groups, index/vertex conversion, bindings and native deformers","B;C","D1-X state: private SDK adapter, explicit legacy reference entrypoint, compatibility wrapper or tooling; see main report exceptions","SDK/adapter symbol","granny_material* pgrnMaterial = m_pgrnMesh->MaterialBindings[m].Material;"
"src/EterGrnLib/Mesh.cpp","287","CGrannyMesh::LoadMaterials","CGrannyMaterial","Mesh metadata, groups, index/vertex conversion, bindings and native deformers","C","D1-X state: private SDK adapter, explicit legacy reference entrypoint, compatibility wrapper or tooling; see main report exceptions","legacy wrapper","bHaveBlendThing |= rkMtrlPal.GetMaterialRef(mtrlIndex).GetType() == CGrannyMaterial::TYPE_BLEND_PNT;"
"src/EterGrnLib/Mesh.cpp","294","CGrannyMesh::IsTwoSide","CGrannyMesh","Mesh metadata, groups, index/vertex conversion, bindings and native deformers","B","D1-X state: private SDK adapter, explicit legacy reference entrypoint, compatibility wrapper or tooling; see main report exceptions","legacy wrapper","bool CGrannyMesh::IsTwoSide() const"
"src/EterGrnLib/Mesh.cpp","299","CGrannyMesh::SetPNT2Mesh","CGrannyMesh","Mesh metadata, groups, index/vertex conversion, bindings and native deformers","B","D1-X state: private SDK adapter, explicit legacy reference entrypoint, compatibility wrapper or tooling; see main report exceptions","legacy wrapper","void CGrannyMesh::SetPNT2Mesh()"
"src/EterGrnLib/Mesh.cpp","301","CGrannyMesh::SetPNT2Mesh","GrannyPNT3322VertexType","Mesh metadata, groups, index/vertex conversion, bindings and native deformers","B","D1-X state: private SDK adapter, explicit legacy reference entrypoint, compatibility wrapper or tooling; see main report exceptions","SDK/adapter symbol","m_pgrnMeshType = GrannyPNT3322VertexType;"
"src/EterGrnLib/Mesh.cpp","305","CGrannyMesh::Destroy","CGrannyMesh","Mesh metadata, groups, index/vertex conversion, bindings and native deformers","B","D1-X state: private SDK adapter, explicit legacy reference entrypoint, compatibility wrapper or tooling; see main report exceptions","legacy wrapper","void CGrannyMesh::Destroy()"
"src/EterGrnLib/Mesh.cpp","314","CGrannyMesh::Destroy","GrannyFreeMeshBinding","Mesh metadata, groups, index/vertex conversion, bindings and native deformers","B;G;H","D1-X state: private SDK adapter, explicit legacy reference entrypoint, compatibility wrapper or tooling; see main report exceptions","SDK/adapter symbol","GrannyFreeMeshBinding(m_pgrnMeshBindingTemp);"
"src/EterGrnLib/Mesh.cpp","318","CGrannyMesh::Destroy","GrannyFreeMeshDeformer","Mesh metadata, groups, index/vertex conversion, bindings and native deformers","B;G","D1-X state: private SDK adapter, explicit legacy reference entrypoint, compatibility wrapper or tooling; see main report exceptions","SDK/adapter symbol","GrannyFreeMeshDeformer(m_pgrnMeshDeformer);"
"src/EterGrnLib/Mesh.cpp","323","CGrannyMesh::Initialize","CGrannyMesh","Mesh metadata, groups, index/vertex conversion, bindings and native deformers","B","D1-X state: private SDK adapter, explicit legacy reference entrypoint, compatibility wrapper or tooling; see main report exceptions","legacy wrapper","void CGrannyMesh::Initialize()"
"src/EterGrnLib/Mesh.cpp","330","CGrannyMesh::Initialize","CGrannyMaterial","Mesh metadata, groups, index/vertex conversion, bindings and native deformers","C","D1-X state: private SDK adapter, explicit legacy reference entrypoint, compatibility wrapper or tooling; see main report exceptions","legacy wrapper","for (int r = 0; r < CGrannyMaterial::TYPE_MAX_NUM; ++r)"
"src/EterGrnLib/Mesh.cpp","333","CGrannyMesh::Initialize","GrannyPNT332VertexType","Mesh metadata, groups, index/vertex conversion, bindings and native deformers","B","D1-X state: private SDK adapter, explicit legacy reference entrypoint, compatibility wrapper or tooling; see main report exceptions","SDK/adapter symbol","m_pgrnMeshType = GrannyPNT332VertexType;"
"src/EterGrnLib/Mesh.cpp","350","CGrannyMesh::CGrannyMesh","CGrannyMesh","Mesh metadata, groups, index/vertex conversion, bindings and native deformers","B","D1-X state: private SDK adapter, explicit legacy reference entrypoint, compatibility wrapper or tooling; see main report exceptions","legacy wrapper","CGrannyMesh::CGrannyMesh()"
"src/EterGrnLib/Mesh.cpp","355","CGrannyMesh::~CGrannyMesh","CGrannyMesh","Mesh metadata, groups, index/vertex conversion, bindings and native deformers","B","D1-X state: private SDK adapter, explicit legacy reference entrypoint, compatibility wrapper or tooling; see main report exceptions","legacy wrapper","CGrannyMesh::~CGrannyMesh()"
"src/EterGrnLib/Mesh.h","5","CGrannyMesh","CGrannyMesh","Mesh metadata, groups, index/vertex conversion, bindings and native deformers","B","D1-X state: private SDK adapter, explicit legacy reference entrypoint, compatibility wrapper or tooling; see main report exceptions","legacy wrapper","class CGrannyMesh"
"src/EterGrnLib/Mesh.h","24","CGrannyMesh","CGrannyMesh","Mesh metadata, groups, index/vertex conversion, bindings and native deformers","B","D1-X state: private SDK adapter, explicit legacy reference entrypoint, compatibility wrapper or tooling; see main report exceptions","legacy wrapper","CGrannyMesh();"
"src/EterGrnLib/Mesh.h","25","CGrannyMesh","CGrannyMesh","Mesh metadata, groups, index/vertex conversion, bindings and native deformers","B","D1-X state: private SDK adapter, explicit legacy reference entrypoint, compatibility wrapper or tooling; see main report exceptions","legacy wrapper","virtual ~CGrannyMesh();"
"src/EterGrnLib/Mesh.h","30","CGrannyMesh::CreateFromAsset","CGrannyMaterialPalette","Mesh metadata, groups, index/vertex conversion, bindings and native deformers","C","D1-X state: private SDK adapter, explicit legacy reference entrypoint, compatibility wrapper or tooling; see main report exceptions","legacy wrapper","int vertexBase, int indexBase, CGrannyMaterialPalette& palette);"
"src/EterGrnLib/Mesh.h","32","CGrannyMesh::CreateFromGrannyMeshPointer","CGrannyMaterialPalette;granny_mesh;granny_skeleton","Mesh metadata, groups, index/vertex conversion, bindings and native deformers","B;C;D","D1-X state: private SDK adapter, explicit legacy reference entrypoint, compatibility wrapper or tooling; see main report exceptions","SDK/adapter symbol","bool					CreateFromGrannyMeshPointer(granny_skeleton* pgrnSkeleton, granny_mesh* pgrnMesh, int vtxBasePos, int idxBasePos, CGrannyMaterialPalette& rkMtrlPal);"
"src/EterGrnLib/Mesh.h","53","CGrannyMesh::GetIndexBasePosition","granny_mesh","Mesh metadata, groups, index/vertex conversion, bindings and native deformers","B","D1-X state: private SDK adapter, explicit legacy reference entrypoint, compatibility wrapper or tooling; see main report exceptions","SDK/adapter symbol","const granny_mesh *					GetGrannyMeshPointer() const;"
"src/EterGrnLib/Mesh.h","54","CGrannyMesh::GetIndexBasePosition","CGrannyMaterial;CGrannyMesh","Mesh metadata, groups, index/vertex conversion, bindings and native deformers","B;C","D1-X state: private SDK adapter, explicit legacy reference entrypoint, compatibility wrapper or tooling; see main report exceptions","legacy wrapper","const CGrannyMesh::TTriGroupNode *	GetTriGroupNodeList(CGrannyMaterial::EType eMtrlType) const;"
"src/EterGrnLib/Mesh.h","62","CGrannyMesh::LoadMaterials","CGrannyMaterialPalette","Mesh metadata, groups, index/vertex conversion, bindings and native deformers","C","D1-X state: private SDK adapter, explicit legacy reference entrypoint, compatibility wrapper or tooling; see main report exceptions","legacy wrapper","bool					LoadMaterials(CGrannyMaterialPalette& rkMtrlPal);"
"src/EterGrnLib/Mesh.h","63","CGrannyMesh::LoadTriGroupNodeList","CGrannyMaterialPalette","Mesh metadata, groups, index/vertex conversion, bindings and native deformers","C","D1-X state: private SDK adapter, explicit legacy reference entrypoint, compatibility wrapper or tooling; see main report exceptions","legacy wrapper","bool					LoadTriGroupNodeList(CGrannyMaterialPalette& rkMtrlPal);"
"src/EterGrnLib/Mesh.h","66","CGrannyMesh::LoadTriGroupNodeList","Granny","Mesh metadata, groups, index/vertex conversion, bindings and native deformers","B","D1-X state: private SDK adapter, explicit legacy reference entrypoint, compatibility wrapper or tooling; see main report exceptions","comment","// Granny Mesh Data"
"src/EterGrnLib/Mesh.h","67","CGrannyMesh::LoadTriGroupNodeList","granny_data_type_definition","Mesh metadata, groups, index/vertex conversion, bindings and native deformers","B","D1-X state: private SDK adapter, explicit legacy reference entrypoint, compatibility wrapper or tooling; see main report exceptions","SDK/adapter symbol","granny_data_type_definition *	m_pgrnMeshType;"
"src/EterGrnLib/Mesh.h","68","CGrannyMesh::LoadTriGroupNodeList","granny_mesh","Mesh metadata, groups, index/vertex conversion, bindings and native deformers","B","D1-X state: private SDK adapter, explicit legacy reference entrypoint, compatibility wrapper or tooling; see main report exceptions","SDK/adapter symbol","granny_mesh *			m_pgrnMesh;"
"src/EterGrnLib/Mesh.h","71","CGrannyMesh::LoadTriGroupNodeList","granny_mesh_binding","Mesh metadata, groups, index/vertex conversion, bindings and native deformers","B;G;H","D1-X state: private SDK adapter, explicit legacy reference entrypoint, compatibility wrapper or tooling; see main report exceptions","SDK/adapter symbol","granny_mesh_binding *	m_pgrnMeshBindingTemp;"
"src/EterGrnLib/Mesh.h","74","CGrannyMesh::LoadTriGroupNodeList","granny_mesh_deformer","Mesh metadata, groups, index/vertex conversion, bindings and native deformers","B;G","D1-X state: private SDK adapter, explicit legacy reference entrypoint, compatibility wrapper or tooling; see main report exceptions","SDK/adapter symbol","granny_mesh_deformer *	m_pgrnMeshDeformer;"
"src/EterGrnLib/Mesh.h","76","CGrannyMesh::LoadTriGroupNodeList","Granny","Mesh metadata, groups, index/vertex conversion, bindings and native deformers","C","D1-X state: private SDK adapter, explicit legacy reference entrypoint, compatibility wrapper or tooling; see main report exceptions","comment","// Granny Material Data"
"src/EterGrnLib/Mesh.h","81","CGrannyMesh::LoadTriGroupNodeList","CGrannyMaterial","Mesh metadata, groups, index/vertex conversion, bindings and native deformers","C","D1-X state: private SDK adapter, explicit legacy reference entrypoint, compatibility wrapper or tooling; see main report exceptions","legacy wrapper","TTriGroupNode *			m_triGroupNodeLists[CGrannyMaterial::TYPE_MAX_NUM];"
"src/EterGrnLib/Mesh.h","89","CGrannyMesh::LoadTriGroupNodeList","CGrannyModel","Mesh metadata, groups, index/vertex conversion, bindings and native deformers","B","D1-X state: private SDK adapter, explicit legacy reference entrypoint, compatibility wrapper or tooling; see main report exceptions","comment","// Borrowed from the owning CGrannyModel handle, which is released after its meshes."
"src/EterGrnLib/Model.cpp","2","file scope","Granny;GrannyInterop","Model geometry aggregation, source capture, rigid/skinned buffers and CPU fallback","B","D1-X state: private SDK adapter, explicit legacy reference entrypoint, compatibility wrapper or tooling; see main report exceptions","include","#include ""AssetRuntime/Granny/GrannyInterop.h"""
"src/EterGrnLib/Model.cpp","10","CGrannyModel::GetMaterialPalette","CGrannyMaterialPalette;CGrannyModel","Model geometry aggregation, source capture, rigid/skinned buffers and CPU fallback","C","D1-X state: private SDK adapter, explicit legacy reference entrypoint, compatibility wrapper or tooling; see main report exceptions","legacy wrapper","const CGrannyMaterialPalette& CGrannyModel::GetMaterialPalette() const"
"src/EterGrnLib/Model.cpp","15","CGrannyModel::GetMeshNodeList","CGrannyMaterial;CGrannyMesh;CGrannyModel","Model geometry aggregation, source capture, rigid/skinned buffers and CPU fallback","B;C","D1-X state: private SDK adapter, explicit legacy reference entrypoint, compatibility wrapper or tooling; see main report exceptions","legacy wrapper","const CGrannyModel::TMeshNode* CGrannyModel::GetMeshNodeList(CGrannyMesh::EType eMeshType, CGrannyMaterial::EType eMtrlType) const"
"src/EterGrnLib/Model.cpp","20","CGrannyModel::GetMeshPointer","CGrannyMesh;CGrannyModel","Model geometry aggregation, source capture, rigid/skinned buffers and CPU fallback","B","D1-X state: private SDK adapter, explicit legacy reference entrypoint, compatibility wrapper or tooling; see main report exceptions","legacy wrapper","CGrannyMesh * CGrannyModel::GetMeshPointer(int iMesh)"
"src/EterGrnLib/Model.cpp","28","CGrannyModel::GetMeshPointer","CGrannyMesh;CGrannyModel","Model geometry aggregation, source capture, rigid/skinned buffers and CPU fallback","B","D1-X state: private SDK adapter, explicit legacy reference entrypoint, compatibility wrapper or tooling; see main report exceptions","legacy wrapper","const CGrannyMesh* CGrannyModel::GetMeshPointer(int iMesh) const"
"src/EterGrnLib/Model.cpp","36","CGrannyModel::CanDeformPNTVertices","CGrannyModel","Model geometry aggregation, source capture, rigid/skinned buffers and CPU fallback","G","D1-X state: private SDK adapter, explicit legacy reference entrypoint, compatibility wrapper or tooling; see main report exceptions","legacy wrapper","bool CGrannyModel::CanDeformPNTVertices() const"
"src/EterGrnLib/Model.cpp","41","CGrannyModel::DeformPNTVertices","CGrannyModel","Model geometry aggregation, source capture, rigid/skinned buffers and CPU fallback","F;G","D1-X state: private SDK adapter, explicit legacy reference entrypoint, compatibility wrapper or tooling; see main report exceptions","legacy wrapper","bool CGrannyModel::DeformPNTVertices(void* dstBaseVertices, AssetRuntime::PoseView pose,"
"src/EterGrnLib/Model.cpp","50","CGrannyModel::DeformPNTVertices","CGrannyMesh","Model geometry aggregation, source capture, rigid/skinned buffers and CPU fallback","B","D1-X state: private SDK adapter, explicit legacy reference entrypoint, compatibility wrapper or tooling; see main report exceptions","legacy wrapper","CGrannyMesh & rMesh = m_meshs[iMesh];"
"src/EterGrnLib/Model.cpp","59","CGrannyModel::GetRigidVertexCount","CGrannyModel","Model geometry aggregation, source capture, rigid/skinned buffers and CPU fallback","B","D1-X state: private SDK adapter, explicit legacy reference entrypoint, compatibility wrapper or tooling; see main report exceptions","legacy wrapper","int CGrannyModel::GetRigidVertexCount() const"
"src/EterGrnLib/Model.cpp","64","CGrannyModel::GetDeformVertexCount","CGrannyModel","Model geometry aggregation, source capture, rigid/skinned buffers and CPU fallback","B;G","D1-X state: private SDK adapter, explicit legacy reference entrypoint, compatibility wrapper or tooling; see main report exceptions","legacy wrapper","int CGrannyModel::GetDeformVertexCount() const"
"src/EterGrnLib/Model.cpp","69","CGrannyModel::GetVertexCount","CGrannyModel","Model geometry aggregation, source capture, rigid/skinned buffers and CPU fallback","B","D1-X state: private SDK adapter, explicit legacy reference entrypoint, compatibility wrapper or tooling; see main report exceptions","legacy wrapper","int CGrannyModel::GetVertexCount() const"
"src/EterGrnLib/Model.cpp","74","CGrannyModel::GetMeshCount","CGrannyModel","Model geometry aggregation, source capture, rigid/skinned buffers and CPU fallback","B","D1-X state: private SDK adapter, explicit legacy reference entrypoint, compatibility wrapper or tooling; see main report exceptions","legacy wrapper","int CGrannyModel::GetMeshCount() const"
"src/EterGrnLib/Model.cpp","80","CGrannyModel::GetSkinningView","CGrannyModel","Model geometry aggregation, source capture, rigid/skinned buffers and CPU fallback","B;G","D1-X state: private SDK adapter, explicit legacy reference entrypoint, compatibility wrapper or tooling; see main report exceptions","legacy wrapper","AssetRuntime::SkinningStreamView CGrannyModel::GetSkinningView(size_t mesh) const"
"src/EterGrnLib/Model.cpp","89","CGrannyModel::GetGrannyModelPointer","CGrannyModel;granny_model","Model geometry aggregation, source capture, rigid/skinned buffers and CPU fallback","B","D1-X state: private SDK adapter, explicit legacy reference entrypoint, compatibility wrapper or tooling; see main report exceptions","SDK/adapter symbol","granny_model* CGrannyModel::GetGrannyModelPointer()"
"src/EterGrnLib/Model.cpp","98","CGrannyModel::LockVertices","CGrannyModel","Model geometry aggregation, source capture, rigid/skinned buffers and CPU fallback","B","D1-X state: private SDK adapter, explicit legacy reference entrypoint, compatibility wrapper or tooling; see main report exceptions","legacy wrapper","bool CGrannyModel::LockVertices(void** indicies, void** vertices) const"
"src/EterGrnLib/Model.cpp","112","CGrannyModel::UnlockVertices","CGrannyModel","Model geometry aggregation, source capture, rigid/skinned buffers and CPU fallback","B","D1-X state: private SDK adapter, explicit legacy reference entrypoint, compatibility wrapper or tooling; see main report exceptions","legacy wrapper","void CGrannyModel::UnlockVertices() const"
"src/EterGrnLib/Model.cpp","118","CGrannyModel::LoadPNTVertices","CGrannyModel","Model geometry aggregation, source capture, rigid/skinned buffers and CPU fallback","B","D1-X state: private SDK adapter, explicit legacy reference entrypoint, compatibility wrapper or tooling; see main report exceptions","legacy wrapper","bool CGrannyModel::LoadPNTVertices()"
"src/EterGrnLib/Model.cpp","134","CGrannyModel::LoadPNTVertices","CGrannyMesh","Model geometry aggregation, source capture, rigid/skinned buffers and CPU fallback","B","D1-X state: private SDK adapter, explicit legacy reference entrypoint, compatibility wrapper or tooling; see main report exceptions","legacy wrapper","CGrannyMesh& rMesh = m_meshs[m];"
"src/EterGrnLib/Model.cpp","142","CGrannyModel::LoadIndices","CGrannyModel","Model geometry aggregation, source capture, rigid/skinned buffers and CPU fallback","B","D1-X state: private SDK adapter, explicit legacy reference entrypoint, compatibility wrapper or tooling; see main report exceptions","legacy wrapper","bool CGrannyModel::LoadIndices()"
"src/EterGrnLib/Model.cpp","158","CGrannyModel::LoadIndices","CGrannyMesh","Model geometry aggregation, source capture, rigid/skinned buffers and CPU fallback","B","D1-X state: private SDK adapter, explicit legacy reference entrypoint, compatibility wrapper or tooling; see main report exceptions","legacy wrapper","CGrannyMesh& rMesh = m_meshs[m];"
"src/EterGrnLib/Model.cpp","166","CGrannyModel::LoadMeshs","CGrannyModel","Model geometry aggregation, source capture, rigid/skinned buffers and CPU fallback","B","D1-X state: private SDK adapter, explicit legacy reference entrypoint, compatibility wrapper or tooling; see main report exceptions","legacy wrapper","bool CGrannyModel::LoadMeshs()"
"src/EterGrnLib/Model.cpp","174","CGrannyModel::LoadMeshs","granny_skeleton","Model geometry aggregation, source capture, rigid/skinned buffers and CPU fallback","D","D1-X state: private SDK adapter, explicit legacy reference entrypoint, compatibility wrapper or tooling; see main report exceptions","SDK/adapter symbol","granny_skeleton * pgrnSkeleton = m_pgrnModel->Skeleton;"
"src/EterGrnLib/Model.cpp","186","CGrannyModel::LoadMeshs","CGrannyMesh","Model geometry aggregation, source capture, rigid/skinned buffers and CPU fallback","B","D1-X state: private SDK adapter, explicit legacy reference entrypoint, compatibility wrapper or tooling; see main report exceptions","legacy wrapper","m_meshs = new CGrannyMesh[meshCount];"
"src/EterGrnLib/Model.cpp","192","CGrannyModel::LoadMeshs","CGrannyMesh","Model geometry aggregation, source capture, rigid/skinned buffers and CPU fallback","B","D1-X state: private SDK adapter, explicit legacy reference entrypoint, compatibility wrapper or tooling; see main report exceptions","legacy wrapper","CGrannyMesh& rMesh = m_meshs[m];"
"src/EterGrnLib/Model.cpp","193","CGrannyModel::LoadMeshs","granny_mesh","Model geometry aggregation, source capture, rigid/skinned buffers and CPU fallback","B;G;H","D1-X state: private SDK adapter, explicit legacy reference entrypoint, compatibility wrapper or tooling; see main report exceptions","SDK/adapter symbol","granny_mesh* pgrnMesh = m_pgrnModel->MeshBindings[m].Mesh;"
"src/EterGrnLib/Model.cpp","196","CGrannyModel::LoadMeshs","GrannyGetMeshVertexCount","Model geometry aggregation, source capture, rigid/skinned buffers and CPU fallback","B","D1-X state: private SDK adapter, explicit legacy reference entrypoint, compatibility wrapper or tooling; see main report exceptions","SDK/adapter symbol","const int vertexCount = meshAsset ? static_cast<int>(meshAsset->vertexCount) : GrannyGetMeshVertexCount(pgrnMesh);"
"src/EterGrnLib/Model.cpp","197","CGrannyModel::LoadMeshs","GrannyGetMeshIndexCount","Model geometry aggregation, source capture, rigid/skinned buffers and CPU fallback","B","D1-X state: private SDK adapter, explicit legacy reference entrypoint, compatibility wrapper or tooling; see main report exceptions","SDK/adapter symbol","const int indexCount = meshAsset ? static_cast<int>(meshAsset->indexCount) : GrannyGetMeshIndexCount(pgrnMesh);"
"src/EterGrnLib/Model.cpp","204","CGrannyModel::LoadMeshs","GrannyMeshIsRigid","Model geometry aggregation, source capture, rigid/skinned buffers and CPU fallback","B","D1-X state: private SDK adapter, explicit legacy reference entrypoint, compatibility wrapper or tooling; see main report exceptions","SDK/adapter symbol","if (GrannyMeshIsRigid(pgrnMesh))"
"src/EterGrnLib/Model.cpp","227","CGrannyModel::LoadMeshs","GrannyVertexPositionName","Model geometry aggregation, source capture, rigid/skinned buffers and CPU fallback","B","D1-X state: private SDK adapter, explicit legacy reference entrypoint, compatibility wrapper or tooling; see main report exceptions","SDK/adapter symbol","if ( 0 == strcmp(pgrnMesh->PrimaryVertexData->VertexType[i].Name, GrannyVertexPositionName) )"
"src/EterGrnLib/Model.cpp","229","CGrannyModel::LoadMeshs","GrannyVertexNormalName","Model geometry aggregation, source capture, rigid/skinned buffers and CPU fallback","B","D1-X state: private SDK adapter, explicit legacy reference entrypoint, compatibility wrapper or tooling; see main report exceptions","SDK/adapter symbol","else if ( 0 == strcmp(pgrnMesh->PrimaryVertexData->VertexType[i].Name, GrannyVertexNormalName) )"
"src/EterGrnLib/Model.cpp","231","CGrannyModel::LoadMeshs","GrannyVertexTextureCoordinatesName","Model geometry aggregation, source capture, rigid/skinned buffers and CPU fallback","B;C","D1-X state: private SDK adapter, explicit legacy reference entrypoint, compatibility wrapper or tooling; see main report exceptions","SDK/adapter symbol","else if ( 0 == strcmp(pgrnMesh->PrimaryVertexData->VertexType[i].Name, GrannyVertexTextureCoordinatesName""0"") )"
"src/EterGrnLib/Model.cpp","233","CGrannyModel::LoadMeshs","GrannyVertexTextureCoordinatesName","Model geometry aggregation, source capture, rigid/skinned buffers and CPU fallback","B;C","D1-X state: private SDK adapter, explicit legacy reference entrypoint, compatibility wrapper or tooling; see main report exceptions","SDK/adapter symbol","else if ( 0 == strcmp(pgrnMesh->PrimaryVertexData->VertexType[i].Name, GrannyVertexTextureCoordinatesName""1"") )"
"src/EterGrnLib/Model.cpp","240","CGrannyModel::LoadMeshs","CGrannyMaterial","Model geometry aggregation, source capture, rigid/skinned buffers and CPU fallback","C","D1-X state: private SDK adapter, explicit legacy reference entrypoint, compatibility wrapper or tooling; see main report exceptions","legacy wrapper","if (rMesh.GetTriGroupNodeList(CGrannyMaterial::TYPE_DIFFUSE_PNT))"
"src/EterGrnLib/Model.cpp","243","CGrannyModel::LoadMeshs","CGrannyMaterial","Model geometry aggregation, source capture, rigid/skinned buffers and CPU fallback","C","D1-X state: private SDK adapter, explicit legacy reference entrypoint, compatibility wrapper or tooling; see main report exceptions","legacy wrapper","if (rMesh.GetTriGroupNodeList(CGrannyMaterial::TYPE_BLEND_PNT))"
"src/EterGrnLib/Model.cpp","255","CGrannyModel::LoadMeshs","CGrannyMesh","Model geometry aggregation, source capture, rigid/skinned buffers and CPU fallback","B","D1-X state: private SDK adapter, explicit legacy reference entrypoint, compatibility wrapper or tooling; see main report exceptions","legacy wrapper","CGrannyMesh& rMesh = m_meshs[n];"
"src/EterGrnLib/Model.cpp","256","CGrannyModel::LoadMeshs","granny_mesh","Model geometry aggregation, source capture, rigid/skinned buffers and CPU fallback","B;G;H","D1-X state: private SDK adapter, explicit legacy reference entrypoint, compatibility wrapper or tooling; see main report exceptions","SDK/adapter symbol","granny_mesh* pgrnMesh = m_pgrnModel->MeshBindings[n].Mesh;"
"src/EterGrnLib/Model.cpp","258","CGrannyModel::LoadMeshs","CGrannyMesh;GrannyMeshIsRigid","Model geometry aggregation, source capture, rigid/skinned buffers and CPU fallback","B;G","D1-X state: private SDK adapter, explicit legacy reference entrypoint, compatibility wrapper or tooling; see main report exceptions","SDK/adapter symbol","CGrannyMesh::EType eMeshType = GrannyMeshIsRigid(pgrnMesh) ? CGrannyMesh::TYPE_RIGID : CGrannyMesh::TYPE_DEFORM;"
"src/EterGrnLib/Model.cpp","260","CGrannyModel::LoadMeshs","CGrannyMaterial","Model geometry aggregation, source capture, rigid/skinned buffers and CPU fallback","C","D1-X state: private SDK adapter, explicit legacy reference entrypoint, compatibility wrapper or tooling; see main report exceptions","legacy wrapper","if (rMesh.GetTriGroupNodeList(CGrannyMaterial::TYPE_DIFFUSE_PNT))"
"src/EterGrnLib/Model.cpp","261","CGrannyModel::LoadMeshs","CGrannyMaterial","Model geometry aggregation, source capture, rigid/skinned buffers and CPU fallback","C","D1-X state: private SDK adapter, explicit legacy reference entrypoint, compatibility wrapper or tooling; see main report exceptions","legacy wrapper","AppendMeshNode(eMeshType, CGrannyMaterial::TYPE_DIFFUSE_PNT, n);"
"src/EterGrnLib/Model.cpp","263","CGrannyModel::LoadMeshs","CGrannyMaterial","Model geometry aggregation, source capture, rigid/skinned buffers and CPU fallback","C","D1-X state: private SDK adapter, explicit legacy reference entrypoint, compatibility wrapper or tooling; see main report exceptions","legacy wrapper","if (rMesh.GetTriGroupNodeList(CGrannyMaterial::TYPE_BLEND_PNT))"
"src/EterGrnLib/Model.cpp","264","CGrannyModel::LoadMeshs","CGrannyMaterial","Model geometry aggregation, source capture, rigid/skinned buffers and CPU fallback","C","D1-X state: private SDK adapter, explicit legacy reference entrypoint, compatibility wrapper or tooling; see main report exceptions","legacy wrapper","AppendMeshNode(eMeshType, CGrannyMaterial::TYPE_BLEND_PNT, n);"
"src/EterGrnLib/Model.cpp","272","CGrannyModel::LoadMeshs","CGrannyMesh","Model geometry aggregation, source capture, rigid/skinned buffers and CPU fallback","B","D1-X state: private SDK adapter, explicit legacy reference entrypoint, compatibility wrapper or tooling; see main report exceptions","legacy wrapper","CGrannyMesh& rMesh = m_meshs[n];"
"src/EterGrnLib/Model.cpp","285","CGrannyModel::LoadAssetMeshes","CGrannyModel","Model geometry aggregation, source capture, rigid/skinned buffers and CPU fallback","B","D1-X state: private SDK adapter, explicit legacy reference entrypoint, compatibility wrapper or tooling; see main report exceptions","legacy wrapper","bool CGrannyModel::LoadAssetMeshes()"
"src/EterGrnLib/Model.cpp","292","CGrannyModel::LoadAssetMeshes","CGrannyMesh","Model geometry aggregation, source capture, rigid/skinned buffers and CPU fallback","B","D1-X state: private SDK adapter, explicit legacy reference entrypoint, compatibility wrapper or tooling; see main report exceptions","legacy wrapper","m_meshs = new CGrannyMesh[meshCount];"
"src/EterGrnLib/Model.cpp","326","CGrannyModel::LoadAssetMeshes","CGrannyMaterial","Model geometry aggregation, source capture, rigid/skinned buffers and CPU fallback","C","D1-X state: private SDK adapter, explicit legacy reference entrypoint, compatibility wrapper or tooling; see main report exceptions","legacy wrapper","if (mesh.GetTriGroupNodeList(CGrannyMaterial::TYPE_DIFFUSE_PNT)) ++diffuseNodes;"
"src/EterGrnLib/Model.cpp","327","CGrannyModel::LoadAssetMeshes","CGrannyMaterial","Model geometry aggregation, source capture, rigid/skinned buffers and CPU fallback","C","D1-X state: private SDK adapter, explicit legacy reference entrypoint, compatibility wrapper or tooling; see main report exceptions","legacy wrapper","if (mesh.GetTriGroupNodeList(CGrannyMaterial::TYPE_BLEND_PNT)) ++blendNodes;"
"src/EterGrnLib/Model.cpp","335","CGrannyModel::LoadAssetMeshes","CGrannyMesh","Model geometry aggregation, source capture, rigid/skinned buffers and CPU fallback","B;G","D1-X state: private SDK adapter, explicit legacy reference entrypoint, compatibility wrapper or tooling; see main report exceptions","legacy wrapper","CGrannyMesh::TYPE_RIGID : CGrannyMesh::TYPE_DEFORM;"
"src/EterGrnLib/Model.cpp","336","CGrannyModel::LoadAssetMeshes","CGrannyMaterial","Model geometry aggregation, source capture, rigid/skinned buffers and CPU fallback","C","D1-X state: private SDK adapter, explicit legacy reference entrypoint, compatibility wrapper or tooling; see main report exceptions","legacy wrapper","if (mesh.GetTriGroupNodeList(CGrannyMaterial::TYPE_DIFFUSE_PNT))"
"src/EterGrnLib/Model.cpp","337","CGrannyModel::LoadAssetMeshes","CGrannyMaterial","Model geometry aggregation, source capture, rigid/skinned buffers and CPU fallback","B;C","D1-X state: private SDK adapter, explicit legacy reference entrypoint, compatibility wrapper or tooling; see main report exceptions","legacy wrapper","AppendMeshNode(type, CGrannyMaterial::TYPE_DIFFUSE_PNT, index);"
"src/EterGrnLib/Model.cpp","338","CGrannyModel::LoadAssetMeshes","CGrannyMaterial","Model geometry aggregation, source capture, rigid/skinned buffers and CPU fallback","C","D1-X state: private SDK adapter, explicit legacy reference entrypoint, compatibility wrapper or tooling; see main report exceptions","legacy wrapper","if (mesh.GetTriGroupNodeList(CGrannyMaterial::TYPE_BLEND_PNT))"
"src/EterGrnLib/Model.cpp","339","CGrannyModel::LoadAssetMeshes","CGrannyMaterial","Model geometry aggregation, source capture, rigid/skinned buffers and CPU fallback","B;C","D1-X state: private SDK adapter, explicit legacy reference entrypoint, compatibility wrapper or tooling; see main report exceptions","legacy wrapper","AppendMeshNode(type, CGrannyMaterial::TYPE_BLEND_PNT, index);"
"src/EterGrnLib/Model.cpp","350","CGrannyModel::CheckMeshIndex","CGrannyModel","Model geometry aggregation, source capture, rigid/skinned buffers and CPU fallback","B","D1-X state: private SDK adapter, explicit legacy reference entrypoint, compatibility wrapper or tooling; see main report exceptions","legacy wrapper","BOOL CGrannyModel::CheckMeshIndex(int iIndex) const"
"src/EterGrnLib/Model.cpp","360","CGrannyModel::AppendMeshNode","CGrannyMaterial;CGrannyMesh;CGrannyModel","Model geometry aggregation, source capture, rigid/skinned buffers and CPU fallback","B;C","D1-X state: private SDK adapter, explicit legacy reference entrypoint, compatibility wrapper or tooling; see main report exceptions","legacy wrapper","void CGrannyModel::AppendMeshNode(CGrannyMesh::EType eMeshType, CGrannyMaterial::EType eMtrlType, int iMesh)"
"src/EterGrnLib/Model.cpp","372","CGrannyModel::CreateFromAsset","CGrannyModel","Model geometry aggregation, source capture, rigid/skinned buffers and CPU fallback","B","D1-X state: private SDK adapter, explicit legacy reference entrypoint, compatibility wrapper or tooling; see main report exceptions","legacy wrapper","bool CGrannyModel::CreateFromAsset(AssetRuntime::ModelHandle asset)"
"src/EterGrnLib/Model.cpp","377","CGrannyModel::CreateFromAsset","GrannyInterop","Model geometry aggregation, source capture, rigid/skinned buffers and CPU fallback","B","D1-X state: private SDK adapter, explicit legacy reference entrypoint, compatibility wrapper or tooling; see main report exceptions","SDK/adapter symbol","m_pgrnModel = AssetRuntime::GrannyInterop::GetModel(m_asset);"
"src/EterGrnLib/Model.cpp","392","CGrannyModel::CreateFromGrannyModelPointer","CGrannyModel;granny_model","Model geometry aggregation, source capture, rigid/skinned buffers and CPU fallback","B","D1-X state: private SDK adapter, explicit legacy reference entrypoint, compatibility wrapper or tooling; see main report exceptions","SDK/adapter symbol","bool CGrannyModel::CreateFromGrannyModelPointer(granny_model* pgrnModel)"
"src/EterGrnLib/Model.cpp","423","CGrannyModel::GetIdxCount","CGrannyModel","Model geometry aggregation, source capture, rigid/skinned buffers and CPU fallback","B","D1-X state: private SDK adapter, explicit legacy reference entrypoint, compatibility wrapper or tooling; see main report exceptions","legacy wrapper","int CGrannyModel::GetIdxCount()"
"src/EterGrnLib/Model.cpp","428","CGrannyModel::CreateDeviceObjects","CGrannyModel","Model geometry aggregation, source capture, rigid/skinned buffers and CPU fallback","B","D1-X state: private SDK adapter, explicit legacy reference entrypoint, compatibility wrapper or tooling; see main report exceptions","legacy wrapper","bool CGrannyModel::CreateDeviceObjects()"
"src/EterGrnLib/Model.cpp","442","CGrannyModel::CreateDeviceObjects","CGrannyMesh","Model geometry aggregation, source capture, rigid/skinned buffers and CPU fallback","B","D1-X state: private SDK adapter, explicit legacy reference entrypoint, compatibility wrapper or tooling; see main report exceptions","legacy wrapper","CGrannyMesh& rMesh = m_meshs[i];"
"src/EterGrnLib/Model.cpp","449","CGrannyModel::DestroyDeviceObjects","CGrannyModel","Model geometry aggregation, source capture, rigid/skinned buffers and CPU fallback","B","D1-X state: private SDK adapter, explicit legacy reference entrypoint, compatibility wrapper or tooling; see main report exceptions","legacy wrapper","void CGrannyModel::DestroyDeviceObjects()"
"src/EterGrnLib/Model.cpp","455","CGrannyModel::IsEmpty","CGrannyModel","Model geometry aggregation, source capture, rigid/skinned buffers and CPU fallback","B","D1-X state: private SDK adapter, explicit legacy reference entrypoint, compatibility wrapper or tooling; see main report exceptions","legacy wrapper","bool CGrannyModel::IsEmpty() const"
"src/EterGrnLib/Model.cpp","463","CGrannyModel::Destroy","CGrannyModel","Model geometry aggregation, source capture, rigid/skinned buffers and CPU fallback","B","D1-X state: private SDK adapter, explicit legacy reference entrypoint, compatibility wrapper or tooling; see main report exceptions","legacy wrapper","void CGrannyModel::Destroy()"
"src/EterGrnLib/Model.cpp","479","CGrannyModel::__LoadVertices","CGrannyModel","Model geometry aggregation, source capture, rigid/skinned buffers and CPU fallback","B","D1-X state: private SDK adapter, explicit legacy reference entrypoint, compatibility wrapper or tooling; see main report exceptions","legacy wrapper","bool CGrannyModel::__LoadVertices()"
"src/EterGrnLib/Model.cpp","498","CGrannyModel::__LoadVertices","CGrannyMesh","Model geometry aggregation, source capture, rigid/skinned buffers and CPU fallback","B","D1-X state: private SDK adapter, explicit legacy reference entrypoint, compatibility wrapper or tooling; see main report exceptions","legacy wrapper","CGrannyMesh& rMesh = m_meshs[m];"
"src/EterGrnLib/Model.cpp","506","CGrannyModel::Initialize","CGrannyModel","Model geometry aggregation, source capture, rigid/skinned buffers and CPU fallback","B","D1-X state: private SDK adapter, explicit legacy reference entrypoint, compatibility wrapper or tooling; see main report exceptions","legacy wrapper","void CGrannyModel::Initialize()"
"src/EterGrnLib/Model.cpp","532","CGrannyModel::CaptureStaticObjectSource","CGrannyModel","Model geometry aggregation, source capture, rigid/skinned buffers and CPU fallback","B","D1-X state: private SDK adapter, explicit legacy reference entrypoint, compatibility wrapper or tooling; see main report exceptions","legacy wrapper","bool CGrannyModel::CaptureStaticObjectSource()"
"src/EterGrnLib/Model.cpp","543","CGrannyModel::CaptureStaticObjectSource","Granny","Model geometry aggregation, source capture, rigid/skinned buffers and CPU fallback","A","D1-X state: private SDK adapter, explicit legacy reference entrypoint, compatibility wrapper or tooling; see main report exceptions","comment","// Same original conversion and offsets, while Granny file sections are alive."
"src/EterGrnLib/Model.cpp","552","CGrannyModel::CaptureActorSource","CGrannyModel","Model geometry aggregation, source capture, rigid/skinned buffers and CPU fallback","H","D1-X state: private SDK adapter, explicit legacy reference entrypoint, compatibility wrapper or tooling; see main report exceptions","legacy wrapper","bool CGrannyModel::CaptureActorSource(bool attachment)"
"src/EterGrnLib/Model.cpp","572","CGrannyModel::CGrannyModel","CGrannyModel","Model geometry aggregation, source capture, rigid/skinned buffers and CPU fallback","B","D1-X state: private SDK adapter, explicit legacy reference entrypoint, compatibility wrapper or tooling; see main report exceptions","legacy wrapper","CGrannyModel::CGrannyModel()"
"src/EterGrnLib/Model.cpp","577","CGrannyModel::~CGrannyModel","CGrannyModel","Model geometry aggregation, source capture, rigid/skinned buffers and CPU fallback","B","D1-X state: private SDK adapter, explicit legacy reference entrypoint, compatibility wrapper or tooling; see main report exceptions","legacy wrapper","CGrannyModel::~CGrannyModel()"
"src/EterGrnLib/Model.h","12","CGrannyModel","CGrannyModel","Model geometry aggregation, source capture, rigid/skinned buffers and CPU fallback","B","D1-X state: private SDK adapter, explicit legacy reference entrypoint, compatibility wrapper or tooling; see main report exceptions","legacy wrapper","class CGrannyModel : public CReferenceObject"
"src/EterGrnLib/Model.h","18","CGrannyModel","CGrannyMesh","Model geometry aggregation, source capture, rigid/skinned buffers and CPU fallback","B","D1-X state: private SDK adapter, explicit legacy reference entrypoint, compatibility wrapper or tooling; see main report exceptions","legacy wrapper","const CGrannyMesh * pMesh;"
"src/EterGrnLib/Model.h","23","CGrannyModel","CGrannyModel","Model geometry aggregation, source capture, rigid/skinned buffers and CPU fallback","B","D1-X state: private SDK adapter, explicit legacy reference entrypoint, compatibility wrapper or tooling; see main report exceptions","legacy wrapper","CGrannyModel();"
"src/EterGrnLib/Model.h","24","CGrannyModel","CGrannyModel","Model geometry aggregation, source capture, rigid/skinned buffers and CPU fallback","B","D1-X state: private SDK adapter, explicit legacy reference entrypoint, compatibility wrapper or tooling; see main report exceptions","legacy wrapper","virtual ~CGrannyModel();"
"src/EterGrnLib/Model.h","27","CGrannyModel::CreateFromGrannyModelPointer","granny_model","Model geometry aggregation, source capture, rigid/skinned buffers and CPU fallback","B","D1-X state: private SDK adapter, explicit legacy reference entrypoint, compatibility wrapper or tooling; see main report exceptions","SDK/adapter symbol","bool CreateFromGrannyModelPointer(granny_model* pgrnModel);"
"src/EterGrnLib/Model.h","47","CGrannyModel::GetMeshCount","CGrannyMesh","Model geometry aggregation, source capture, rigid/skinned buffers and CPU fallback","B","D1-X state: private SDK adapter, explicit legacy reference entrypoint, compatibility wrapper or tooling; see main report exceptions","legacy wrapper","CGrannyMesh * GetMeshPointer(int iMesh);"
"src/EterGrnLib/Model.h","48","CGrannyModel::GetMeshCount","granny_model","Model geometry aggregation, source capture, rigid/skinned buffers and CPU fallback","B","D1-X state: private SDK adapter, explicit legacy reference entrypoint, compatibility wrapper or tooling; see main report exceptions","SDK/adapter symbol","granny_model * GetGrannyModelPointer();"
"src/EterGrnLib/Model.h","49","CGrannyModel::GetMeshCount","CGrannyMesh","Model geometry aggregation, source capture, rigid/skinned buffers and CPU fallback","B","D1-X state: private SDK adapter, explicit legacy reference entrypoint, compatibility wrapper or tooling; see main report exceptions","legacy wrapper","const CGrannyMesh* GetMeshPointer(int iMesh) const;"
"src/EterGrnLib/Model.h","52","CGrannyModel::GetMeshCount","CGrannyMaterial;CGrannyMesh;CGrannyModel","Model geometry aggregation, source capture, rigid/skinned buffers and CPU fallback","B;C","D1-X state: private SDK adapter, explicit legacy reference entrypoint, compatibility wrapper or tooling; see main report exceptions","legacy wrapper","const CGrannyModel::TMeshNode*  GetMeshNodeList(CGrannyMesh::EType eMeshType, CGrannyMaterial::EType eMtrlType) const;"
"src/EterGrnLib/Model.h","57","CGrannyModel::UnlockVertices","CGrannyMaterialPalette","Model geometry aggregation, source capture, rigid/skinned buffers and CPU fallback","C","D1-X state: private SDK adapter, explicit legacy reference entrypoint, compatibility wrapper or tooling; see main report exceptions","legacy wrapper","const CGrannyMaterialPalette& GetMaterialPalette() const;"
"src/EterGrnLib/Model.h","60","CGrannyModel::CaptureStaticObjectSource","Granny","Model geometry aggregation, source capture, rigid/skinned buffers and CPU fallback","B;G","D1-X state: private SDK adapter, explicit legacy reference entrypoint, compatibility wrapper or tooling; see main report exceptions","comment","// ZiiNAN: Capture before Granny frees its deformable index section."
"src/EterGrnLib/Model.h","73","CGrannyModel::AppendMeshNode","CGrannyMaterial;CGrannyMesh","Model geometry aggregation, source capture, rigid/skinned buffers and CPU fallback","B;C","D1-X state: private SDK adapter, explicit legacy reference entrypoint, compatibility wrapper or tooling; see main report exceptions","legacy wrapper","void AppendMeshNode(CGrannyMesh::EType eMeshType, CGrannyMaterial::EType eMtrlType, int iMesh);"
"src/EterGrnLib/Model.h","76","CGrannyModel::AppendMeshNode","Granny","Model geometry aggregation, source capture, rigid/skinned buffers and CPU fallback","B","D1-X state: private SDK adapter, explicit legacy reference entrypoint, compatibility wrapper or tooling; see main report exceptions","comment","// Granny Data"
"src/EterGrnLib/Model.h","77","CGrannyModel::AppendMeshNode","granny_model","Model geometry aggregation, source capture, rigid/skinned buffers and CPU fallback","B","D1-X state: private SDK adapter, explicit legacy reference entrypoint, compatibility wrapper or tooling; see main report exceptions","SDK/adapter symbol","granny_model *			m_pgrnModel;"
"src/EterGrnLib/Model.h","80","CGrannyModel::AppendMeshNode","CGrannyMesh","Model geometry aggregation, source capture, rigid/skinned buffers and CPU fallback","B","D1-X state: private SDK adapter, explicit legacy reference entrypoint, compatibility wrapper or tooling; see main report exceptions","legacy wrapper","CGrannyMesh *			m_meshs;"
"src/EterGrnLib/Model.h","86","CGrannyModel::AppendMeshNode","CGrannyMaterial;CGrannyMesh","Model geometry aggregation, source capture, rigid/skinned buffers and CPU fallback","B;C","D1-X state: private SDK adapter, explicit legacy reference entrypoint, compatibility wrapper or tooling; see main report exceptions","legacy wrapper","TMeshNode *				m_meshNodeLists[CGrannyMesh::TYPE_MAX_NUM][CGrannyMaterial::TYPE_MAX_NUM];"
"src/EterGrnLib/Model.h","98","CGrannyModel::AppendMeshNode","CGrannyMaterialPalette","Model geometry aggregation, source capture, rigid/skinned buffers and CPU fallback","C","D1-X state: private SDK adapter, explicit legacy reference entrypoint, compatibility wrapper or tooling; see main report exceptions","legacy wrapper","CGrannyMaterialPalette	m_kMtrlPal;"
"src/EterGrnLib/ModelInstance.cpp","7","CGrannyModelInstance::GetModel","CGrannyModel;CGrannyModelInstance","Legacy instance API, model/skeleton/animation ownership and device lifecycle","H","D1-X state: private SDK adapter, explicit legacy reference entrypoint, compatibility wrapper or tooling; see main report exceptions","legacy wrapper","CGrannyModel* CGrannyModelInstance::GetModel()"
"src/EterGrnLib/ModelInstance.cpp","12","CGrannyModelInstance::SetMaterialImagePointer","CGrannyModelInstance","Legacy instance API, model/skeleton/animation ownership and device lifecycle","C","D1-X state: private SDK adapter, explicit legacy reference entrypoint, compatibility wrapper or tooling; see main report exceptions","legacy wrapper","void CGrannyModelInstance::SetMaterialImagePointer(const char* c_szImageName, CGraphicImage* pImage)"
"src/EterGrnLib/ModelInstance.cpp","17","CGrannyModelInstance::SetMaterialData","CGrannyModelInstance","Legacy instance API, model/skeleton/animation ownership and device lifecycle","C","D1-X state: private SDK adapter, explicit legacy reference entrypoint, compatibility wrapper or tooling; see main report exceptions","legacy wrapper","void CGrannyModelInstance::SetMaterialData(const char* c_szImageName, const SMaterialData& c_rkMaterialData)"
"src/EterGrnLib/ModelInstance.cpp","24","CGrannyModelInstance::SetSpecularInfo","CGrannyModelInstance","Legacy instance API, model/skeleton/animation ownership and device lifecycle","H","D1-X state: private SDK adapter, explicit legacy reference entrypoint, compatibility wrapper or tooling; see main report exceptions","legacy wrapper","void CGrannyModelInstance::SetSpecularInfo(const char* c_szMtrlName, BOOL bEnable, float fPower)"
"src/EterGrnLib/ModelInstance.cpp","29","CGrannyModelInstance::SetLocalTime","CGrannyModelInstance","Legacy instance API, model/skeleton/animation ownership and device lifecycle","H","D1-X state: private SDK adapter, explicit legacy reference entrypoint, compatibility wrapper or tooling; see main report exceptions","legacy wrapper","void CGrannyModelInstance::SetLocalTime(float fLocalTime)"
"src/EterGrnLib/ModelInstance.cpp","34","CGrannyModelInstance::ResetLocalTime","CGrannyModelInstance","Legacy instance API, model/skeleton/animation ownership and device lifecycle","H","D1-X state: private SDK adapter, explicit legacy reference entrypoint, compatibility wrapper or tooling; see main report exceptions","legacy wrapper","int CGrannyModelInstance::ResetLocalTime()"
"src/EterGrnLib/ModelInstance.cpp","40","CGrannyModelInstance::GetLocalTime","CGrannyModelInstance","Legacy instance API, model/skeleton/animation ownership and device lifecycle","H","D1-X state: private SDK adapter, explicit legacy reference entrypoint, compatibility wrapper or tooling; see main report exceptions","legacy wrapper","float CGrannyModelInstance::GetLocalTime()"
"src/EterGrnLib/ModelInstance.cpp","45","CGrannyModelInstance::SetParentModelInstance","CGrannyModelInstance","Legacy instance API, model/skeleton/animation ownership and device lifecycle","D","D1-X state: private SDK adapter, explicit legacy reference entrypoint, compatibility wrapper or tooling; see main report exceptions","legacy wrapper","void CGrannyModelInstance::SetParentModelInstance(const CGrannyModelInstance* c_pParentModelInstance, const char * c_szBoneName)"
"src/EterGrnLib/ModelInstance.cpp","54","CGrannyModelInstance::SetParentModelInstance","CGrannyModelInstance","Legacy instance API, model/skeleton/animation ownership and device lifecycle","D","D1-X state: private SDK adapter, explicit legacy reference entrypoint, compatibility wrapper or tooling; see main report exceptions","legacy wrapper","void CGrannyModelInstance::SetParentModelInstance(const CGrannyModelInstance* c_pParentModelInstance, int iBone)"
"src/EterGrnLib/ModelInstance.cpp","60","CGrannyModelInstance::IsEmpty","CGrannyModelInstance","Legacy instance API, model/skeleton/animation ownership and device lifecycle","H","D1-X state: private SDK adapter, explicit legacy reference entrypoint, compatibility wrapper or tooling; see main report exceptions","legacy wrapper","bool CGrannyModelInstance::IsEmpty()"
"src/EterGrnLib/ModelInstance.cpp","74","CGrannyModelInstance::CreateDeviceObjects","CGrannyModelInstance","Legacy instance API, model/skeleton/animation ownership and device lifecycle","H","D1-X state: private SDK adapter, explicit legacy reference entrypoint, compatibility wrapper or tooling; see main report exceptions","legacy wrapper","bool CGrannyModelInstance::CreateDeviceObjects()"
"src/EterGrnLib/ModelInstance.cpp","81","CGrannyModelInstance::DestroyDeviceObjects","CGrannyModelInstance","Legacy instance API, model/skeleton/animation ownership and device lifecycle","H","D1-X state: private SDK adapter, explicit legacy reference entrypoint, compatibility wrapper or tooling; see main report exceptions","legacy wrapper","void CGrannyModelInstance::DestroyDeviceObjects()"
"src/EterGrnLib/ModelInstance.cpp","86","CGrannyModelInstance::__Initialize","CGrannyModelInstance","Legacy instance API, model/skeleton/animation ownership and device lifecycle","H","D1-X state: private SDK adapter, explicit legacy reference entrypoint, compatibility wrapper or tooling; see main report exceptions","legacy wrapper","void CGrannyModelInstance::__Initialize()"
"src/EterGrnLib/ModelInstance.cpp","113","CGrannyModelInstance::CGrannyModelInstance","CGrannyModelInstance","Legacy instance API, model/skeleton/animation ownership and device lifecycle","H","D1-X state: private SDK adapter, explicit legacy reference entrypoint, compatibility wrapper or tooling; see main report exceptions","legacy wrapper","CGrannyModelInstance::CGrannyModelInstance()"
"src/EterGrnLib/ModelInstance.cpp","119","CGrannyModelInstance::~CGrannyModelInstance","CGrannyModelInstance","Legacy instance API, model/skeleton/animation ownership and device lifecycle","H","D1-X state: private SDK adapter, explicit legacy reference entrypoint, compatibility wrapper or tooling; see main report exceptions","legacy wrapper","CGrannyModelInstance::~CGrannyModelInstance()"
"src/EterGrnLib/ModelInstance.cpp","124","CGrannyModelInstance::~CGrannyModelInstance","CGrannyModelInstance","Legacy instance API, model/skeleton/animation ownership and device lifecycle","H","D1-X state: private SDK adapter, explicit legacy reference entrypoint, compatibility wrapper or tooling; see main report exceptions","legacy wrapper","CDynamicPool<CGrannyModelInstance> CGrannyModelInstance::ms_kPool;"
"src/EterGrnLib/ModelInstance.cpp","126","CGrannyModelInstance::New","CGrannyModelInstance","Legacy instance API, model/skeleton/animation ownership and device lifecycle","H","D1-X state: private SDK adapter, explicit legacy reference entrypoint, compatibility wrapper or tooling; see main report exceptions","legacy wrapper","CGrannyModelInstance* CGrannyModelInstance::New()"
"src/EterGrnLib/ModelInstance.cpp","131","CGrannyModelInstance::Delete","CGrannyModelInstance","Legacy instance API, model/skeleton/animation ownership and device lifecycle","H","D1-X state: private SDK adapter, explicit legacy reference entrypoint, compatibility wrapper or tooling; see main report exceptions","legacy wrapper","void CGrannyModelInstance::Delete(CGrannyModelInstance* pkInst)"
"src/EterGrnLib/ModelInstance.cpp","137","CGrannyModelInstance::DestroySystem","CGrannyModelInstance","Legacy instance API, model/skeleton/animation ownership and device lifecycle","H","D1-X state: private SDK adapter, explicit legacy reference entrypoint, compatibility wrapper or tooling; see main report exceptions","legacy wrapper","void CGrannyModelInstance::DestroySystem()"
"src/EterGrnLib/ModelInstance.h","10","CGrannyModelInstance","CGrannyModelInstance","Legacy instance API, model/skeleton/animation ownership and device lifecycle","H","D1-X state: private SDK adapter, explicit legacy reference entrypoint, compatibility wrapper or tooling; see main report exceptions","legacy wrapper","class CGrannyModelInstance : public CGraphicCollisionObject"
"src/EterGrnLib/ModelInstance.h","21","CGrannyModelInstance::DestroySystem","CGrannyModelInstance","Legacy instance API, model/skeleton/animation ownership and device lifecycle","H","D1-X state: private SDK adapter, explicit legacy reference entrypoint, compatibility wrapper or tooling; see main report exceptions","legacy wrapper","static CGrannyModelInstance* New();"
"src/EterGrnLib/ModelInstance.h","22","CGrannyModelInstance::Delete","CGrannyModelInstance","Legacy instance API, model/skeleton/animation ownership and device lifecycle","H","D1-X state: private SDK adapter, explicit legacy reference entrypoint, compatibility wrapper or tooling; see main report exceptions","legacy wrapper","static void Delete(CGrannyModelInstance* pkInst);"
"src/EterGrnLib/ModelInstance.h","24","CGrannyModelInstance::Delete","CGrannyModelInstance","Legacy instance API, model/skeleton/animation ownership and device lifecycle","H","D1-X state: private SDK adapter, explicit legacy reference entrypoint, compatibility wrapper or tooling; see main report exceptions","legacy wrapper","static CDynamicPool<CGrannyModelInstance>		ms_kPool;"
"src/EterGrnLib/ModelInstance.h","29","FCreateDeviceObjects::operator","CGrannyModelInstance","Legacy instance API, model/skeleton/animation ownership and device lifecycle","H","D1-X state: private SDK adapter, explicit legacy reference entrypoint, compatibility wrapper or tooling; see main report exceptions","legacy wrapper","void operator() (CGrannyModelInstance * pModelInstance)"
"src/EterGrnLib/ModelInstance.h","35","FDestroyDeviceObjects::operator","CGrannyModelInstance","Legacy instance API, model/skeleton/animation ownership and device lifecycle","H","D1-X state: private SDK adapter, explicit legacy reference entrypoint, compatibility wrapper or tooling; see main report exceptions","legacy wrapper","void operator() (CGrannyModelInstance * pModelInstance)"
"src/EterGrnLib/ModelInstance.h","40","FDestroyDeviceObjects::operator","CGrannyModelInstance","Legacy instance API, model/skeleton/animation ownership and device lifecycle","H","D1-X state: private SDK adapter, explicit legacy reference entrypoint, compatibility wrapper or tooling; see main report exceptions","legacy wrapper","CGrannyModelInstance();"
"src/EterGrnLib/ModelInstance.h","41","FDestroyDeviceObjects::operator","CGrannyModelInstance","Legacy instance API, model/skeleton/animation ownership and device lifecycle","H","D1-X state: private SDK adapter, explicit legacy reference entrypoint, compatibility wrapper or tooling; see main report exceptions","legacy wrapper","virtual ~CGrannyModelInstance();"
"src/EterGrnLib/ModelInstance.h","71","FDestroyDeviceObjects::RenderWithoutTexture","CGrannyModel","Legacy instance API, model/skeleton/animation ownership and device lifecycle","H","D1-X state: private SDK adapter, explicit legacy reference entrypoint, compatibility wrapper or tooling; see main report exceptions","legacy wrapper","CGrannyModel* GetModel();"
"src/EterGrnLib/ModelInstance.h","78","FDestroyDeviceObjects::GetSkinningPalette","CGrannyMaterialPalette","Legacy instance API, model/skeleton/animation ownership and device lifecycle","C","D1-X state: private SDK adapter, explicit legacy reference entrypoint, compatibility wrapper or tooling; see main report exceptions","legacy wrapper","CGrannyMaterialPalette& GetStaticObjectMaterialPalette() { return m_kMtrlPal; }"
"src/EterGrnLib/ModelInstance.h","87","FDestroyDeviceObjects::SetMainModelPointer","CGrannyModel","Legacy instance API, model/skeleton/animation ownership and device lifecycle","B","D1-X state: private SDK adapter, explicit legacy reference entrypoint, compatibility wrapper or tooling; see main report exceptions","legacy wrapper","void	SetMainModelPointer(CGrannyModel* pkModel, CGraphicVertexBuffer* pkSharedDefromableVertexBuffer);"
"src/EterGrnLib/ModelInstance.h","88","FDestroyDeviceObjects::SetLinkedModelPointer","CGrannyModel;CGrannyModelInstance","Legacy instance API, model/skeleton/animation ownership and device lifecycle","B;D","D1-X state: private SDK adapter, explicit legacy reference entrypoint, compatibility wrapper or tooling; see main report exceptions","legacy wrapper","void	SetLinkedModelPointer(CGrannyModel* pkModel, CGraphicVertexBuffer* pkSharedDefromableVertexBuffer, CGrannyModelInstance** ppkSkeletonInst, bool refreshLinkedLodBinding = false);"
"src/EterGrnLib/ModelInstance.h","91","FDestroyDeviceObjects::SetMotionPointer","CGrannyMotion","Legacy instance API, model/skeleton/animation ownership and device lifecycle","E","D1-X state: private SDK adapter, explicit legacy reference entrypoint, compatibility wrapper or tooling; see main report exceptions","legacy wrapper","void	SetMotionPointer(const CGrannyMotion* pMotion, float blendTime=0.0f, int loopCount=0, float speedRatio=1.0f);"
"src/EterGrnLib/ModelInstance.h","92","FDestroyDeviceObjects::ChangeMotionPointer","CGrannyMotion","Legacy instance API, model/skeleton/animation ownership and device lifecycle","E","D1-X state: private SDK adapter, explicit legacy reference entrypoint, compatibility wrapper or tooling; see main report exceptions","legacy wrapper","void	ChangeMotionPointer(const CGrannyMotion* pMotion, int loopCount=0, float speedRatio=1.0f);"
"src/EterGrnLib/ModelInstance.h","96","FDestroyDeviceObjects::CopyMotion","CGrannyModelInstance","Legacy instance API, model/skeleton/animation ownership and device lifecycle","E","D1-X state: private SDK adapter, explicit legacy reference entrypoint, compatibility wrapper or tooling; see main report exceptions","legacy wrapper","void	CopyMotion(CGrannyModelInstance * pModelInstance, bool bIsFreeSourceControl=false);"
"src/EterGrnLib/ModelInstance.h","115","FDestroyDeviceObjects::SetParentModelInstance","CGrannyModelInstance","Legacy instance API, model/skeleton/animation ownership and device lifecycle","D","D1-X state: private SDK adapter, explicit legacy reference entrypoint, compatibility wrapper or tooling; see main report exceptions","legacy wrapper","void			SetParentModelInstance(const CGrannyModelInstance* c_pParentModelInstance, const char * c_szBoneName);"
"src/EterGrnLib/ModelInstance.h","116","FDestroyDeviceObjects::SetParentModelInstance","CGrannyModelInstance","Legacy instance API, model/skeleton/animation ownership and device lifecycle","D","D1-X state: private SDK adapter, explicit legacy reference entrypoint, compatibility wrapper or tooling; see main report exceptions","legacy wrapper","void			SetParentModelInstance(const CGrannyModelInstance* c_pParentModelInstance, int iBone);"
"src/EterGrnLib/ModelInstance.h","141","FDestroyDeviceObjects::__CreateWorldPose","CGrannyModelInstance","Legacy instance API, model/skeleton/animation ownership and device lifecycle","H","D1-X state: private SDK adapter, explicit legacy reference entrypoint, compatibility wrapper or tooling; see main report exceptions","legacy wrapper","void	__CreateWorldPose(CGrannyModelInstance* pkSrcModelInst);"
"src/EterGrnLib/ModelInstance.h","143","FDestroyDeviceObjects::__CreateMeshBindingVector","CGrannyModelInstance","Legacy instance API, model/skeleton/animation ownership and device lifecycle","H","D1-X state: private SDK adapter, explicit legacy reference entrypoint, compatibility wrapper or tooling; see main report exceptions","legacy wrapper","bool	__CreateMeshBindingVector(CGrannyModelInstance* pkDstModelInst);"
"src/EterGrnLib/ModelInstance.h","166","FDestroyDeviceObjects::RenderMeshNodeListWithOneTexture","CGrannyMaterial;CGrannyMesh","Legacy instance API, model/skeleton/animation ownership and device lifecycle","B;C","D1-X state: private SDK adapter, explicit legacy reference entrypoint, compatibility wrapper or tooling; see main report exceptions","legacy wrapper","void	RenderMeshNodeListWithOneTexture(CGrannyMesh::EType eMeshType, CGrannyMaterial::EType eMtrlType);"
"src/EterGrnLib/ModelInstance.h","167","FDestroyDeviceObjects::RenderMeshNodeListWithTwoTexture","CGrannyMaterial;CGrannyMesh","Legacy instance API, model/skeleton/animation ownership and device lifecycle","B;C","D1-X state: private SDK adapter, explicit legacy reference entrypoint, compatibility wrapper or tooling; see main report exceptions","legacy wrapper","void	RenderMeshNodeListWithTwoTexture(CGrannyMesh::EType eMeshType, CGrannyMaterial::EType eMtrlType);"
"src/EterGrnLib/ModelInstance.h","168","FDestroyDeviceObjects::RenderMeshNodeListWithoutTexture","CGrannyMaterial;CGrannyMesh","Legacy instance API, model/skeleton/animation ownership and device lifecycle","B;C","D1-X state: private SDK adapter, explicit legacy reference entrypoint, compatibility wrapper or tooling; see main report exceptions","legacy wrapper","void	RenderMeshNodeListWithoutTexture(CGrannyMesh::EType eMeshType, CGrannyMaterial::EType eMtrlType);"
"src/EterGrnLib/ModelInstance.h","172","FDestroyDeviceObjects::RenderMeshNodeListWithoutTexture","CGrannyModel","Legacy instance API, model/skeleton/animation ownership and device lifecycle","H","D1-X state: private SDK adapter, explicit legacy reference entrypoint, compatibility wrapper or tooling; see main report exceptions","legacy wrapper","CGrannyModel *					m_pModel;"
"src/EterGrnLib/ModelInstance.h","174","FDestroyDeviceObjects::RenderMeshNodeListWithoutTexture","Granny","Legacy instance API, model/skeleton/animation ownership and device lifecycle","H","D1-X state: private SDK adapter, explicit legacy reference entrypoint, compatibility wrapper or tooling; see main report exceptions","comment","// Granny Data"
"src/EterGrnLib/ModelInstance.h","182","FDestroyDeviceObjects::RenderMeshNodeListWithoutTexture","CGrannyModelInstance","Legacy instance API, model/skeleton/animation ownership and device lifecycle","H","D1-X state: private SDK adapter, explicit legacy reference entrypoint, compatibility wrapper or tooling; see main report exceptions","legacy wrapper","const CGrannyModelInstance *	mc_pParentInstance;"
"src/EterGrnLib/ModelInstance.h","191","FDestroyDeviceObjects::RenderMeshNodeListWithoutTexture","CGrannyMaterialPalette","Legacy instance API, model/skeleton/animation ownership and device lifecycle","C","D1-X state: private SDK adapter, explicit legacy reference entrypoint, compatibility wrapper or tooling; see main report exceptions","legacy wrapper","CGrannyMaterialPalette			m_kMtrlPal;"
"src/EterGrnLib/ModelInstance.h","212","FDestroyDeviceObjects::RenderMeshNodeListWithoutTexture","CGrannyModelInstance","Legacy instance API, model/skeleton/animation ownership and device lifecycle","D","D1-X state: private SDK adapter, explicit legacy reference entrypoint, compatibility wrapper or tooling; see main report exceptions","legacy wrapper","CGrannyModelInstance** m_ppkSkeletonInst;"
"src/EterGrnLib/ModelInstanceCollisionDetection.cpp","2","file scope","Granny","Bone/mesh matrix collision and bounds queries","H","D1-X state: private SDK adapter, explicit legacy reference entrypoint, compatibility wrapper or tooling; see main report exceptions","include","#include ""AssetRuntime/Granny/Native.h"""
"src/EterGrnLib/ModelInstanceCollisionDetection.cpp","6","CGrannyModelInstance::MakeBoundBox","CGrannyModelInstance","Bone/mesh matrix collision and bounds queries","H","D1-X state: private SDK adapter, explicit legacy reference entrypoint, compatibility wrapper or tooling; see main report exceptions","legacy wrapper","void CGrannyModelInstance::MakeBoundBox(TBoundBox* pBoundBox,"
"src/EterGrnLib/ModelInstanceCollisionDetection.cpp","37","CGrannyModelInstance::MakeBoundBox","CGrannyModel","Bone/mesh matrix collision and bounds queries","B;D","D1-X state: private SDK adapter, explicit legacy reference entrypoint, compatibility wrapper or tooling; see main report exceptions","legacy wrapper","AssetRuntime::Bounds BoneBounds(const CGrannyModel& model, int mesh, size_t bone)"
"src/EterGrnLib/ModelInstanceCollisionDetection.cpp","55","CGrannyModelInstance::Intersect","CGrannyModelInstance","Bone/mesh matrix collision and bounds queries","H","D1-X state: private SDK adapter, explicit legacy reference entrypoint, compatibility wrapper or tooling; see main report exceptions","legacy wrapper","bool CGrannyModelInstance::Intersect(const Math::Matrix* matrix, float*, float*, float* distance)"
"src/EterGrnLib/ModelInstanceCollisionDetection.cpp","76","CGrannyModelInstance::GetBoundBox","CGrannyModelInstance","Bone/mesh matrix collision and bounds queries","H","D1-X state: private SDK adapter, explicit legacy reference entrypoint, compatibility wrapper or tooling; see main report exceptions","legacy wrapper","void CGrannyModelInstance::GetBoundBox(Math::Vector3* minimum, Math::Vector3* maximum)"
"src/EterGrnLib/ModelInstanceCollisionDetection.cpp","93","CGrannyModelInstance::GetMeshMatrixPointer","CGrannyModelInstance","Bone/mesh matrix collision and bounds queries","B","D1-X state: private SDK adapter, explicit legacy reference entrypoint, compatibility wrapper or tooling; see main report exceptions","legacy wrapper","bool CGrannyModelInstance::GetMeshMatrixPointer(int mesh,const Math::Matrix** matrix) const"
"src/EterGrnLib/ModelInstanceModel.cpp","2","file scope","Granny;GrannyInterop","Model instance ownership, skeleton links, mesh bindings and remap lifetime","H","D1-X state: private SDK adapter, explicit legacy reference entrypoint, compatibility wrapper or tooling; see main report exceptions","include","#include ""AssetRuntime/Granny/GrannyInterop.h"""
"src/EterGrnLib/ModelInstanceModel.cpp","6","CGrannyModelInstance::Clear","CGrannyModelInstance","Model instance ownership, skeleton links, mesh bindings and remap lifetime","H","D1-X state: private SDK adapter, explicit legacy reference entrypoint, compatibility wrapper or tooling; see main report exceptions","legacy wrapper","void CGrannyModelInstance::Clear()"
"src/EterGrnLib/ModelInstanceModel.cpp","31","CGrannyModelInstance::SetMainModelPointer","CGrannyModel;CGrannyModelInstance","Model instance ownership, skeleton links, mesh bindings and remap lifetime","B;G","D1-X state: private SDK adapter, explicit legacy reference entrypoint, compatibility wrapper or tooling; see main report exceptions","legacy wrapper","void CGrannyModelInstance::SetMainModelPointer(CGrannyModel* pModel, CGraphicVertexBuffer* pkSharedDeformableVertexBuffer)"
"src/EterGrnLib/ModelInstanceModel.cpp","36","CGrannyModelInstance::SetLinkedModelPointer","CGrannyModel;CGrannyModelInstance","Model instance ownership, skeleton links, mesh bindings and remap lifetime","B;D;G","D1-X state: private SDK adapter, explicit legacy reference entrypoint, compatibility wrapper or tooling; see main report exceptions","legacy wrapper","void CGrannyModelInstance::SetLinkedModelPointer(CGrannyModel* pkModel, CGraphicVertexBuffer* pkSharedDeformableVertexBuffer, CGrannyModelInstance** ppkSkeletonInst, bool refreshLinkedLodBinding)"
"src/EterGrnLib/ModelInstanceModel.cpp","81","CGrannyModelInstance::__GetPoseOwner","CGrannyModelInstance","Model instance ownership, skeleton links, mesh bindings and remap lifetime","F","D1-X state: private SDK adapter, explicit legacy reference entrypoint, compatibility wrapper or tooling; see main report exceptions","legacy wrapper","AssetRuntime::AnimationInstance* CGrannyModelInstance::__GetPoseOwner() const"
"src/EterGrnLib/ModelInstanceModel.cpp","90","CGrannyModelInstance::__GetCompositePose","CGrannyModelInstance","Model instance ownership, skeleton links, mesh bindings and remap lifetime","F","D1-X state: private SDK adapter, explicit legacy reference entrypoint, compatibility wrapper or tooling; see main report exceptions","legacy wrapper","AssetRuntime::PoseView CGrannyModelInstance::__GetCompositePose() const"
"src/EterGrnLib/ModelInstanceModel.cpp","96","CGrannyModelInstance::__GetMeshBoneIndices","CGrannyModelInstance","Model instance ownership, skeleton links, mesh bindings and remap lifetime","B;D","D1-X state: private SDK adapter, explicit legacy reference entrypoint, compatibility wrapper or tooling; see main report exceptions","legacy wrapper","const int* CGrannyModelInstance::__GetMeshBoneIndices(unsigned int index) const"
"src/EterGrnLib/ModelInstanceModel.cpp","101","CGrannyModelInstance::__CreateMeshBindingVector","CGrannyModelInstance","Model instance ownership, skeleton links, mesh bindings and remap lifetime","B;G;H","D1-X state: private SDK adapter, explicit legacy reference entrypoint, compatibility wrapper or tooling; see main report exceptions","legacy wrapper","bool CGrannyModelInstance::__CreateMeshBindingVector(CGrannyModelInstance* pkDstModelInst)"
"src/EterGrnLib/ModelInstanceModel.cpp","111","AssetRuntime::GrannyInterop::CreateLegacyMeshBinding","GrannyInterop","Model instance ownership, skeleton links, mesh bindings and remap lifetime","B;G;H","D1-X state: private SDK adapter, explicit legacy reference entrypoint, compatibility wrapper or tooling; see main report exceptions","SDK/adapter symbol","AssetRuntime::GrannyInterop::CreateLegacyMeshBinding(m_pModel->GetGrannyModelPointer(),mesh,*destination);"
"src/EterGrnLib/ModelInstanceModel.cpp","121","CGrannyModelInstance::__DestroyMeshBindingVector","CGrannyModelInstance","Model instance ownership, skeleton links, mesh bindings and remap lifetime","B;G;H","D1-X state: private SDK adapter, explicit legacy reference entrypoint, compatibility wrapper or tooling; see main report exceptions","legacy wrapper","void CGrannyModelInstance::__DestroyMeshBindingVector()"
"src/EterGrnLib/ModelInstanceModel.cpp","129","CGrannyModelInstance::__CreateWorldPose","CGrannyModelInstance","Model instance ownership, skeleton links, mesh bindings and remap lifetime","D;F","D1-X state: private SDK adapter, explicit legacy reference entrypoint, compatibility wrapper or tooling; see main report exceptions","legacy wrapper","void CGrannyModelInstance::__CreateWorldPose(CGrannyModelInstance* pkSkeletonInst)"
"src/EterGrnLib/ModelInstanceModel.cpp","142","CGrannyModelInstance::__DestroyWorldPose","CGrannyModelInstance","Model instance ownership, skeleton links, mesh bindings and remap lifetime","F","D1-X state: private SDK adapter, explicit legacy reference entrypoint, compatibility wrapper or tooling; see main report exceptions","legacy wrapper","void CGrannyModelInstance::__DestroyWorldPose()"
"src/EterGrnLib/ModelInstanceModel.cpp","147","CGrannyModelInstance::__CreateModelInstance","CGrannyModelInstance","Model instance ownership, skeleton links, mesh bindings and remap lifetime","H","D1-X state: private SDK adapter, explicit legacy reference entrypoint, compatibility wrapper or tooling; see main report exceptions","legacy wrapper","void CGrannyModelInstance::__CreateModelInstance()"
"src/EterGrnLib/ModelInstanceModel.cpp","153","AssetRuntime::GrannyInterop::CreateLegacyAnimationInstance","GrannyInterop","Model instance ownership, skeleton links, mesh bindings and remap lifetime","E","D1-X state: private SDK adapter, explicit legacy reference entrypoint, compatibility wrapper or tooling; see main report exceptions","SDK/adapter symbol","AssetRuntime::GrannyInterop::CreateLegacyAnimationInstance(m_pModel->GetGrannyModelPointer());"
"src/EterGrnLib/ModelInstanceModel.cpp","156","CGrannyModelInstance::__DestroyModelInstance","CGrannyModelInstance","Model instance ownership, skeleton links, mesh bindings and remap lifetime","H","D1-X state: private SDK adapter, explicit legacy reference entrypoint, compatibility wrapper or tooling; see main report exceptions","legacy wrapper","void CGrannyModelInstance::__DestroyModelInstance()"
"src/EterGrnLib/ModelInstanceModel.cpp","161","CGrannyModelInstance::__CreateMeshMatrices","CGrannyModelInstance","Model instance ownership, skeleton links, mesh bindings and remap lifetime","B","D1-X state: private SDK adapter, explicit legacy reference entrypoint, compatibility wrapper or tooling; see main report exceptions","legacy wrapper","void CGrannyModelInstance::__CreateMeshMatrices()"
"src/EterGrnLib/ModelInstanceModel.cpp","172","CGrannyModelInstance::__DestroyMeshMatrices","CGrannyModelInstance","Model instance ownership, skeleton links, mesh bindings and remap lifetime","B","D1-X state: private SDK adapter, explicit legacy reference entrypoint, compatibility wrapper or tooling; see main report exceptions","legacy wrapper","void CGrannyModelInstance::__DestroyMeshMatrices()"
"src/EterGrnLib/ModelInstanceModel.cpp","181","CGrannyModelInstance::GetDeformableVertexCount","CGrannyModelInstance","Model instance ownership, skeleton links, mesh bindings and remap lifetime","B;G","D1-X state: private SDK adapter, explicit legacy reference entrypoint, compatibility wrapper or tooling; see main report exceptions","legacy wrapper","DWORD CGrannyModelInstance::GetDeformableVertexCount()"
"src/EterGrnLib/ModelInstanceModel.cpp","189","CGrannyModelInstance::GetVertexCount","CGrannyModelInstance","Model instance ownership, skeleton links, mesh bindings and remap lifetime","B","D1-X state: private SDK adapter, explicit legacy reference entrypoint, compatibility wrapper or tooling; see main report exceptions","legacy wrapper","DWORD CGrannyModelInstance::GetVertexCount()"
"src/EterGrnLib/ModelInstanceModel.cpp","199","CGrannyModelInstance::__SetSharedDeformableVertexBuffer","CGrannyModelInstance","Model instance ownership, skeleton links, mesh bindings and remap lifetime","B;G","D1-X state: private SDK adapter, explicit legacy reference entrypoint, compatibility wrapper or tooling; see main report exceptions","legacy wrapper","void CGrannyModelInstance::__SetSharedDeformableVertexBuffer(CGraphicVertexBuffer* pkSharedDeformableVertexBuffer)"
"src/EterGrnLib/ModelInstanceModel.cpp","204","CGrannyModelInstance::__IsDeformableVertexBuffer","CGrannyModelInstance","Model instance ownership, skeleton links, mesh bindings and remap lifetime","B;G","D1-X state: private SDK adapter, explicit legacy reference entrypoint, compatibility wrapper or tooling; see main report exceptions","legacy wrapper","bool CGrannyModelInstance::__IsDeformableVertexBuffer()"
"src/EterGrnLib/ModelInstanceModel.cpp","214","CGrannyModelInstance::__GetDeformableVertexBufferRef","CGrannyModelInstance","Model instance ownership, skeleton links, mesh bindings and remap lifetime","B;G","D1-X state: private SDK adapter, explicit legacy reference entrypoint, compatibility wrapper or tooling; see main report exceptions","legacy wrapper","CGraphicVertexBuffer& CGrannyModelInstance::__GetDeformableVertexBufferRef()"
"src/EterGrnLib/ModelInstanceModel.cpp","222","CGrannyModelInstance::__CreateDynamicVertexBuffer","CGrannyModelInstance","Model instance ownership, skeleton links, mesh bindings and remap lifetime","B","D1-X state: private SDK adapter, explicit legacy reference entrypoint, compatibility wrapper or tooling; see main report exceptions","legacy wrapper","void CGrannyModelInstance::__CreateDynamicVertexBuffer()"
"src/EterGrnLib/ModelInstanceModel.cpp","238","CGrannyModelInstance::__DestroyDynamicVertexBuffer","CGrannyModelInstance","Model instance ownership, skeleton links, mesh bindings and remap lifetime","B","D1-X state: private SDK adapter, explicit legacy reference entrypoint, compatibility wrapper or tooling; see main report exceptions","legacy wrapper","void CGrannyModelInstance::__DestroyDynamicVertexBuffer()"
"src/EterGrnLib/ModelInstanceModel.cpp","246","CGrannyModelInstance::GetBoneIndexByName","CGrannyModelInstance","Model instance ownership, skeleton links, mesh bindings and remap lifetime","B;D;H","D1-X state: private SDK adapter, explicit legacy reference entrypoint, compatibility wrapper or tooling; see main report exceptions","legacy wrapper","bool CGrannyModelInstance::GetBoneIndexByName(const char * c_szBoneName, int * pBoneIndex) const"
"src/EterGrnLib/ModelInstanceModel.cpp","257","CGrannyModelInstance::GetBoneIndexByName","GrannyInterop","Model instance ownership, skeleton links, mesh bindings and remap lifetime","E","D1-X state: private SDK adapter, explicit legacy reference entrypoint, compatibility wrapper or tooling; see main report exceptions","SDK/adapter symbol","auto* native=AssetRuntime::GrannyInterop::GetAnimationInstance(*m_animationInstance);"
"src/EterGrnLib/ModelInstanceModel.cpp","259","CGrannyModelInstance::GetBoneIndexByName","granny_skeleton;GrannyGetSourceSkeleton","Model instance ownership, skeleton links, mesh bindings and remap lifetime","D","D1-X state: private SDK adapter, explicit legacy reference entrypoint, compatibility wrapper or tooling; see main report exceptions","SDK/adapter symbol","granny_skeleton * pgrnSkeleton = GrannyGetSourceSkeleton(native);"
"src/EterGrnLib/ModelInstanceModel.cpp","261","CGrannyModelInstance::GetBoneIndexByName","GrannyFindBoneByName","Model instance ownership, skeleton links, mesh bindings and remap lifetime","B;D;H","D1-X state: private SDK adapter, explicit legacy reference entrypoint, compatibility wrapper or tooling; see main report exceptions","SDK/adapter symbol","if (!GrannyFindBoneByName(pgrnSkeleton, c_szBoneName, pBoneIndex))"
"src/EterGrnLib/ModelInstanceModel.cpp","267","CGrannyModelInstance::GetBoneMatrixPointer","CGrannyModelInstance","Model instance ownership, skeleton links, mesh bindings and remap lifetime","D","D1-X state: private SDK adapter, explicit legacy reference entrypoint, compatibility wrapper or tooling; see main report exceptions","legacy wrapper","const float * CGrannyModelInstance::GetBoneMatrixPointer(int iBone) const"
"src/EterGrnLib/ModelInstanceModel.cpp","274","CGrannyModelInstance::GetCompositeBoneMatrixPointer","CGrannyModelInstance","Model instance ownership, skeleton links, mesh bindings and remap lifetime","D","D1-X state: private SDK adapter, explicit legacy reference entrypoint, compatibility wrapper or tooling; see main report exceptions","legacy wrapper","const float * CGrannyModelInstance::GetCompositeBoneMatrixPointer(int iBone) const"
"src/EterGrnLib/ModelInstanceModel.cpp","276","CGrannyModelInstance::GetCompositeBoneMatrixPointer","GrannyGetWorldPose4x4","Model instance ownership, skeleton links, mesh bindings and remap lifetime","F","D1-X state: private SDK adapter, explicit legacy reference entrypoint, compatibility wrapper or tooling; see main report exceptions","comment","// NOTE : GrannyGetWorldPose4x4는 스케일 값등이 잘못나올 수 있음.. 그래니가 속도를 위해"
"src/EterGrnLib/ModelInstanceModel.cpp","277","CGrannyModelInstance::GetCompositeBoneMatrixPointer","GrannyGetWorldPose4x4","Model instance ownership, skeleton links, mesh bindings and remap lifetime","F","D1-X state: private SDK adapter, explicit legacy reference entrypoint, compatibility wrapper or tooling; see main report exceptions","comment","//        GrannyGetWorldPose4x4에 모든 matrix 원소를 제 값으로 넣지 않음"
"src/EterGrnLib/ModelInstanceModel.cpp","282","CGrannyModelInstance::ReloadTexture","CGrannyModelInstance","Model instance ownership, skeleton links, mesh bindings and remap lifetime","C","D1-X state: private SDK adapter, explicit legacy reference entrypoint, compatibility wrapper or tooling; see main report exceptions","legacy wrapper","void CGrannyModelInstance::ReloadTexture()"
"src/EterGrnLib/ModelInstanceModel.cpp","284","CGrannyModelInstance::ReloadTexture","CGrannyModelInstance","Model instance ownership, skeleton links, mesh bindings and remap lifetime","C","D1-X state: private SDK adapter, explicit legacy reference entrypoint, compatibility wrapper or tooling; see main report exceptions","legacy wrapper","assert(""현재 사용하지 않음 - CGrannyModelInstance::ReloadTexture()"");"
"src/EterGrnLib/ModelInstanceModel.cpp","287","CGrannyModelInstance::ReloadTexture","CGrannyMaterialPalette","Model instance ownership, skeleton links, mesh bindings and remap lifetime","C","D1-X state: private SDK adapter, explicit legacy reference entrypoint, compatibility wrapper or tooling; see main report exceptions","legacy wrapper","const CGrannyMaterialPalette & c_rGrannyMaterialPalette = m_pModel->GetMaterialPalette();"
"src/EterGrnLib/ModelInstanceModel.cpp","291","CGrannyModelInstance::ReloadTexture","CGrannyMaterial","Model instance ownership, skeleton links, mesh bindings and remap lifetime","B;C","D1-X state: private SDK adapter, explicit legacy reference entrypoint, compatibility wrapper or tooling; see main report exceptions","legacy wrapper","const CGrannyMaterial & c_rGrannyMaterial = c_rGrannyMaterialPalette.GetMaterialRef(dwMtrIndex);"
"src/EterGrnLib/ModelInstanceMotion.cpp","6","ModelPath","CGrannyModel","Existing Granny animation control/mixing and clip playback","E","D1-X state: private SDK adapter, explicit legacy reference entrypoint, compatibility wrapper or tooling; see main report exceptions","legacy wrapper","const char* ModelPath(const CGrannyModel* model)"
"src/EterGrnLib/ModelInstanceMotion.cpp","10","ClipPath","CGrannyMotion","Existing Granny animation control/mixing and clip playback","E","D1-X state: private SDK adapter, explicit legacy reference entrypoint, compatibility wrapper or tooling; see main report exceptions","legacy wrapper","const char* ClipPath(const CGrannyMotion* motion)"
"src/EterGrnLib/ModelInstanceMotion.cpp","20","CGrannyModelInstance::CopyMotion","CGrannyModelInstance","Existing Granny animation control/mixing and clip playback","E","D1-X state: private SDK adapter, explicit legacy reference entrypoint, compatibility wrapper or tooling; see main report exceptions","legacy wrapper","void CGrannyModelInstance::CopyMotion(CGrannyModelInstance* source, bool freeSource)"
"src/EterGrnLib/ModelInstanceMotion.cpp","29","CGrannyModelInstance::IsMotionPlaying","CGrannyModelInstance","Existing Granny animation control/mixing and clip playback","E","D1-X state: private SDK adapter, explicit legacy reference entrypoint, compatibility wrapper or tooling; see main report exceptions","legacy wrapper","bool CGrannyModelInstance::IsMotionPlaying()"
"src/EterGrnLib/ModelInstanceMotion.cpp","34","CGrannyModelInstance::SetMotionPointer","CGrannyModelInstance;CGrannyMotion","Existing Granny animation control/mixing and clip playback","E","D1-X state: private SDK adapter, explicit legacy reference entrypoint, compatibility wrapper or tooling; see main report exceptions","legacy wrapper","void CGrannyModelInstance::SetMotionPointer(const CGrannyMotion* motion, float blendTime, int loopCount, float speedRatio)"
"src/EterGrnLib/ModelInstanceMotion.cpp","43","CGrannyModelInstance::ChangeMotionPointer","CGrannyModelInstance;CGrannyMotion","Existing Granny animation control/mixing and clip playback","E","D1-X state: private SDK adapter, explicit legacy reference entrypoint, compatibility wrapper or tooling; see main report exceptions","legacy wrapper","void CGrannyModelInstance::ChangeMotionPointer(const CGrannyMotion* motion, int loopCount, float speedRatio)"
"src/EterGrnLib/ModelInstanceMotion.cpp","53","CGrannyModelInstance::SetMotionAtEnd","CGrannyModelInstance","Existing Granny animation control/mixing and clip playback","E","D1-X state: private SDK adapter, explicit legacy reference entrypoint, compatibility wrapper or tooling; see main report exceptions","legacy wrapper","void CGrannyModelInstance::SetMotionAtEnd()"
"src/EterGrnLib/ModelInstanceRender.cpp","11","RenderAssetBones","CGrannyModelInstance","Existing render dispatch and cached actor buffers/materials","H","D1-X state: private SDK adapter, explicit legacy reference entrypoint, compatibility wrapper or tooling; see main report exceptions","legacy wrapper","void RenderAssetBones(CGrannyModelInstance& instance, const Math::Matrix& base)"
"src/EterGrnLib/ModelInstanceRender.cpp","30","CGrannyModelInstance::DeformNoSkin","CGrannyModelInstance","Existing render dispatch and cached actor buffers/materials","G","D1-X state: private SDK adapter, explicit legacy reference entrypoint, compatibility wrapper or tooling; see main report exceptions","legacy wrapper","void CGrannyModelInstance::DeformNoSkin(const Math::Matrix * c_pWorldMatrix)"
"src/EterGrnLib/ModelInstanceRender.cpp","49","CGrannyModelInstance::RenderWithOneTexture","CGrannyModelInstance","Existing render dispatch and cached actor buffers/materials","C","D1-X state: private SDK adapter, explicit legacy reference entrypoint, compatibility wrapper or tooling; see main report exceptions","legacy wrapper","void CGrannyModelInstance::RenderWithOneTexture()"
"src/EterGrnLib/ModelInstanceRender.cpp","69","CGrannyModelInstance::RenderWithOneTexture","CGrannyMaterial;CGrannyMesh","Existing render dispatch and cached actor buffers/materials","B;C;G","D1-X state: private SDK adapter, explicit legacy reference entrypoint, compatibility wrapper or tooling; see main report exceptions","legacy wrapper","RenderMeshNodeListWithOneTexture(CGrannyMesh::TYPE_DEFORM, CGrannyMaterial::TYPE_DIFFUSE_PNT);"
"src/EterGrnLib/ModelInstanceRender.cpp","73","CGrannyModelInstance::RenderWithOneTexture","CGrannyMaterial;CGrannyMesh","Existing render dispatch and cached actor buffers/materials","B;C","D1-X state: private SDK adapter, explicit legacy reference entrypoint, compatibility wrapper or tooling; see main report exceptions","legacy wrapper","RenderMeshNodeListWithOneTexture(CGrannyMesh::TYPE_RIGID, CGrannyMaterial::TYPE_DIFFUSE_PNT);"
"src/EterGrnLib/ModelInstanceRender.cpp","77","CGrannyModelInstance::BlendRenderWithOneTexture","CGrannyModelInstance","Existing render dispatch and cached actor buffers/materials","C","D1-X state: private SDK adapter, explicit legacy reference entrypoint, compatibility wrapper or tooling; see main report exceptions","legacy wrapper","void CGrannyModelInstance::BlendRenderWithOneTexture()"
"src/EterGrnLib/ModelInstanceRender.cpp","88","CGrannyModelInstance::BlendRenderWithOneTexture","CGrannyMaterial;CGrannyMesh","Existing render dispatch and cached actor buffers/materials","B;C;G","D1-X state: private SDK adapter, explicit legacy reference entrypoint, compatibility wrapper or tooling; see main report exceptions","legacy wrapper","RenderMeshNodeListWithOneTexture(CGrannyMesh::TYPE_DEFORM, CGrannyMaterial::TYPE_BLEND_PNT);"
"src/EterGrnLib/ModelInstanceRender.cpp","93","CGrannyModelInstance::BlendRenderWithOneTexture","CGrannyMaterial;CGrannyMesh","Existing render dispatch and cached actor buffers/materials","B;C","D1-X state: private SDK adapter, explicit legacy reference entrypoint, compatibility wrapper or tooling; see main report exceptions","legacy wrapper","RenderMeshNodeListWithOneTexture(CGrannyMesh::TYPE_RIGID, CGrannyMaterial::TYPE_BLEND_PNT);"
"src/EterGrnLib/ModelInstanceRender.cpp","98","CGrannyModelInstance::RenderWithTwoTexture","CGrannyModelInstance","Existing render dispatch and cached actor buffers/materials","C","D1-X state: private SDK adapter, explicit legacy reference entrypoint, compatibility wrapper or tooling; see main report exceptions","legacy wrapper","void CGrannyModelInstance::RenderWithTwoTexture()"
"src/EterGrnLib/ModelInstanceRender.cpp","110","CGrannyModelInstance::RenderWithTwoTexture","CGrannyMaterial;CGrannyMesh","Existing render dispatch and cached actor buffers/materials","B;C;G","D1-X state: private SDK adapter, explicit legacy reference entrypoint, compatibility wrapper or tooling; see main report exceptions","legacy wrapper","RenderMeshNodeListWithTwoTexture(CGrannyMesh::TYPE_DEFORM, CGrannyMaterial::TYPE_DIFFUSE_PNT);"
"src/EterGrnLib/ModelInstanceRender.cpp","114","CGrannyModelInstance::RenderWithTwoTexture","CGrannyMaterial;CGrannyMesh","Existing render dispatch and cached actor buffers/materials","B;C","D1-X state: private SDK adapter, explicit legacy reference entrypoint, compatibility wrapper or tooling; see main report exceptions","legacy wrapper","RenderMeshNodeListWithTwoTexture(CGrannyMesh::TYPE_RIGID, CGrannyMaterial::TYPE_DIFFUSE_PNT);"
"src/EterGrnLib/ModelInstanceRender.cpp","118","CGrannyModelInstance::BlendRenderWithTwoTexture","CGrannyModelInstance","Existing render dispatch and cached actor buffers/materials","C","D1-X state: private SDK adapter, explicit legacy reference entrypoint, compatibility wrapper or tooling; see main report exceptions","legacy wrapper","void CGrannyModelInstance::BlendRenderWithTwoTexture()"
"src/EterGrnLib/ModelInstanceRender.cpp","129","CGrannyModelInstance::BlendRenderWithTwoTexture","CGrannyMaterial;CGrannyMesh","Existing render dispatch and cached actor buffers/materials","B;C;G","D1-X state: private SDK adapter, explicit legacy reference entrypoint, compatibility wrapper or tooling; see main report exceptions","legacy wrapper","RenderMeshNodeListWithTwoTexture(CGrannyMesh::TYPE_DEFORM, CGrannyMaterial::TYPE_BLEND_PNT);"
"src/EterGrnLib/ModelInstanceRender.cpp","134","CGrannyModelInstance::BlendRenderWithTwoTexture","CGrannyMaterial;CGrannyMesh","Existing render dispatch and cached actor buffers/materials","B;C","D1-X state: private SDK adapter, explicit legacy reference entrypoint, compatibility wrapper or tooling; see main report exceptions","legacy wrapper","RenderMeshNodeListWithTwoTexture(CGrannyMesh::TYPE_RIGID, CGrannyMaterial::TYPE_BLEND_PNT);"
"src/EterGrnLib/ModelInstanceRender.cpp","138","CGrannyModelInstance::RenderWithoutTexture","CGrannyModelInstance","Existing render dispatch and cached actor buffers/materials","C","D1-X state: private SDK adapter, explicit legacy reference entrypoint, compatibility wrapper or tooling; see main report exceptions","legacy wrapper","void CGrannyModelInstance::RenderWithoutTexture()"
"src/EterGrnLib/ModelInstanceRender.cpp","151","CGrannyModelInstance::RenderWithoutTexture","CGrannyMaterial;CGrannyMesh","Existing render dispatch and cached actor buffers/materials","B;C;G","D1-X state: private SDK adapter, explicit legacy reference entrypoint, compatibility wrapper or tooling; see main report exceptions","legacy wrapper","RenderMeshNodeListWithoutTexture(CGrannyMesh::TYPE_DEFORM, CGrannyMaterial::TYPE_DIFFUSE_PNT);"
"src/EterGrnLib/ModelInstanceRender.cpp","152","CGrannyModelInstance::RenderWithoutTexture","CGrannyMaterial;CGrannyMesh","Existing render dispatch and cached actor buffers/materials","B;C;G","D1-X state: private SDK adapter, explicit legacy reference entrypoint, compatibility wrapper or tooling; see main report exceptions","legacy wrapper","RenderMeshNodeListWithoutTexture(CGrannyMesh::TYPE_DEFORM, CGrannyMaterial::TYPE_BLEND_PNT);"
"src/EterGrnLib/ModelInstanceRender.cpp","157","CGrannyModelInstance::RenderWithoutTexture","CGrannyMaterial;CGrannyMesh","Existing render dispatch and cached actor buffers/materials","B;C","D1-X state: private SDK adapter, explicit legacy reference entrypoint, compatibility wrapper or tooling; see main report exceptions","legacy wrapper","RenderMeshNodeListWithoutTexture(CGrannyMesh::TYPE_RIGID, CGrannyMaterial::TYPE_DIFFUSE_PNT);"
"src/EterGrnLib/ModelInstanceRender.cpp","158","CGrannyModelInstance::RenderWithoutTexture","CGrannyMaterial;CGrannyMesh","Existing render dispatch and cached actor buffers/materials","B;C","D1-X state: private SDK adapter, explicit legacy reference entrypoint, compatibility wrapper or tooling; see main report exceptions","legacy wrapper","RenderMeshNodeListWithoutTexture(CGrannyMesh::TYPE_RIGID, CGrannyMaterial::TYPE_BLEND_PNT);"
"src/EterGrnLib/ModelInstanceRender.cpp","170","CGrannyModelInstance::RenderMeshNodeListWithOneTexture","CGrannyMaterial;CGrannyMesh;CGrannyModelInstance","Existing render dispatch and cached actor buffers/materials","B;C","D1-X state: private SDK adapter, explicit legacy reference entrypoint, compatibility wrapper or tooling; see main report exceptions","legacy wrapper","void CGrannyModelInstance::RenderMeshNodeListWithOneTexture(CGrannyMesh::EType eMeshType, CGrannyMaterial::EType eMtrlType)"
"src/EterGrnLib/ModelInstanceRender.cpp","176","CGrannyModelInstance::RenderMeshNodeListWithOneTexture","CGrannyModel","Existing render dispatch and cached actor buffers/materials","B","D1-X state: private SDK adapter, explicit legacy reference entrypoint, compatibility wrapper or tooling; see main report exceptions","legacy wrapper","const CGrannyModel::TMeshNode * pMeshNode = m_pModel->GetMeshNodeList(eMeshType, eMtrlType);"
"src/EterGrnLib/ModelInstanceRender.cpp","180","CGrannyModelInstance::RenderMeshNodeListWithOneTexture","CGrannyMesh","Existing render dispatch and cached actor buffers/materials","B","D1-X state: private SDK adapter, explicit legacy reference entrypoint, compatibility wrapper or tooling; see main report exceptions","legacy wrapper","const CGrannyMesh * pMesh = pMeshNode->pMesh;"
"src/EterGrnLib/ModelInstanceRender.cpp","186","CGrannyModelInstance::RenderMeshNodeListWithOneTexture","CGrannyMesh","Existing render dispatch and cached actor buffers/materials","B","D1-X state: private SDK adapter, explicit legacy reference entrypoint, compatibility wrapper or tooling; see main report exceptions","legacy wrapper","const CGrannyMesh::TTriGroupNode* pTriGroupNode = pMesh->GetTriGroupNodeList(eMtrlType);"
"src/EterGrnLib/ModelInstanceRender.cpp","194","CGrannyModelInstance::RenderMeshNodeListWithOneTexture","CGrannyMaterial","Existing render dispatch and cached actor buffers/materials","B;C","D1-X state: private SDK adapter, explicit legacy reference entrypoint, compatibility wrapper or tooling; see main report exceptions","legacy wrapper","CGrannyMaterial& rkMtrl = m_kMtrlPal.GetMaterialRef(pTriGroupNode->mtrlIndex);"
"src/EterGrnLib/ModelInstanceRender.cpp","207","Renderer::SubmitActorNativeDraw","CGrannyMesh","Existing render dispatch and cached actor buffers/materials","B","D1-X state: private SDK adapter, explicit legacy reference entrypoint, compatibility wrapper or tooling; see main report exceptions","legacy wrapper","uint32_t(pTriGroupNode->triCount*3),uint32_t(vtxMeshBasePos),uint32_t(vtxCount),eMeshType==CGrannyMesh::TYPE_RIGID});"
"src/EterGrnLib/ModelInstanceRender.cpp","219","CGrannyModelInstance::RenderMeshNodeListWithTwoTexture","CGrannyMaterial;CGrannyMesh;CGrannyModelInstance","Existing render dispatch and cached actor buffers/materials","B;C","D1-X state: private SDK adapter, explicit legacy reference entrypoint, compatibility wrapper or tooling; see main report exceptions","legacy wrapper","void CGrannyModelInstance::RenderMeshNodeListWithTwoTexture(CGrannyMesh::EType eMeshType, CGrannyMaterial::EType eMtrlType)"
"src/EterGrnLib/ModelInstanceRender.cpp","225","CGrannyModelInstance::RenderMeshNodeListWithTwoTexture","CGrannyModel","Existing render dispatch and cached actor buffers/materials","B","D1-X state: private SDK adapter, explicit legacy reference entrypoint, compatibility wrapper or tooling; see main report exceptions","legacy wrapper","const CGrannyModel::TMeshNode * pMeshNode = m_pModel->GetMeshNodeList(eMeshType, eMtrlType);"
"src/EterGrnLib/ModelInstanceRender.cpp","229","CGrannyModelInstance::RenderMeshNodeListWithTwoTexture","CGrannyMesh","Existing render dispatch and cached actor buffers/materials","B","D1-X state: private SDK adapter, explicit legacy reference entrypoint, compatibility wrapper or tooling; see main report exceptions","legacy wrapper","const CGrannyMesh * pMesh = pMeshNode->pMesh;"
"src/EterGrnLib/ModelInstanceRender.cpp","235","CGrannyModelInstance::RenderMeshNodeListWithTwoTexture","CGrannyMesh","Existing render dispatch and cached actor buffers/materials","B","D1-X state: private SDK adapter, explicit legacy reference entrypoint, compatibility wrapper or tooling; see main report exceptions","legacy wrapper","const CGrannyMesh::TTriGroupNode* pTriGroupNode = pMesh->GetTriGroupNodeList(eMtrlType);"
"src/EterGrnLib/ModelInstanceRender.cpp","241","CGrannyModelInstance::RenderMeshNodeListWithTwoTexture","CGrannyMaterial","Existing render dispatch and cached actor buffers/materials","B;C","D1-X state: private SDK adapter, explicit legacy reference entrypoint, compatibility wrapper or tooling; see main report exceptions","legacy wrapper","const CGrannyMaterial& rkMtrl=m_kMtrlPal.GetMaterialRef(pTriGroupNode->mtrlIndex);"
"src/EterGrnLib/ModelInstanceRender.cpp","257","CGrannyModelInstance::RenderMeshNodeListWithoutTexture","CGrannyMaterial;CGrannyMesh;CGrannyModelInstance","Existing render dispatch and cached actor buffers/materials","B;C","D1-X state: private SDK adapter, explicit legacy reference entrypoint, compatibility wrapper or tooling; see main report exceptions","legacy wrapper","void CGrannyModelInstance::RenderMeshNodeListWithoutTexture(CGrannyMesh::EType eMeshType, CGrannyMaterial::EType eMtrlType)"
"src/EterGrnLib/ModelInstanceRender.cpp","263","CGrannyModelInstance::RenderMeshNodeListWithoutTexture","CGrannyModel","Existing render dispatch and cached actor buffers/materials","B","D1-X state: private SDK adapter, explicit legacy reference entrypoint, compatibility wrapper or tooling; see main report exceptions","legacy wrapper","const CGrannyModel::TMeshNode * pMeshNode = m_pModel->GetMeshNodeList(eMeshType, eMtrlType);"
"src/EterGrnLib/ModelInstanceRender.cpp","267","CGrannyModelInstance::RenderMeshNodeListWithoutTexture","CGrannyMesh","Existing render dispatch and cached actor buffers/materials","B","D1-X state: private SDK adapter, explicit legacy reference entrypoint, compatibility wrapper or tooling; see main report exceptions","legacy wrapper","const CGrannyMesh * pMesh = pMeshNode->pMesh;"
"src/EterGrnLib/ModelInstanceRender.cpp","273","CGrannyModelInstance::RenderMeshNodeListWithoutTexture","CGrannyMesh","Existing render dispatch and cached actor buffers/materials","B","D1-X state: private SDK adapter, explicit legacy reference entrypoint, compatibility wrapper or tooling; see main report exceptions","legacy wrapper","const CGrannyMesh::TTriGroupNode* pTriGroupNode = pMesh->GetTriGroupNodeList(eMtrlType);"
"src/EterGrnLib/ModelInstanceSkinning.cpp","2","file scope","Granny;GrannyInterop","Phase-B skeleton/vertex/remap/palette extraction and GPU handoff","G","D1-X state: private SDK adapter, explicit legacy reference entrypoint, compatibility wrapper or tooling; see main report exceptions","include","#include ""AssetRuntime/Granny/GrannyInterop.h"""
"src/EterGrnLib/ModelInstanceSkinning.cpp","8","CGrannyModelInstance::__RefreshLinkedLodBinding","CGrannyModelInstance","Phase-B skeleton/vertex/remap/palette extraction and GPU handoff","G","D1-X state: private SDK adapter, explicit legacy reference entrypoint, compatibility wrapper or tooling; see main report exceptions","legacy wrapper","bool CGrannyModelInstance::__RefreshLinkedLodBinding()"
"src/EterGrnLib/ModelInstanceSkinning.cpp","41","AssetRuntime::GrannyInterop::CreateLegacyMeshBinding","GrannyInterop","Phase-B skeleton/vertex/remap/palette extraction and GPU handoff","B;E;G;H","D1-X state: private SDK adapter, explicit legacy reference entrypoint, compatibility wrapper or tooling; see main report exceptions","SDK/adapter symbol","AssetRuntime::GrannyInterop::CreateLegacyMeshBinding(m_pModel->GetGrannyModelPointer(),m,*owner->m_animationInstance);"
"src/EterGrnLib/ModelInstanceSkinning.cpp","63","CGrannyModelInstance::__PrepareSkinningBindings","CGrannyModelInstance","Phase-B skeleton/vertex/remap/palette extraction and GPU handoff","G","D1-X state: private SDK adapter, explicit legacy reference entrypoint, compatibility wrapper or tooling; see main report exceptions","legacy wrapper","void CGrannyModelInstance::__PrepareSkinningBindings()"
"src/EterGrnLib/ModelInstanceSkinning.cpp","100","CGrannyModelInstance::__CaptureSkinningPose","CGrannyModelInstance","Phase-B skeleton/vertex/remap/palette extraction and GPU handoff","F;G","D1-X state: private SDK adapter, explicit legacy reference entrypoint, compatibility wrapper or tooling; see main report exceptions","legacy wrapper","void CGrannyModelInstance::__CaptureSkinningPose()"
"src/EterGrnLib/ModelInstanceSkinning.cpp","114","CGrannyModelInstance::GetSkinningPalette","CGrannyModelInstance","Phase-B skeleton/vertex/remap/palette extraction and GPU handoff","G","D1-X state: private SDK adapter, explicit legacy reference entrypoint, compatibility wrapper or tooling; see main report exceptions","legacy wrapper","std::shared_ptr<const Renderer::BonePalette> CGrannyModelInstance::GetSkinningPalette() const"
"src/EterGrnLib/ModelInstanceUpdate.cpp","9","CGrannyModelInstance::Update","CGrannyModelInstance","Existing local/world pose evaluation, attachment transform and skin deformation","F","D1-X state: private SDK adapter, explicit legacy reference entrypoint, compatibility wrapper or tooling; see main report exceptions","legacy wrapper","void CGrannyModelInstance::Update(DWORD dwAniFPS)"
"src/EterGrnLib/ModelInstanceUpdate.cpp","33","CGrannyModelInstance::Update","GrannySetModelClock","Existing local/world pose evaluation, attachment transform and skin deformation","F","D1-X state: private SDK adapter, explicit legacy reference entrypoint, compatibility wrapper or tooling; see main report exceptions","SDK/adapter symbol","fprintf(fp, ""%f:%p:- GrannySetModelClock(time=%f) = %dms\n"", timeGetTime()/1000.0f, static_cast<void*>(this), GetLocalTime(), t2-t1);"
"src/EterGrnLib/ModelInstanceUpdate.cpp","41","CGrannyModelInstance::UpdateLocalTime","CGrannyModelInstance","Existing local/world pose evaluation, attachment transform and skin deformation","F","D1-X state: private SDK adapter, explicit legacy reference entrypoint, compatibility wrapper or tooling; see main report exceptions","legacy wrapper","void CGrannyModelInstance::UpdateLocalTime(float fElapsedTime)"
"src/EterGrnLib/ModelInstanceUpdate.cpp","47","CGrannyModelInstance::UpdateTransform","CGrannyModelInstance","Existing local/world pose evaluation, attachment transform and skin deformation","G","D1-X state: private SDK adapter, explicit legacy reference entrypoint, compatibility wrapper or tooling; see main report exceptions","legacy wrapper","void CGrannyModelInstance::UpdateTransform(Math::Matrix * pMatrix, float fSecondsElapsed)"
"src/EterGrnLib/ModelInstanceUpdate.cpp","51","CGrannyModelInstance::UpdateTransform","CGrannyModelIstance","Existing local/world pose evaluation, attachment transform and skin deformation","G","D1-X state: private SDK adapter, explicit legacy reference entrypoint, compatibility wrapper or tooling; see main report exceptions","legacy wrapper","TraceError(""CGrannyModelIstance::UpdateTransform - m_pgrnModelInstance = NULL"");"
"src/EterGrnLib/ModelInstanceUpdate.cpp","59","CGrannyModelInstance::Deform","CGrannyModelInstance","Existing local/world pose evaluation, attachment transform and skin deformation","G","D1-X state: private SDK adapter, explicit legacy reference entrypoint, compatibility wrapper or tooling; see main report exceptions","legacy wrapper","void CGrannyModelInstance::Deform(const Math::Matrix * c_pWorldMatrix)"
"src/EterGrnLib/ModelInstanceUpdate.cpp","148","CGrannyModelInstance::UpdateSkeleton","CGrannyModelInstance","Existing local/world pose evaluation, attachment transform and skin deformation","D","D1-X state: private SDK adapter, explicit legacy reference entrypoint, compatibility wrapper or tooling; see main report exceptions","legacy wrapper","void CGrannyModelInstance::UpdateSkeleton(const Math::Matrix * c_pWorldMatrix, float /*fLocalTime*/)"
"src/EterGrnLib/ModelInstanceUpdate.cpp","157","CGrannyModelInstance::UpdateWorldPose","CGrannyModelInstance","Existing local/world pose evaluation, attachment transform and skin deformation","F","D1-X state: private SDK adapter, explicit legacy reference entrypoint, compatibility wrapper or tooling; see main report exceptions","legacy wrapper","bool CGrannyModelInstance::UpdateWorldPose()"
"src/EterGrnLib/ModelInstanceUpdate.cpp","181","CGrannyModelInstance::UpdateWorldPose","GrannySampleModelAnimations","Existing local/world pose evaluation, attachment transform and skin deformation","D;E;F","D1-X state: private SDK adapter, explicit legacy reference entrypoint, compatibility wrapper or tooling; see main report exceptions","SDK/adapter symbol","GrannySampleModelAnimations(m_pgrnModelInstance, 0, pgrnSkeleton->BoneCount, pgrnLocalPose);"
"src/EterGrnLib/ModelInstanceUpdate.cpp","182","CGrannyModelInstance::UpdateWorldPose","GrannyBuildWorldPose","Existing local/world pose evaluation, attachment transform and skin deformation","D;F;H","D1-X state: private SDK adapter, explicit legacy reference entrypoint, compatibility wrapper or tooling; see main report exceptions","SDK/adapter symbol","GrannyBuildWorldPose(pgrnSkeleton, 0, pgrnSkeleton->BoneCount, pgrnLocalPose, pAttachBoneMatrix, m_pgrnWorldPose);"
"src/EterGrnLib/ModelInstanceUpdate.cpp","188","CGrannyModelInstance::UpdateWorldMatrices","CGrannyModelInstance","Existing local/world pose evaluation, attachment transform and skin deformation","F","D1-X state: private SDK adapter, explicit legacy reference entrypoint, compatibility wrapper or tooling; see main report exceptions","legacy wrapper","bool CGrannyModelInstance::UpdateWorldMatrices(const Math::Matrix* c_pWorldMatrix)"
"src/EterGrnLib/ModelInstanceUpdate.cpp","208","CGrannyModelInstance::UpdateWorldMatrices","CGrannyMesh","Existing local/world pose evaluation, attachment transform and skin deformation","B","D1-X state: private SDK adapter, explicit legacy reference entrypoint, compatibility wrapper or tooling; see main report exceptions","legacy wrapper","const CGrannyMesh * pMesh = m_pModel->GetMeshPointer(i);"
"src/EterGrnLib/ModelInstanceUpdate.cpp","235","CGrannyModelInstance::DeformPNTVertices","CGrannyModelInstance","Existing local/world pose evaluation, attachment transform and skin deformation","G","D1-X state: private SDK adapter, explicit legacy reference entrypoint, compatibility wrapper or tooling; see main report exceptions","legacy wrapper","bool CGrannyModelInstance::DeformPNTVertices(void * pvDest)"
"src/EterGrnLib/Motion.cpp","2","file scope","Granny","Animation metadata and playback reference","E","D1-X state: private SDK adapter, explicit legacy reference entrypoint, compatibility wrapper or tooling; see main report exceptions","include","#include ""AssetRuntime/Granny/Native.h"""
"src/EterGrnLib/Motion.cpp","4","file scope","Granny;GrannyInterop","Animation metadata and playback reference","E","D1-X state: private SDK adapter, explicit legacy reference entrypoint, compatibility wrapper or tooling; see main report exceptions","include","#include ""AssetRuntime/Granny/GrannyInterop.h"""
"src/EterGrnLib/Motion.cpp","6","CGrannyMotion::CGrannyMotion","CGrannyMotion","Animation metadata and playback reference","E","D1-X state: private SDK adapter, explicit legacy reference entrypoint, compatibility wrapper or tooling; see main report exceptions","legacy wrapper","CGrannyMotion::CGrannyMotion()"
"src/EterGrnLib/Motion.cpp","11","CGrannyMotion::~CGrannyMotion","CGrannyMotion","Animation metadata and playback reference","E","D1-X state: private SDK adapter, explicit legacy reference entrypoint, compatibility wrapper or tooling; see main report exceptions","legacy wrapper","CGrannyMotion::~CGrannyMotion()"
"src/EterGrnLib/Motion.cpp","16","CGrannyMotion::IsEmpty","CGrannyMotion","Animation metadata and playback reference","E","D1-X state: private SDK adapter, explicit legacy reference entrypoint, compatibility wrapper or tooling; see main report exceptions","legacy wrapper","bool CGrannyMotion::IsEmpty()"
"src/EterGrnLib/Motion.cpp","21","CGrannyMotion::Destroy","CGrannyMotion","Animation metadata and playback reference","E","D1-X state: private SDK adapter, explicit legacy reference entrypoint, compatibility wrapper or tooling; see main report exceptions","legacy wrapper","void CGrannyMotion::Destroy()"
"src/EterGrnLib/Motion.cpp","26","CGrannyMotion::Initialize","CGrannyMotion","Animation metadata and playback reference","E","D1-X state: private SDK adapter, explicit legacy reference entrypoint, compatibility wrapper or tooling; see main report exceptions","legacy wrapper","void CGrannyMotion::Initialize()"
"src/EterGrnLib/Motion.cpp","32","CGrannyMotion::BindAsset","CGrannyMotion","Animation metadata and playback reference","E","D1-X state: private SDK adapter, explicit legacy reference entrypoint, compatibility wrapper or tooling; see main report exceptions","legacy wrapper","bool CGrannyMotion::BindAsset(AssetRuntime::AnimationHandle asset)"
"src/EterGrnLib/Motion.cpp","35","CGrannyMotion::BindAsset","GrannyInterop","Animation metadata and playback reference","E","D1-X state: private SDK adapter, explicit legacy reference entrypoint, compatibility wrapper or tooling; see main report exceptions","SDK/adapter symbol","auto* native = AssetRuntime::GrannyInterop::GetAnimation(asset);"
"src/EterGrnLib/Motion.cpp","41","CGrannyMotion::BindGrannyAnimation","CGrannyMotion;granny_animation","Animation metadata and playback reference","E","D1-X state: private SDK adapter, explicit legacy reference entrypoint, compatibility wrapper or tooling; see main report exceptions","SDK/adapter symbol","bool CGrannyMotion::BindGrannyAnimation(granny_animation * pgrnAni)"
"src/EterGrnLib/Motion.cpp","45","CGrannyMotion::BindGrannyAnimation","GrannyInterop","Animation metadata and playback reference","E","D1-X state: private SDK adapter, explicit legacy reference entrypoint, compatibility wrapper or tooling; see main report exceptions","SDK/adapter symbol","if (!m_asset) m_asset=AssetRuntime::GrannyInterop::CreateLegacyAnimationHandle(pgrnAni);"
"src/EterGrnLib/Motion.cpp","51","CGrannyMotion::GetGrannyAnimationPointer","CGrannyMotion;granny_animation","Animation metadata and playback reference","E","D1-X state: private SDK adapter, explicit legacy reference entrypoint, compatibility wrapper or tooling; see main report exceptions","SDK/adapter symbol","granny_animation* CGrannyMotion::GetGrannyAnimationPointer() const"
"src/EterGrnLib/Motion.cpp","56","CGrannyMotion::GetName","CGrannyMotion","Animation metadata and playback reference","E","D1-X state: private SDK adapter, explicit legacy reference entrypoint, compatibility wrapper or tooling; see main report exceptions","legacy wrapper","const char * CGrannyMotion::GetName() const"
"src/EterGrnLib/Motion.cpp","62","CGrannyMotion::GetDuration","CGrannyMotion","Animation metadata and playback reference","E","D1-X state: private SDK adapter, explicit legacy reference entrypoint, compatibility wrapper or tooling; see main report exceptions","legacy wrapper","float CGrannyMotion::GetDuration() const"
"src/EterGrnLib/Motion.cpp","68","CGrannyMotion::GetTextTrack","CGrannyMotion","Animation metadata and playback reference","E","D1-X state: private SDK adapter, explicit legacy reference entrypoint, compatibility wrapper or tooling; see main report exceptions","legacy wrapper","void CGrannyMotion::GetTextTrack(const char* name, int* count, float* times) const"
"src/EterGrnLib/Motion.h","2","file scope","Granny","Animation metadata and playback reference","E","D1-X state: private SDK adapter, explicit legacy reference entrypoint, compatibility wrapper or tooling; see main report exceptions","include","#include ""AssetRuntime/Granny/NativeTypes.h"""
"src/EterGrnLib/Motion.h","5","CGrannyMotion","CGrannyMotion","Animation metadata and playback reference","E","D1-X state: private SDK adapter, explicit legacy reference entrypoint, compatibility wrapper or tooling; see main report exceptions","legacy wrapper","class CGrannyMotion"
"src/EterGrnLib/Motion.h","8","CGrannyMotion","CGrannyMotion","Animation metadata and playback reference","E","D1-X state: private SDK adapter, explicit legacy reference entrypoint, compatibility wrapper or tooling; see main report exceptions","legacy wrapper","CGrannyMotion();"
"src/EterGrnLib/Motion.h","9","CGrannyMotion","CGrannyMotion","Animation metadata and playback reference","E","D1-X state: private SDK adapter, explicit legacy reference entrypoint, compatibility wrapper or tooling; see main report exceptions","legacy wrapper","virtual ~CGrannyMotion();"
"src/EterGrnLib/Motion.h","14","CGrannyMotion::BindGrannyAnimation","granny_animation","Animation metadata and playback reference","E","D1-X state: private SDK adapter, explicit legacy reference entrypoint, compatibility wrapper or tooling; see main report exceptions","SDK/adapter symbol","bool				BindGrannyAnimation(granny_animation* pgrnAni);"
"src/EterGrnLib/Motion.h","19","CGrannyMotion::BindAsset","granny_animation","Animation metadata and playback reference","E","D1-X state: private SDK adapter, explicit legacy reference entrypoint, compatibility wrapper or tooling; see main report exceptions","SDK/adapter symbol","granny_animation *	GetGrannyAnimationPointer() const;"
"src/EterGrnLib/Motion.h","30","CGrannyMotion::Initialize","granny_animation","Animation metadata and playback reference","E","D1-X state: private SDK adapter, explicit legacy reference entrypoint, compatibility wrapper or tooling; see main report exceptions","SDK/adapter symbol","granny_animation *	m_pgrnAni;"
"src/EterGrnLib/SkinningDataAdapter.cpp","2","file scope","Granny;GrannyInterop","Phase-B skeleton/vertex/remap/palette extraction and GPU handoff","G","D1-X state: private SDK adapter, explicit legacy reference entrypoint, compatibility wrapper or tooling; see main report exceptions","include","#include ""AssetRuntime/Granny/GrannyInterop.h"""
"src/EterGrnLib/SkinningDataAdapter.cpp","3","file scope","Granny","Phase-B skeleton/vertex/remap/palette extraction and GPU handoff","G","D1-X state: private SDK adapter, explicit legacy reference entrypoint, compatibility wrapper or tooling; see main report exceptions","include","#include ""AssetRuntime/Granny/Native.h"""
"src/EterGrnLib/SkinningDataAdapter.cpp","10","file scope","granny_pwnt3432_vertex","Phase-B skeleton/vertex/remap/palette extraction and GPU handoff","B;G","D1-X state: private SDK adapter, explicit legacy reference entrypoint, compatibility wrapper or tooling; see main report exceptions","SDK/adapter symbol","static_assert(sizeof(granny_pwnt3432_vertex)==sizeof(SkinningVertex));"
"src/EterGrnLib/SkinningDataAdapter.cpp","11","file scope","granny_pwnt3432_vertex","Phase-B skeleton/vertex/remap/palette extraction and GPU handoff","B;D;G","D1-X state: private SDK adapter, explicit legacy reference entrypoint, compatibility wrapper or tooling; see main report exceptions","SDK/adapter symbol","static_assert(offsetof(granny_pwnt3432_vertex,BoneWeights)==offsetof(SkinningVertex,weights));"
"src/EterGrnLib/SkinningDataAdapter.cpp","12","file scope","granny_pwnt3432_vertex","Phase-B skeleton/vertex/remap/palette extraction and GPU handoff","B;D;G","D1-X state: private SDK adapter, explicit legacy reference entrypoint, compatibility wrapper or tooling; see main report exceptions","SDK/adapter symbol","static_assert(offsetof(granny_pwnt3432_vertex,BoneIndices)==offsetof(SkinningVertex,indices));"
"src/EterGrnLib/SkinningDataAdapter.cpp","13","file scope","granny_pwnt3432_vertex","Phase-B skeleton/vertex/remap/palette extraction and GPU handoff","B;G","D1-X state: private SDK adapter, explicit legacy reference entrypoint, compatibility wrapper or tooling; see main report exceptions","SDK/adapter symbol","static_assert(offsetof(granny_pwnt3432_vertex,Normal)==offsetof(SkinningVertex,normal));"
"src/EterGrnLib/SkinningDataAdapter.cpp","14","file scope","granny_pwnt3432_vertex","Phase-B skeleton/vertex/remap/palette extraction and GPU handoff","B;G","D1-X state: private SDK adapter, explicit legacy reference entrypoint, compatibility wrapper or tooling; see main report exceptions","SDK/adapter symbol","static_assert(offsetof(granny_pwnt3432_vertex,UV)==offsetof(SkinningVertex,uv));"
"src/EterGrnLib/SkinningDataAdapter.cpp","83","Extract","granny_model","Phase-B skeleton/vertex/remap/palette extraction and GPU handoff","G","D1-X state: private SDK adapter, explicit legacy reference entrypoint, compatibility wrapper or tooling; see main report exceptions","SDK/adapter symbol","std::shared_ptr<const SkinningModelData> Extract(const granny_model& model, const AssetRuntime::ModelAsset* asset)"
"src/EterGrnLib/SkinningDataAdapter.cpp","108","Extract","GrannyGetMeshVertexCount","Phase-B skeleton/vertex/remap/palette extraction and GPU handoff","B","D1-X state: private SDK adapter, explicit legacy reference entrypoint, compatibility wrapper or tooling; see main report exceptions","SDK/adapter symbol","const int count=GrannyGetMeshVertexCount(source);"
"src/EterGrnLib/SkinningDataAdapter.cpp","110","Extract","GrannyGetMeshVertexType","Phase-B skeleton/vertex/remap/palette extraction and GPU handoff","B","D1-X state: private SDK adapter, explicit legacy reference entrypoint, compatibility wrapper or tooling; see main report exceptions","SDK/adapter symbol","const auto* type=GrannyGetMeshVertexType(source);"
"src/EterGrnLib/SkinningDataAdapter.cpp","112","Extract","GrannyMeshIsRigid","Phase-B skeleton/vertex/remap/palette extraction and GPU handoff","B","D1-X state: private SDK adapter, explicit legacy reference entrypoint, compatibility wrapper or tooling; see main report exceptions","SDK/adapter symbol","if(GrannyMeshIsRigid(source)) { status=SkinDataStatus::Rigid; continue; }"
"src/EterGrnLib/SkinningDataAdapter.cpp","122","Extract","GrannyDataTypesAreEqualWithNames;GrannyPWNT3432VertexType","Phase-B skeleton/vertex/remap/palette extraction and GPU handoff","B","D1-X state: private SDK adapter, explicit legacy reference entrypoint, compatibility wrapper or tooling; see main report exceptions","SDK/adapter symbol","if(!GrannyDataTypesAreEqualWithNames(type,GrannyPWNT3432VertexType)) {"
"src/EterGrnLib/SkinningDataAdapter.cpp","125","Extract","GrannyGetMeshVertices","Phase-B skeleton/vertex/remap/palette extraction and GPU handoff","B","D1-X state: private SDK adapter, explicit legacy reference entrypoint, compatibility wrapper or tooling; see main report exceptions","SDK/adapter symbol","const auto* vertices=GrannyGetMeshVertices(source);"
"src/EterGrnLib/SkinningDataAdapter.cpp","136","std::memcpy","GrannyNewMeshBinding","Phase-B skeleton/vertex/remap/palette extraction and GPU handoff","B;D;G;H","D1-X state: private SDK adapter, explicit legacy reference entrypoint, compatibility wrapper or tooling; see main report exceptions","SDK/adapter symbol","auto* selfBinding=GrannyNewMeshBinding(source,model.Skeleton,model.Skeleton);"
"src/EterGrnLib/SkinningDataAdapter.cpp","137","std::memcpy","GrannyGetMeshBindingToBoneIndices","Phase-B skeleton/vertex/remap/palette extraction and GPU handoff","B;D;G;H","D1-X state: private SDK adapter, explicit legacy reference entrypoint, compatibility wrapper or tooling; see main report exceptions","SDK/adapter symbol","const auto* sourceIndices=selfBinding?GrannyGetMeshBindingToBoneIndices(selfBinding):nullptr;"
"src/EterGrnLib/SkinningDataAdapter.cpp","138","std::memcpy","GrannyGetMeshBindingBoneCount","Phase-B skeleton/vertex/remap/palette extraction and GPU handoff","B;D;G;H","D1-X state: private SDK adapter, explicit legacy reference entrypoint, compatibility wrapper or tooling; see main report exceptions","SDK/adapter symbol","bool sourceMappingValid=sourceIndices && GrannyGetMeshBindingBoneCount(selfBinding)==data->meshBoneCount;"
"src/EterGrnLib/SkinningDataAdapter.cpp","143","std::memcpy","GrannyFreeMeshBinding","Phase-B skeleton/vertex/remap/palette extraction and GPU handoff","B;G;H","D1-X state: private SDK adapter, explicit legacy reference entrypoint, compatibility wrapper or tooling; see main report exceptions","SDK/adapter symbol","if(selfBinding) GrannyFreeMeshBinding(selfBinding);"
"src/EterGrnLib/SkinningDataAdapter.cpp","146","std::memcpy","GrannyGetMeshIndexCount","Phase-B skeleton/vertex/remap/palette extraction and GPU handoff","B","D1-X state: private SDK adapter, explicit legacy reference entrypoint, compatibility wrapper or tooling; see main report exceptions","SDK/adapter symbol","const int indexCount=GrannyGetMeshIndexCount(source);"
"src/EterGrnLib/SkinningDataAdapter.cpp","147","std::memcpy","GrannyGetMeshTriangleGroupCount","Phase-B skeleton/vertex/remap/palette extraction and GPU handoff","B","D1-X state: private SDK adapter, explicit legacy reference entrypoint, compatibility wrapper or tooling; see main report exceptions","SDK/adapter symbol","const int groupCount=GrannyGetMeshTriangleGroupCount(source);"
"src/EterGrnLib/SkinningDataAdapter.cpp","148","std::memcpy","GrannyGetMeshTriangleGroups","Phase-B skeleton/vertex/remap/palette extraction and GPU handoff","B","D1-X state: private SDK adapter, explicit legacy reference entrypoint, compatibility wrapper or tooling; see main report exceptions","SDK/adapter symbol","const auto* groups=GrannyGetMeshTriangleGroups(source);"
"src/EterGrnLib/SkinningDataAdapter.cpp","154","indices","GrannyCopyMeshIndices","Phase-B skeleton/vertex/remap/palette extraction and GPU handoff","B","D1-X state: private SDK adapter, explicit legacy reference entrypoint, compatibility wrapper or tooling; see main report exceptions","SDK/adapter symbol","GrannyCopyMeshIndices(source,4,indices.data());"
"src/EterGrnLib/SkinningDataAdapter.cpp","172","ExtractRemap","granny_mesh_binding","Phase-B skeleton/vertex/remap/palette extraction and GPU handoff","B;D;G","D1-X state: private SDK adapter, explicit legacy reference entrypoint, compatibility wrapper or tooling; see main report exceptions","SDK/adapter symbol","const granny_mesh_binding* binding, std::shared_ptr<const SkeletonLayout> destination, SkinDataStatus& status)"
"src/EterGrnLib/SkinningDataAdapter.cpp","175","ExtractRemap","GrannyGetMeshBindingBoneCount","Phase-B skeleton/vertex/remap/palette extraction and GPU handoff","B;D;G;H","D1-X state: private SDK adapter, explicit legacy reference entrypoint, compatibility wrapper or tooling; see main report exceptions","SDK/adapter symbol","if(!binding || GrannyGetMeshBindingBoneCount(binding)!=mesh.meshBoneCount) return {};"
"src/EterGrnLib/SkinningDataAdapter.cpp","176","ExtractRemap","GrannyGetMeshBindingToBoneIndices","Phase-B skeleton/vertex/remap/palette extraction and GPU handoff","B;D;G;H","D1-X state: private SDK adapter, explicit legacy reference entrypoint, compatibility wrapper or tooling; see main report exceptions","SDK/adapter symbol","const auto* indices=GrannyGetMeshBindingToBoneIndices(binding);"
"src/EterGrnLib/SkinningDataAdapter.cpp","182","ExtractRemap","granny_world_pose","Phase-B skeleton/vertex/remap/palette extraction and GPU handoff","F","D1-X state: private SDK adapter, explicit legacy reference entrypoint, compatibility wrapper or tooling; see main report exceptions","SDK/adapter symbol","const granny_world_pose* pose)"
"src/EterGrnLib/SkinningDataAdapter.cpp","184","ExtractRemap","GrannyInterop","Phase-B skeleton/vertex/remap/palette extraction and GPU handoff","D;F","D1-X state: private SDK adapter, explicit legacy reference entrypoint, compatibility wrapper or tooling; see main report exceptions","SDK/adapter symbol","return CapturePose(palette,std::move(skeleton),AssetRuntime::GrannyInterop::GetPoseView(pose));"
"src/EterGrnLib/SkinningDataAdapter.h","3","file scope","Granny","Phase-B skeleton/vertex/remap/palette extraction and GPU handoff","G","D1-X state: private SDK adapter, explicit legacy reference entrypoint, compatibility wrapper or tooling; see main report exceptions","include","#include ""AssetRuntime/Granny/NativeTypes.h"""
"src/EterGrnLib/SkinningDataAdapter.h","9","Extract","granny_model","Phase-B skeleton/vertex/remap/palette extraction and GPU handoff","G","D1-X state: private SDK adapter, explicit legacy reference entrypoint, compatibility wrapper or tooling; see main report exceptions","SDK/adapter symbol","std::shared_ptr<const Renderer::SkinningModelData> Extract(const granny_model& model,"
"src/EterGrnLib/SkinningDataAdapter.h","12","ExtractRemap","granny_mesh_binding","Phase-B skeleton/vertex/remap/palette extraction and GPU handoff","B;D;G","D1-X state: private SDK adapter, explicit legacy reference entrypoint, compatibility wrapper or tooling; see main report exceptions","SDK/adapter symbol","const granny_mesh_binding* binding, std::shared_ptr<const Renderer::SkeletonLayout> destination,"
"src/EterGrnLib/SkinningDataAdapter.h","15","ExtractRemap","granny_world_pose","Phase-B skeleton/vertex/remap/palette extraction and GPU handoff","D;F","D1-X state: private SDK adapter, explicit legacy reference entrypoint, compatibility wrapper or tooling; see main report exceptions","SDK/adapter symbol","std::shared_ptr<const Renderer::SkeletonLayout> skeleton, const granny_world_pose* pose);"
"src/EterGrnLib/StdAfx.h","6","file scope","Granny","Precompiled/header transitive dependency root","H","D1-X state: private SDK adapter, explicit legacy reference entrypoint, compatibility wrapper or tooling; see main report exceptions","include","#include ""AssetRuntime/Granny/NativeTypes.h"""
"src/EterGrnLib/Thing.cpp","5","file scope","Granny;GrannyAssetProvider","Resource-backed GR2 loading, section lifetime and model/motion construction","A","D1-X state: private SDK adapter, explicit legacy reference entrypoint, compatibility wrapper or tooling; see main report exceptions","include","#include ""AssetRuntime/Granny/GrannyAssetProvider.h"""
"src/EterGrnLib/Thing.cpp","71","CGraphicThing::GetModelPointer","CGrannyModel","Resource-backed GR2 loading, section lifetime and model/motion construction","A;B","D1-X state: private SDK adapter, explicit legacy reference entrypoint, compatibility wrapper or tooling; see main report exceptions","legacy wrapper","CGrannyModel* CGraphicThing::GetModelPointer(int index)"
"src/EterGrnLib/Thing.cpp","76","CGraphicThing::GetMotionPointer","CGrannyMotion","Resource-backed GR2 loading, section lifetime and model/motion construction","A;B;E","D1-X state: private SDK adapter, explicit legacy reference entrypoint, compatibility wrapper or tooling; see main report exceptions","legacy wrapper","CGrannyMotion* CGraphicThing::GetMotionPointer(int index)"
"src/EterGrnLib/Thing.cpp","129","CGraphicThing::LoadModels","CGrannyModel","Resource-backed GR2 loading, section lifetime and model/motion construction","A","D1-X state: private SDK adapter, explicit legacy reference entrypoint, compatibility wrapper or tooling; see main report exceptions","legacy wrapper","m_models = new CGrannyModel[count];"
"src/EterGrnLib/Thing.cpp","144","CGraphicThing::LoadMotions","CGrannyMotion","Resource-backed GR2 loading, section lifetime and model/motion construction","E","D1-X state: private SDK adapter, explicit legacy reference entrypoint, compatibility wrapper or tooling; see main report exceptions","legacy wrapper","m_motions = new CGrannyMotion[count];"
"src/EterGrnLib/Thing.h","23","CGraphicThing::CheckModelIndex","CGrannyModel","Resource-backed GR2 loading, section lifetime and model/motion construction","A","D1-X state: private SDK adapter, explicit legacy reference entrypoint, compatibility wrapper or tooling; see main report exceptions","legacy wrapper","CGrannyModel *			GetModelPointer(int iModel);"
"src/EterGrnLib/Thing.h","27","CGraphicThing::CheckMotionIndex","CGrannyMotion","Resource-backed GR2 loading, section lifetime and model/motion construction","E","D1-X state: private SDK adapter, explicit legacy reference entrypoint, compatibility wrapper or tooling; see main report exceptions","legacy wrapper","CGrannyMotion *			GetMotionPointer(int iMotion);"
"src/EterGrnLib/Thing.h","50","CGraphicThing::OnIsType","CGrannyModel","Resource-backed GR2 loading, section lifetime and model/motion construction","A","D1-X state: private SDK adapter, explicit legacy reference entrypoint, compatibility wrapper or tooling; see main report exceptions","legacy wrapper","CGrannyModel *			m_models;"
"src/EterGrnLib/Thing.h","51","CGraphicThing::OnIsType","CGrannyMotion","Resource-backed GR2 loading, section lifetime and model/motion construction","E","D1-X state: private SDK adapter, explicit legacy reference entrypoint, compatibility wrapper or tooling; see main report exceptions","legacy wrapper","CGrannyMotion *			m_motions;"
"src/EterGrnLib/ThingInstance.cpp","56","std::for_each","CGrannyLODController","Graphic actor/world instance dispatch, attachment and LOD resource access","E","D1-X state: private SDK adapter, explicit legacy reference entrypoint, compatibility wrapper or tooling; see main report exceptions","legacy wrapper","std::for_each(m_LODControllerVector.begin(), m_LODControllerVector.end(), std::mem_fn(&CGrannyLODController::SetMotionAtEnd));"
"src/EterGrnLib/ThingInstance.cpp","186","CGraphicThingInstance::CreateDeviceObjects","CGrannyLODController","Graphic actor/world instance dispatch, attachment and LOD resource access","E","D1-X state: private SDK adapter, explicit legacy reference entrypoint, compatibility wrapper or tooling; see main report exceptions","legacy wrapper","CGrannyLODController::FCreateDeviceObjects createDeviceObjects;"
"src/EterGrnLib/ThingInstance.cpp","193","CGraphicThingInstance::DestroyDeviceObjects","CGrannyLODController","Graphic actor/world instance dispatch, attachment and LOD resource access","E","D1-X state: private SDK adapter, explicit legacy reference entrypoint, compatibility wrapper or tooling; see main report exceptions","legacy wrapper","CGrannyLODController::FDestroyDeviceObjects destroyDeviceObjects;"
"src/EterGrnLib/ThingInstance.cpp","253","CGraphicThingInstance::ReserveModelInstance","CGrannyLODController","Graphic actor/world instance dispatch, attachment and LOD resource access","E","D1-X state: private SDK adapter, explicit legacy reference entrypoint, compatibility wrapper or tooling; see main report exceptions","legacy wrapper","CGrannyLODController * pInstance = new CGrannyLODController;"
"src/EterGrnLib/ThingInstance.cpp","267","CGraphicThingInstance::FindBoneIndex","CGrannyModelInstance","Graphic actor/world instance dispatch, attachment and LOD resource access","E","D1-X state: private SDK adapter, explicit legacy reference entrypoint, compatibility wrapper or tooling; see main report exceptions","legacy wrapper","CGrannyModelInstance * pModelInstance = m_LODControllerVector[iModelInstance]->GetModelInstance();"
"src/EterGrnLib/ThingInstance.cpp","288","CGraphicThingInstance::AttachModelInstance","CGrannyLODController","Graphic actor/world instance dispatch, attachment and LOD resource access","E","D1-X state: private SDK adapter, explicit legacy reference entrypoint, compatibility wrapper or tooling; see main report exceptions","legacy wrapper","CGrannyLODController * pSrcLODController = m_LODControllerVector[iSrcModelInstance];"
"src/EterGrnLib/ThingInstance.cpp","289","CGraphicThingInstance::AttachModelInstance","CGrannyLODController","Graphic actor/world instance dispatch, attachment and LOD resource access","E","D1-X state: private SDK adapter, explicit legacy reference entrypoint, compatibility wrapper or tooling; see main report exceptions","legacy wrapper","CGrannyLODController * pDstLODController = m_LODControllerVector[iDstModelInstance];"
"src/EterGrnLib/ThingInstance.cpp","306","CGraphicThingInstance::AttachModelInstance","CGrannyLODController","Graphic actor/world instance dispatch, attachment and LOD resource access","E","D1-X state: private SDK adapter, explicit legacy reference entrypoint, compatibility wrapper or tooling; see main report exceptions","legacy wrapper","CGrannyLODController * pDstLODController = m_LODControllerVector[iDstModelInstance];"
"src/EterGrnLib/ThingInstance.cpp","307","CGraphicThingInstance::AttachModelInstance","CGrannyLODController","Graphic actor/world instance dispatch, attachment and LOD resource access","E","D1-X state: private SDK adapter, explicit legacy reference entrypoint, compatibility wrapper or tooling; see main report exceptions","legacy wrapper","CGrannyLODController * pSrcLODController = rSrcInstance.m_LODControllerVector[iSrcModelInstance];"
"src/EterGrnLib/ThingInstance.cpp","324","CGraphicThingInstance::DetachModelInstance","CGrannyLODController","Graphic actor/world instance dispatch, attachment and LOD resource access","E","D1-X state: private SDK adapter, explicit legacy reference entrypoint, compatibility wrapper or tooling; see main report exceptions","legacy wrapper","CGrannyLODController * pDstLODController = m_LODControllerVector[iDstModelInstance];"
"src/EterGrnLib/ThingInstance.cpp","325","CGraphicThingInstance::DetachModelInstance","CGrannyLODController","Graphic actor/world instance dispatch, attachment and LOD resource access","E","D1-X state: private SDK adapter, explicit legacy reference entrypoint, compatibility wrapper or tooling; see main report exceptions","legacy wrapper","CGrannyLODController * pSrcLODController = rSrcInstance.m_LODControllerVector[iSrcModelInstance];"
"src/EterGrnLib/ThingInstance.cpp","334","CGraphicThingInstance::GetBonePosition","CGrannyModelInstance","Graphic actor/world instance dispatch, attachment and LOD resource access","B;E","D1-X state: private SDK adapter, explicit legacy reference entrypoint, compatibility wrapper or tooling; see main report exceptions","legacy wrapper","CGrannyModelInstance * pModelInstance = m_LODControllerVector[iModelIndex]->GetModelInstance();"
"src/EterGrnLib/ThingInstance.cpp","363","CGraphicThingInstance::SetModelInstance","CGrannyLODController","Graphic actor/world instance dispatch, attachment and LOD resource access","E","D1-X state: private SDK adapter, explicit legacy reference entrypoint, compatibility wrapper or tooling; see main report exceptions","legacy wrapper","CGrannyLODController * pController = m_LODControllerVector[iDstModelInstance];"
"src/EterGrnLib/ThingInstance.cpp","368","CGraphicThingInstance::SetModelInstance","CGrannyLODController","Graphic actor/world instance dispatch, attachment and LOD resource access","E","D1-X state: private SDK adapter, explicit legacy reference entrypoint, compatibility wrapper or tooling; see main report exceptions","legacy wrapper","CGrannyLODController * pSkelController = NULL;"
"src/EterGrnLib/ThingInstance.cpp","476","CGraphicThingInstance::SetMotion","CGrannyLODController","Graphic actor/world instance dispatch, attachment and LOD resource access","E","D1-X state: private SDK adapter, explicit legacy reference entrypoint, compatibility wrapper or tooling; see main report exceptions","legacy wrapper","CGrannyLODController::FSetMotionPointer SetMotionPointer;"
"src/EterGrnLib/ThingInstance.cpp","501","CGraphicThingInstance::ChangeMotion","CGrannyLODController","Graphic actor/world instance dispatch, attachment and LOD resource access","E","D1-X state: private SDK adapter, explicit legacy reference entrypoint, compatibility wrapper or tooling; see main report exceptions","legacy wrapper","CGrannyLODController::FChangeMotionPointer ChangeMotionPointer;"
"src/EterGrnLib/ThingInstance.cpp","512","std::for_each","CGrannyLODController","Graphic actor/world instance dispatch, attachment and LOD resource access","E","D1-X state: private SDK adapter, explicit legacy reference entrypoint, compatibility wrapper or tooling; see main report exceptions","legacy wrapper","std::for_each(m_LODControllerVector.begin(), m_LODControllerVector.end(), CGrannyLODController::FEndStopMotionPointer());"
"src/EterGrnLib/ThingInstance.cpp","546","CGraphicThingInstance::ResetLocalTime","GrannyGetSystemSeconds","Graphic actor/world instance dispatch, attachment and LOD resource access","H","D1-X state: private SDK adapter, explicit legacy reference entrypoint, compatibility wrapper or tooling; see main report exceptions","comment","//m_clockLast = GrannyGetSystemSeconds();"
"src/EterGrnLib/ThingInstance.cpp","550","CGraphicThingInstance::ResetLocalTime","CGrannyLODController","Graphic actor/world instance dispatch, attachment and LOD resource access","E","D1-X state: private SDK adapter, explicit legacy reference entrypoint, compatibility wrapper or tooling; see main report exceptions","legacy wrapper","CGrannyLODController::FResetLocalTime resetLocalTime;"
"src/EterGrnLib/ThingInstance.cpp","605","std::for_each","CGrannyLODController","Graphic actor/world instance dispatch, attachment and LOD resource access","E","D1-X state: private SDK adapter, explicit legacy reference entrypoint, compatibility wrapper or tooling; see main report exceptions","legacy wrapper","std::for_each(m_LODControllerVector.begin(), m_LODControllerVector.end(), CGrannyLODController::FBoundBox(vtMin, vtMax));"
"src/EterGrnLib/ThingInstance.cpp","616","CGraphicThingInstance::GetBoundBox","CGrannyLODController","Graphic actor/world instance dispatch, attachment and LOD resource access","B;E","D1-X state: private SDK adapter, explicit legacy reference entrypoint, compatibility wrapper or tooling; see main report exceptions","legacy wrapper","CGrannyLODController * pController = m_LODControllerVector[dwModelInstanceIndex];"
"src/EterGrnLib/ThingInstance.cpp","620","CGraphicThingInstance::GetBoundBox","CGrannyModelInstance","Graphic actor/world instance dispatch, attachment and LOD resource access","E","D1-X state: private SDK adapter, explicit legacy reference entrypoint, compatibility wrapper or tooling; see main report exceptions","legacy wrapper","CGrannyModelInstance * pModelInstance = pController->GetModelInstance();"
"src/EterGrnLib/ThingInstance.cpp","630","CGraphicThingInstance::GetBoneMatrix","CGrannyModelInstance","Graphic actor/world instance dispatch, attachment and LOD resource access","B;E","D1-X state: private SDK adapter, explicit legacy reference entrypoint, compatibility wrapper or tooling; see main report exceptions","legacy wrapper","CGrannyModelInstance * pModelInstance = m_LODControllerVector[dwModelInstanceIndex]->GetModelInstance();"
"src/EterGrnLib/ThingInstance.cpp","649","CGraphicThingInstance::GetCompositeBoneMatrix","CGrannyModelInstance","Graphic actor/world instance dispatch, attachment and LOD resource access","B;E","D1-X state: private SDK adapter, explicit legacy reference entrypoint, compatibility wrapper or tooling; see main report exceptions","legacy wrapper","CGrannyModelInstance * pModelInstance = m_LODControllerVector[dwModelInstanceIndex]->GetModelInstance();"
"src/EterGrnLib/ThingInstance.cpp","671","CGraphicThingInstance::UpdateTransform","CGrannyLODController","Graphic actor/world instance dispatch, attachment and LOD resource access","B;E","D1-X state: private SDK adapter, explicit legacy reference entrypoint, compatibility wrapper or tooling; see main report exceptions","legacy wrapper","CGrannyLODController* pkLODCtrl=m_LODControllerVector[iModelInstanceIndex];"
"src/EterGrnLib/ThingInstance.cpp","679","CGraphicThingInstance::UpdateTransform","CGrannyModelInstance","Graphic actor/world instance dispatch, attachment and LOD resource access","H","D1-X state: private SDK adapter, explicit legacy reference entrypoint, compatibility wrapper or tooling; see main report exceptions","legacy wrapper","CGrannyModelInstance * pModelInstance = pkLODCtrl->GetModelInstance();"
"src/EterGrnLib/ThingInstance.cpp","694","CGraphicThingInstance::DeformAll","CGrannyLODController","Graphic actor/world instance dispatch, attachment and LOD resource access","E;G","D1-X state: private SDK adapter, explicit legacy reference entrypoint, compatibility wrapper or tooling; see main report exceptions","legacy wrapper","CGrannyLODController::FDeformAll deform;"
"src/EterGrnLib/ThingInstance.cpp","703","CGraphicThingInstance::DeformNoSkin","CGrannyLODController","Graphic actor/world instance dispatch, attachment and LOD resource access","E","D1-X state: private SDK adapter, explicit legacy reference entrypoint, compatibility wrapper or tooling; see main report exceptions","legacy wrapper","std::vector<CGrannyLODController*>::iterator i;"
"src/EterGrnLib/ThingInstance.cpp","706","CGraphicThingInstance::DeformNoSkin","CGrannyLODController","Graphic actor/world instance dispatch, attachment and LOD resource access","E","D1-X state: private SDK adapter, explicit legacy reference entrypoint, compatibility wrapper or tooling; see main report exceptions","legacy wrapper","CGrannyLODController* pkLOD=*i;"
"src/EterGrnLib/ThingInstance.cpp","716","CGraphicThingInstance::OnDeform","CGrannyLODController","Graphic actor/world instance dispatch, attachment and LOD resource access","E;G","D1-X state: private SDK adapter, explicit legacy reference entrypoint, compatibility wrapper or tooling; see main report exceptions","legacy wrapper","CGrannyLODController::FDeform deform;"
"src/EterGrnLib/ThingInstance.cpp","726","CGraphicThingInstance::__SetLocalTime","CGrannyLODController","Graphic actor/world instance dispatch, attachment and LOD resource access","E","D1-X state: private SDK adapter, explicit legacy reference entrypoint, compatibility wrapper or tooling; see main report exceptions","legacy wrapper","CGrannyLODController::FSetLocalTime SetLocalTime;"
"src/EterGrnLib/ThingInstance.cpp","745","CGraphicThingInstance::UpdateLODLevel","CGrannyLODController","Graphic actor/world instance dispatch, attachment and LOD resource access","E","D1-X state: private SDK adapter, explicit legacy reference entrypoint, compatibility wrapper or tooling; see main report exceptions","legacy wrapper","CGrannyLODController::FUpdateLODLevel update;"
"src/EterGrnLib/ThingInstance.cpp","757","CGraphicThingInstance::UpdateTime","granny_system_clock;GrannyGetSystemSeconds","Graphic actor/world instance dispatch, attachment and LOD resource access","H","D1-X state: private SDK adapter, explicit legacy reference entrypoint, compatibility wrapper or tooling; see main report exceptions","comment","//granny_system_clock clockNow = GrannyGetSystemSeconds();"
"src/EterGrnLib/ThingInstance.cpp","758","CGraphicThingInstance::UpdateTime","GrannyGetSecondsElapsed","Graphic actor/world instance dispatch, attachment and LOD resource access","H","D1-X state: private SDK adapter, explicit legacy reference entrypoint, compatibility wrapper or tooling; see main report exceptions","comment","//m_fSecondElapsed = GrannyGetSecondsElapsed(&m_clockLast, &clockNow) * m_fMotionTimeSpeed;"
"src/EterGrnLib/ThingInstance.cpp","780","CGraphicThingInstance::UpdateTime","CGrannyLODController","Graphic actor/world instance dispatch, attachment and LOD resource access","E","D1-X state: private SDK adapter, explicit legacy reference entrypoint, compatibility wrapper or tooling; see main report exceptions","legacy wrapper","CGrannyLODController::FUpdateTime update;"
"src/EterGrnLib/ThingInstance.cpp","833","CGraphicThingInstance::RenderWithOneTexture","CGrannyLODController","Graphic actor/world instance dispatch, attachment and LOD resource access","C;E","D1-X state: private SDK adapter, explicit legacy reference entrypoint, compatibility wrapper or tooling; see main report exceptions","legacy wrapper","CGrannyLODController::FRenderWithOneTexture render;"
"src/EterGrnLib/ThingInstance.cpp","843","CGraphicThingInstance::BlendRenderWithOneTexture","CGrannyLODController","Graphic actor/world instance dispatch, attachment and LOD resource access","C;E","D1-X state: private SDK adapter, explicit legacy reference entrypoint, compatibility wrapper or tooling; see main report exceptions","legacy wrapper","CGrannyLODController::FBlendRenderWithOneTexture blendRender;"
"src/EterGrnLib/ThingInstance.cpp","853","CGraphicThingInstance::RenderWithTwoTexture","CGrannyLODController","Graphic actor/world instance dispatch, attachment and LOD resource access","C;E","D1-X state: private SDK adapter, explicit legacy reference entrypoint, compatibility wrapper or tooling; see main report exceptions","legacy wrapper","CGrannyLODController::FRenderWithTwoTexture render;"
"src/EterGrnLib/ThingInstance.cpp","863","CGraphicThingInstance::BlendRenderWithTwoTexture","CGrannyLODController","Graphic actor/world instance dispatch, attachment and LOD resource access","C;E","D1-X state: private SDK adapter, explicit legacy reference entrypoint, compatibility wrapper or tooling; see main report exceptions","legacy wrapper","CGrannyLODController::FRenderWithTwoTexture blendRender;"
"src/EterGrnLib/ThingInstance.cpp","872","CGraphicThingInstance::OnRenderToShadowMap","CGrannyLODController","Graphic actor/world instance dispatch, attachment and LOD resource access","E","D1-X state: private SDK adapter, explicit legacy reference entrypoint, compatibility wrapper or tooling; see main report exceptions","legacy wrapper","CGrannyLODController::FRenderToShadowMap RenderToShadowMap;"
"src/EterGrnLib/ThingInstance.cpp","878","CGraphicThingInstance::OnRenderShadow","CGrannyLODController","Graphic actor/world instance dispatch, attachment and LOD resource access","E","D1-X state: private SDK adapter, explicit legacy reference entrypoint, compatibility wrapper or tooling; see main report exceptions","legacy wrapper","CGrannyLODController::FRenderShadow RenderShadow;"
"src/EterGrnLib/ThingInstance.cpp","884","CGraphicThingInstance::OnRenderPCBlocker","CGrannyLODController","Graphic actor/world instance dispatch, attachment and LOD resource access","C;E","D1-X state: private SDK adapter, explicit legacy reference entrypoint, compatibility wrapper or tooling; see main report exceptions","legacy wrapper","CGrannyLODController::FRenderWithOneTexture RenderPCBlocker;"
"src/EterGrnLib/ThingInstance.cpp","893","CGraphicThingInstance::GetLODControllerPointer","CGrannyLODController","Graphic actor/world instance dispatch, attachment and LOD resource access","A;B;E","D1-X state: private SDK adapter, explicit legacy reference entrypoint, compatibility wrapper or tooling; see main report exceptions","legacy wrapper","CGrannyLODController * CGraphicThingInstance::GetLODControllerPointer(DWORD dwModelIndex) const"
"src/EterGrnLib/ThingInstance.cpp","899","CGraphicThingInstance::GetLODControllerPointer","CGrannyLODController","Graphic actor/world instance dispatch, attachment and LOD resource access","A;B;E","D1-X state: private SDK adapter, explicit legacy reference entrypoint, compatibility wrapper or tooling; see main report exceptions","legacy wrapper","CGrannyLODController * CGraphicThingInstance::GetLODControllerPointer(DWORD dwModelIndex)"
"src/EterGrnLib/ThingInstance.cpp","916","CGraphicThingInstance::GetHeight","CGrannyModelInstance","Graphic actor/world instance dispatch, attachment and LOD resource access","E","D1-X state: private SDK adapter, explicit legacy reference entrypoint, compatibility wrapper or tooling; see main report exceptions","legacy wrapper","CGrannyModelInstance * pModelInstance = m_LODControllerVector[0]->GetModelInstance();"
"src/EterGrnLib/ThingInstance.cpp","928","CGraphicThingInstance::ReloadTexture","CGrannyLODController","Graphic actor/world instance dispatch, attachment and LOD resource access","C;E","D1-X state: private SDK adapter, explicit legacy reference entrypoint, compatibility wrapper or tooling; see main report exceptions","legacy wrapper","CGrannyLODController::FReloadTexture ReloadTexture;"
"src/EterGrnLib/ThingInstance.h","93","CGraphicThingInstance::GetLODControllerCount","CGrannyLODController","Graphic actor/world instance dispatch, attachment and LOD resource access","B;E","D1-X state: private SDK adapter, explicit legacy reference entrypoint, compatibility wrapper or tooling; see main report exceptions","legacy wrapper","CGrannyLODController * GetLODControllerPointer(DWORD dwModelIndex) const;"
"src/EterGrnLib/ThingInstance.h","94","CGraphicThingInstance::GetLODControllerCount","CGrannyLODController","Graphic actor/world instance dispatch, attachment and LOD resource access","B;E","D1-X state: private SDK adapter, explicit legacy reference entrypoint, compatibility wrapper or tooling; see main report exceptions","legacy wrapper","CGrannyLODController * GetLODControllerPointer(DWORD dwModelIndex);"
"src/EterGrnLib/ThingInstance.h","139","CGraphicThingInstance::OnRenderPCBlocker","CGrannyLODController","Graphic actor/world instance dispatch, attachment and LOD resource access","E","D1-X state: private SDK adapter, explicit legacy reference entrypoint, compatibility wrapper or tooling; see main report exceptions","legacy wrapper","std::vector<CGrannyLODController *>		m_LODControllerVector;"
"src/EterGrnLib/Util.cpp","2","file scope","Granny","Legacy rigid/deformable mesh helper","H","D1-X state: private SDK adapter, explicit legacy reference entrypoint, compatibility wrapper or tooling; see main report exceptions","include","#include ""AssetRuntime/Granny/Native.h"""
"src/EterGrnLib/Util.cpp","7","GrannyMeshIsDeform","granny_mesh;GrannyMeshIsDeform","Legacy rigid/deformable mesh helper","B;G","D1-X state: private SDK adapter, explicit legacy reference entrypoint, compatibility wrapper or tooling; see main report exceptions","SDK/adapter symbol","bool GrannyMeshIsDeform(granny_mesh* pgrnMesh)"
"src/EterGrnLib/Util.cpp","9","GrannyMeshIsDeform","GrannyMeshIsRigid","Legacy rigid/deformable mesh helper","B","D1-X state: private SDK adapter, explicit legacy reference entrypoint, compatibility wrapper or tooling; see main report exceptions","SDK/adapter symbol","if (GrannyMeshIsRigid(pgrnMesh))"
"src/EterGrnLib/Util.h","2","file scope","Granny","Legacy rigid/deformable mesh helper","H","D1-X state: private SDK adapter, explicit legacy reference entrypoint, compatibility wrapper or tooling; see main report exceptions","include","#include ""AssetRuntime/Granny/NativeTypes.h"""
"src/EterGrnLib/Util.h","4","file scope","granny_mesh;GrannyMeshGetTextureAnimation","Legacy rigid/deformable mesh helper","B;C;E","D1-X state: private SDK adapter, explicit legacy reference entrypoint, compatibility wrapper or tooling; see main report exceptions","comment","// bool GrannyMeshGetTextureAnimation(granny_mesh* pgrnMesh, float* puVelocity, float* pvVelocity);"
"src/EterGrnLib/Util.h","5","file scope","granny_mesh;GrannyMeshIsTextureAnimation","Legacy rigid/deformable mesh helper","B;C;E","D1-X state: private SDK adapter, explicit legacy reference entrypoint, compatibility wrapper or tooling; see main report exceptions","comment","// bool GrannyMeshIsTextureAnimation(granny_mesh* pgrnMesh);"
"src/EterGrnLib/Util.h","6","GrannyMeshIsDeform","granny_mesh;GrannyMeshIsDeform","Legacy rigid/deformable mesh helper","B;G","D1-X state: private SDK adapter, explicit legacy reference entrypoint, compatibility wrapper or tooling; see main report exceptions","SDK/adapter symbol","bool GrannyMeshIsDeform(granny_mesh* pgrnMesh);"
"src/EterPythonLib/PythonGraphic.h","8","file scope","EterGrnLib","Legacy model resource/instance API consumption or dependency declaration","H","D1-X state: private SDK adapter, explicit legacy reference entrypoint, compatibility wrapper or tooling; see main report exceptions","include","#include ""EterGrnLib/ThingInstance.h"""
"src/GameLib/ActorInstance.h","15","file scope","EterGrnLib","Legacy model resource/instance API consumption or dependency declaration","H","D1-X state: private SDK adapter, explicit legacy reference entrypoint, compatibility wrapper or tooling; see main report exceptions","comment","//#include ""EterGrnLib/ThingInstance.h"""
"src/GameLib/ActorInstanceCollisionDetection.cpp","54","CActorInstance::UpdatePointInstance","CGrannyLODController","Actor collision attachment matrices and model instance access","B;E;H","D1-X state: private SDK adapter, explicit legacy reference entrypoint, compatibility wrapper or tooling; see main report exceptions","legacy wrapper","CGrannyLODController* pGrnLODController=m_LODControllerVector[pPointInstance->dwModelIndex];"
"src/GameLib/ActorInstanceCollisionDetection.cpp","61","CActorInstance::UpdatePointInstance","CGrannyModelInstance","Actor collision attachment matrices and model instance access","E;H","D1-X state: private SDK adapter, explicit legacy reference entrypoint, compatibility wrapper or tooling; see main report exceptions","legacy wrapper","CGrannyModelInstance * pModelInstance = pGrnLODController->GetModelInstance();"
"src/GameLib/ActorInstanceCollisionDetection.cpp","130","CActorInstance::UpdateAdvancingPointInstance","CGrannyLODController","Actor collision attachment matrices and model instance access","B;E;H","D1-X state: private SDK adapter, explicit legacy reference entrypoint, compatibility wrapper or tooling; see main report exceptions","legacy wrapper","CGrannyLODController* pGrnLODController=m_LODControllerVector[rInstance.dwModelIndex];"
"src/GameLib/ActorInstanceCollisionDetection.cpp","137","CActorInstance::UpdateAdvancingPointInstance","CGrannyModelInstance","Actor collision attachment matrices and model instance access","E;H","D1-X state: private SDK adapter, explicit legacy reference entrypoint, compatibility wrapper or tooling; see main report exceptions","legacy wrapper","CGrannyModelInstance * pModelInstance = pGrnLODController->GetModelInstance();"
"src/GameLib/ActorInstanceCollisionDetection.cpp","238","CActorInstance::CreateCollisionInstancePiece","CGrannyModelInstance","Actor collision attachment matrices and model instance access","B;E;H","D1-X state: private SDK adapter, explicit legacy reference entrypoint, compatibility wrapper or tooling; see main report exceptions","legacy wrapper","CGrannyModelInstance * pModelInstance = m_LODControllerVector[dwAttachingModelIndex]->GetModelInstance();"
"src/GameLib/ActorInstanceData.cpp","8","file scope","EterGrnLib","Legacy util header dependency in actor data construction","H","D1-X state: private SDK adapter, explicit legacy reference entrypoint, compatibility wrapper or tooling; see main report exceptions","include","#include ""EterGrnLib/util.h"""
"src/GameLib/ActorInstanceInterface.h","3","file scope","EterGrnLib","Legacy model resource/instance API consumption or dependency declaration","H","D1-X state: private SDK adapter, explicit legacy reference entrypoint, compatibility wrapper or tooling; see main report exceptions","include","#include ""EterGrnLib/ThingInstance.h"""
"src/GameLib/ActorInstanceMotion.cpp","585","CActorInstance::GetMotionDuration","CGrannyMotion","Actor clip duration lookup","E","D1-X state: private SDK adapter, explicit legacy reference entrypoint, compatibility wrapper or tooling; see main report exceptions","legacy wrapper","CGrannyMotion * pGrannyMotion = pMotion->GetMotionPointer(0);"
"src/GameLib/ActorRenderBridge.cpp","54","ActorStateDiagnostic::Report","CGrannyModelInstance","Existing render dispatch and cached actor buffers/materials","H","D1-X state: private SDK adapter, explicit legacy reference entrypoint, compatibility wrapper or tooling; see main report exceptions","legacy wrapper","void Report(CActorInstance& actor, CGrannyModelInstance& instance, const std::string& status)"
"src/GameLib/Area.h","4","file scope","EterGrnLib","Legacy model resource/instance API consumption or dependency declaration","I","D1-X state: private SDK adapter, explicit legacy reference entrypoint, compatibility wrapper or tooling; see main report exceptions","include","#include ""EterGrnLib/ThingInstance.h"""
"src/GameLib/Area.h","38","CArea","Granny","Legacy model resource/instance API consumption or dependency declaration","I","D1-X state: private SDK adapter, explicit legacy reference entrypoint, compatibility wrapper or tooling; see main report exceptions","comment","// For Granny Thing"
"src/GameLib/DungeonBlock.cpp","9","CDungeonModelInstance","CGrannyModelInstance","Static dungeon model rendering through legacy instance subclasses","I","D1-X state: private SDK adapter, explicit legacy reference entrypoint, compatibility wrapper or tooling; see main report exceptions","legacy wrapper","class CDungeonModelInstance : public CGrannyModelInstance"
"src/GameLib/DungeonBlock.cpp","64","CDungeonModelInstance::RenderDungeonBlock","CGrannyMaterial;CGrannyMesh","Static dungeon model rendering through legacy instance subclasses","B;C;I","D1-X state: private SDK adapter, explicit legacy reference entrypoint, compatibility wrapper or tooling; see main report exceptions","legacy wrapper","RenderMeshNodeListWithTwoTexture(CGrannyMesh::TYPE_RIGID, CGrannyMaterial::TYPE_BLEND_PNT);"
"src/GameLib/DungeonBlock.cpp","83","CDungeonModelInstance::RenderDungeonBlockShadow","CGrannyMaterial;CGrannyMesh","Static dungeon model rendering through legacy instance subclasses","B;C;I","D1-X state: private SDK adapter, explicit legacy reference entrypoint, compatibility wrapper or tooling; see main report exceptions","legacy wrapper","RenderMeshNodeListWithoutTexture(CGrannyMesh::TYPE_RIGID, CGrannyMaterial::TYPE_BLEND_PNT);"
"src/GameLib/DungeonBlock.cpp","100","FUpdate::operator","CGrannyModelInstance","Static dungeon model rendering through legacy instance subclasses","I","D1-X state: private SDK adapter, explicit legacy reference entrypoint, compatibility wrapper or tooling; see main report exceptions","legacy wrapper","void operator() (CGrannyModelInstance * pInstance)"
"src/GameLib/DungeonBlock.cpp","102","FUpdate::operator","CGrannyModelInstance","Static dungeon model rendering through legacy instance subclasses","I","D1-X state: private SDK adapter, explicit legacy reference entrypoint, compatibility wrapper or tooling; see main report exceptions","legacy wrapper","pInstance->Update(CGrannyModelInstance::ANIFPS_MIN);"
"src/GameLib/DungeonBlock.cpp","157","FBoundBox::operator","CGrannyModelInstance","Static dungeon model rendering through legacy instance subclasses","I","D1-X state: private SDK adapter, explicit legacy reference entrypoint, compatibility wrapper or tooling; see main report exceptions","legacy wrapper","void operator() (CGrannyModelInstance * pInstance)"
"src/GameLib/DungeonBlock.h","5","file scope","EterGrnLib","Static dungeon model rendering through legacy instance subclasses","I","D1-X state: private SDK adapter, explicit legacy reference entrypoint, compatibility wrapper or tooling; see main report exceptions","include","#include ""EterGrnLib/ModelInstance.h"""
"src/GameLib/DungeonBlock.h","6","file scope","EterGrnLib","Static dungeon model rendering through legacy instance subclasses","A;I","D1-X state: private SDK adapter, explicit legacy reference entrypoint, compatibility wrapper or tooling; see main report exceptions","include","#include ""EterGrnLib/Thing.h"""
"src/GameLib/ItemData.h","7","file scope","EterGrnLib","Legacy model resource/instance API consumption or dependency declaration","A","D1-X state: private SDK adapter, explicit legacy reference entrypoint, compatibility wrapper or tooling; see main report exceptions","include","#include ""EterGrnLib/Thing.h"""
"src/GameLib/RaceData.h","3","file scope","EterGrnLib","Legacy model resource/instance API consumption or dependency declaration","A","D1-X state: private SDK adapter, explicit legacy reference entrypoint, compatibility wrapper or tooling; see main report exceptions","include","#include ""EterGrnLib/Thing.h"""
"src/GameLib/StaticObjectBridge.cpp","4","file scope","EterGrnLib","Static world buffers/materials, camera blockers and cached mesh/model handles","I","D1-X state: private SDK adapter, explicit legacy reference entrypoint, compatibility wrapper or tooling; see main report exceptions","include","#include ""EterGrnLib/ThingInstance.h"""
"src/GameLib/StaticObjectBridge.cpp","23","ObjectResources","CGrannyModel","Static world buffers/materials, camera blockers and cached mesh/model handles","I","D1-X state: private SDK adapter, explicit legacy reference entrypoint, compatibility wrapper or tooling; see main report exceptions","legacy wrapper","std::unordered_map<CGrannyModel*,ModelResources> models;"
"src/GameLib/StaticObjectBridge.cpp","294","StateReader::SubmitStaticMapObject","Granny","Static world buffers/materials, camera blockers and cached mesh/model handles","I","D1-X state: private SDK adapter, explicit legacy reference entrypoint, compatibility wrapper or tooling; see main report exceptions","comment","// Validate only referenced groups: unused Granny palette entries are not draws."
"src/GameLib/StaticObjectBridge.cpp","302","StateReader::SubmitStaticMapObject","CGrannyMaterial;CGrannyMesh","Static world buffers/materials, camera blockers and cached mesh/model handles","B;C;I","D1-X state: private SDK adapter, explicit legacy reference entrypoint, compatibility wrapper or tooling; see main report exceptions","legacy wrapper","for(auto* node=model->GetMeshNodeList(CGrannyMesh::TYPE_RIGID,CGrannyMaterial::TYPE_DIFFUSE_PNT);node;node=node->pNextMeshNode)"
"src/GameLib/StaticObjectBridge.cpp","303","StateReader::SubmitStaticMapObject","CGrannyMaterial","Static world buffers/materials, camera blockers and cached mesh/model handles","C;I","D1-X state: private SDK adapter, explicit legacy reference entrypoint, compatibility wrapper or tooling; see main report exceptions","legacy wrapper","for(auto* group=node->pMesh->GetTriGroupNodeList(CGrannyMaterial::TYPE_DIFFUSE_PNT);group;group=group->pNextTriGroupNode) {"
"src/GameLib/StaticObjectBridge.cpp","341","StateReader::SubmitStaticMapObject","CGrannyMaterial;CGrannyMesh","Static world buffers/materials, camera blockers and cached mesh/model handles","B;C;I","D1-X state: private SDK adapter, explicit legacy reference entrypoint, compatibility wrapper or tooling; see main report exceptions","legacy wrapper","for(auto* node=model->GetMeshNodeList(CGrannyMesh::TYPE_RIGID,CGrannyMaterial::TYPE_DIFFUSE_PNT);node;node=node->pNextMeshNode) {"
"src/GameLib/StaticObjectBridge.cpp","354","Math::MatrixTranspose","CGrannyMaterial","Static world buffers/materials, camera blockers and cached mesh/model handles","C;I","D1-X state: private SDK adapter, explicit legacy reference entrypoint, compatibility wrapper or tooling; see main report exceptions","legacy wrapper","for(auto* group=node->pMesh->GetTriGroupNodeList(CGrannyMaterial::TYPE_DIFFUSE_PNT);group;group=group->pNextTriGroupNode) {"
"src/GameLib/StaticObjectBridge.cpp","384","SpecialThingContext::SubmitSpecialThing","CGrannyModelInstance","Static world buffers/materials, camera blockers and cached mesh/model handles","I","D1-X state: private SDK adapter, explicit legacy reference entrypoint, compatibility wrapper or tooling; see main report exceptions","legacy wrapper","auto& c=*static_cast<SpecialThingContext*>(context); CGrannyModelInstance* instance=nullptr;"
"src/GameLib/WeaponTrace.h","4","file scope","EterGrnLib","Legacy model resource/instance API consumption or dependency declaration","H","D1-X state: private SDK adapter, explicit legacy reference entrypoint, compatibility wrapper or tooling; see main report exceptions","include","#include ""EterGrnLib/ThingInstance.h"""
"src/PRTerrainLib/StdAfx.h","19","file scope","EterGrnLib","Precompiled/header transitive dependency root","I","D1-X state: private SDK adapter, explicit legacy reference entrypoint, compatibility wrapper or tooling; see main report exceptions","include","#include ""EterGrnLib/StdAfx.h"""
"src/Renderer/ActorRenderData.h","2","file scope","Granny","Legacy model resource/instance API consumption or dependency declaration","D;E","D1-X state: private SDK adapter, explicit legacy reference entrypoint, compatibility wrapper or tooling; see main report exceptions","comment","// ZiiNAN: Completed CPU-skinned PNT data only; Granny owns all animation and bones."
"src/ScriptLib/Resource.cpp","8","file scope","EterGrnLib","Legacy model resource/instance API consumption or dependency declaration","A","D1-X state: private SDK adapter, explicit legacy reference entrypoint, compatibility wrapper or tooling; see main report exceptions","include","#include ""EterGrnLib/Thing.h"""
"src/ScriptLib/Resource.cpp","9","file scope","EterGrnLib","Legacy model resource/instance API consumption or dependency declaration","H","D1-X state: private SDK adapter, explicit legacy reference entrypoint, compatibility wrapper or tooling; see main report exceptions","include","#include ""EterGrnLib/ThingInstance.h"""
"src/ScriptLib/Resource.cpp","71","CGrannyModelInstance::DestroySystem","CGrannyModelInstance","Legacy model resource/instance API consumption or dependency declaration","H","D1-X state: private SDK adapter, explicit legacy reference entrypoint, compatibility wrapper or tooling; see main report exceptions","legacy wrapper","CGrannyModelInstance::DestroySystem();"
"src/ScriptLib/StdAfx.h","4","file scope","EterGrnLib","Precompiled/header transitive dependency root","H","D1-X state: private SDK adapter, explicit legacy reference entrypoint, compatibility wrapper or tooling; see main report exceptions","include","#include ""EterGrnLib/StdAfx.h"""
"src/UserInterface/CMakeLists.txt","29","file scope","EterGrnLib","Build linkage, source-target ownership or platform boundary configuration","J","D1-X state: private SDK adapter, explicit legacy reference entrypoint, compatibility wrapper or tooling; see main report exceptions","build/tool/documentation","EterGrnLib"
"src/UserInterface/InstanceBase.cpp","358","CInstanceBase::__LessRenderOrder_GetLODLevel","CGrannyLODController","Legacy model resource/instance API consumption or dependency declaration","E","D1-X state: private SDK adapter, explicit legacy reference entrypoint, compatibility wrapper or tooling; see main report exceptions","legacy wrapper","CGrannyLODController* pLODCtrl=m_GraphicThingInstance.GetLODControllerPointer(0);"
"src/UserInterface/PythonApplication.cpp","6","file scope","EterGrnLib","Application deform-buffer, LOD, sphere-map and model pool lifecycle","H","D1-X state: private SDK adapter, explicit legacy reference entrypoint, compatibility wrapper or tooling; see main report exceptions","include","#include ""EterGrnLib/Material.h"""
"src/UserInterface/PythonApplication.cpp","26","file scope","GrannyCreateSharedDeformBuffer","Application deform-buffer, LOD, sphere-map and model pool lifecycle","G","D1-X state: private SDK adapter, explicit legacy reference entrypoint, compatibility wrapper or tooling; see main report exceptions","SDK/adapter symbol","extern void GrannyCreateSharedDeformBuffer();"
"src/UserInterface/PythonApplication.cpp","27","file scope","GrannyDestroySharedDeformBuffer","Application deform-buffer, LOD, sphere-map and model pool lifecycle","G","D1-X state: private SDK adapter, explicit legacy reference entrypoint, compatibility wrapper or tooling; see main report exceptions","SDK/adapter symbol","extern void GrannyDestroySharedDeformBuffer();"
"src/UserInterface/PythonApplication.cpp","455","CTimer::Instance","CGrannyMaterial","Application deform-buffer, LOD, sphere-map and model pool lifecycle","C","D1-X state: private SDK adapter, explicit legacy reference entrypoint, compatibility wrapper or tooling; see main report exceptions","comment","//		CGrannyMaterial::TranslateSpecularMatrix(fabs(sin(pos)*0.005), fabs(cos(pos)*0.005), 0.0f);"
"src/UserInterface/PythonApplication.cpp","458","CGrannyMaterial::TranslateSpecularMatrix","CGrannyMaterial","Application deform-buffer, LOD, sphere-map and model pool lifecycle","C","D1-X state: private SDK adapter, explicit legacy reference entrypoint, compatibility wrapper or tooling; see main report exceptions","legacy wrapper","CGrannyMaterial::TranslateSpecularMatrix(g_specularSpd, g_specularSpd, 0.0f);"
"src/UserInterface/PythonApplication.cpp","859","CMSApplication::SetPosition","GrannyCreateSharedDeformBuffer","Application deform-buffer, LOD, sphere-map and model pool lifecycle","G","D1-X state: private SDK adapter, explicit legacy reference entrypoint, compatibility wrapper or tooling; see main report exceptions","SDK/adapter symbol","GrannyCreateSharedDeformBuffer();"
"src/UserInterface/PythonApplication.cpp","905","CGrannyLODController::SetMinLODMode","CGrannyLODController","Application deform-buffer, LOD, sphere-map and model pool lifecycle","E","D1-X state: private SDK adapter, explicit legacy reference entrypoint, compatibility wrapper or tooling; see main report exceptions","legacy wrapper","CGrannyLODController::SetMinLODMode(true);"
"src/UserInterface/PythonApplication.cpp","925","CGrannyMaterial::CreateSphereMap","CGrannyMaterial","Application deform-buffer, LOD, sphere-map and model pool lifecycle","C;H","D1-X state: private SDK adapter, explicit legacy reference entrypoint, compatibility wrapper or tooling; see main report exceptions","legacy wrapper","CGrannyMaterial::CreateSphereMap(0, ""d:/ymir work/special/spheremap.jpg"");"
"src/UserInterface/PythonApplication.cpp","926","CGrannyMaterial::CreateSphereMap","CGrannyMaterial","Application deform-buffer, LOD, sphere-map and model pool lifecycle","C;H","D1-X state: private SDK adapter, explicit legacy reference entrypoint, compatibility wrapper or tooling; see main report exceptions","legacy wrapper","CGrannyMaterial::CreateSphereMap(1, ""d:/ymir work/special/spheremap01.jpg"");"
"src/UserInterface/PythonApplication.cpp","1036","CGrannyMaterial::DestroySphereMap","CGrannyMaterial","Application deform-buffer, LOD, sphere-map and model pool lifecycle","C;H","D1-X state: private SDK adapter, explicit legacy reference entrypoint, compatibility wrapper or tooling; see main report exceptions","legacy wrapper","CGrannyMaterial::DestroySphereMap();"
"src/UserInterface/PythonApplication.cpp","1071","CGameThreadPool::Instance","GrannyDestroySharedDeformBuffer","Application deform-buffer, LOD, sphere-map and model pool lifecycle","G","D1-X state: private SDK adapter, explicit legacy reference entrypoint, compatibility wrapper or tooling; see main report exceptions","SDK/adapter symbol","GrannyDestroySharedDeformBuffer();"
"src/UserInterface/PythonApplication.cpp","1085","CGrannyModelInstance::DestroySystem","CGrannyModelInstance","Application deform-buffer, LOD, sphere-map and model pool lifecycle","H","D1-X state: private SDK adapter, explicit legacy reference entrypoint, compatibility wrapper or tooling; see main report exceptions","legacy wrapper","CGrannyModelInstance::DestroySystem();"
"src/UserInterface/PythonItem.h","7","file scope","EterGrnLib","Legacy model resource/instance API consumption or dependency declaration","H","D1-X state: private SDK adapter, explicit legacy reference entrypoint, compatibility wrapper or tooling; see main report exceptions","include","#include ""EterGrnLib/ThingInstance.h"""
"src/UserInterface/UserInterface.cpp","2","file scope","Granny;GrannyAssetProvider","Granny runtime logging callback registration at startup","A","D1-X state: private SDK adapter, explicit legacy reference entrypoint, compatibility wrapper or tooling; see main report exceptions","include","#include ""AssetRuntime/Granny/GrannyAssetProvider.h"""
"tests/AssetRuntime/CMakeLists.txt","10","file scope","GrannyParityTest","Runtime contract/parity/consumer substitution or boundary test","J","D1-X state: private SDK adapter, explicit legacy reference entrypoint, compatibility wrapper or tooling; see main report exceptions","build/tool/documentation","add_executable(AssetRuntimeGrannyParityTest GrannyParityTest.cpp)"
"tests/AssetRuntime/CMakeLists.txt","11","file scope","Granny","Runtime contract/parity/consumer substitution or boundary test","J","D1-X state: private SDK adapter, explicit legacy reference entrypoint, compatibility wrapper or tooling; see main report exceptions","build/tool/documentation","target_link_libraries(AssetRuntimeGrannyParityTest PRIVATE AssetRuntimeGranny Granny winmm M2FirstPartyArchitectureChecks)"
"tests/AssetRuntime/CMakeLists.txt","12","file scope","GrannyParity","Runtime contract/parity/consumer substitution or boundary test","J","D1-X state: private SDK adapter, explicit legacy reference entrypoint, compatibility wrapper or tooling; see main report exceptions","build/tool/documentation","add_test(NAME AssetRuntime.GrannyParity COMMAND AssetRuntimeGrannyParityTest ""${CMAKE_SOURCE_DIR}/../m2dev-client/assets"")"
"tests/AssetRuntime/CMakeLists.txt","13","file scope","GrannyParity","Runtime contract/parity/consumer substitution or boundary test","J","D1-X state: private SDK adapter, explicit legacy reference entrypoint, compatibility wrapper or tooling; see main report exceptions","build/tool/documentation","set_tests_properties(AssetRuntime.GrannyParity PROPERTIES LABELS ""assets;real-assets;fast;d1x"" TIMEOUT 60)"
"tests/AssetRuntime/ConsumerTest.cpp","2","file scope","EterGrnLib","Runtime contract/parity/consumer substitution or boundary test","J","D1-X state: private SDK adapter, explicit legacy reference entrypoint, compatibility wrapper or tooling; see main report exceptions","include","#include ""EterGrnLib/StdAfx.h"""
"tests/AssetRuntime/ConsumerTest.cpp","3","file scope","EterGrnLib","Runtime contract/parity/consumer substitution or boundary test","J","D1-X state: private SDK adapter, explicit legacy reference entrypoint, compatibility wrapper or tooling; see main report exceptions","include","#include ""EterGrnLib/ModelInstance.h"""
"tests/AssetRuntime/ConsumerTest.cpp","210","FixtureProvider::main","CGrannyModel","Runtime contract/parity/consumer substitution or boundary test","J","D1-X state: private SDK adapter, explicit legacy reference entrypoint, compatibility wrapper or tooling; see main report exceptions","legacy wrapper","auto model = std::make_unique<CGrannyModel>();"
"tests/AssetRuntime/ConsumerTest.cpp","222","FixtureProvider::main","CGrannyMotion","Runtime contract/parity/consumer substitution or boundary test","J","D1-X state: private SDK adapter, explicit legacy reference entrypoint, compatibility wrapper or tooling; see main report exceptions","legacy wrapper","CGrannyMotion motion;"
"tests/AssetRuntime/ConsumerTest.cpp","224","FixtureProvider::main","CGrannyModelInstance","Runtime contract/parity/consumer substitution or boundary test","J","D1-X state: private SDK adapter, explicit legacy reference entrypoint, compatibility wrapper or tooling; see main report exceptions","legacy wrapper","CGrannyModelInstance actor;"
"tests/AssetRuntime/GrannyParityTest.cpp","2","file scope","Granny;GrannyAssetProvider","Runtime contract/parity/consumer substitution or boundary test","J","D1-X state: private SDK adapter, explicit legacy reference entrypoint, compatibility wrapper or tooling; see main report exceptions","include","#include ""AssetRuntime/Granny/GrannyAssetProvider.h"""
"tests/AssetRuntime/GrannyParityTest.cpp","3","file scope","Granny;GrannyInterop","Runtime contract/parity/consumer substitution or boundary test","J","D1-X state: private SDK adapter, explicit legacy reference entrypoint, compatibility wrapper or tooling; see main report exceptions","include","#include ""AssetRuntime/Granny/GrannyInterop.h"""
"tests/AssetRuntime/GrannyParityTest.cpp","4","file scope","Granny","Runtime contract/parity/consumer substitution or boundary test","J","D1-X state: private SDK adapter, explicit legacy reference entrypoint, compatibility wrapper or tooling; see main report exceptions","include","#include ""AssetRuntime/Granny/Native.h"""
"tests/AssetRuntime/GrannyParityTest.cpp","31","NativeFile","granny_file","Runtime contract/parity/consumer substitution or boundary test","J","D1-X state: private SDK adapter, explicit legacy reference entrypoint, compatibility wrapper or tooling; see main report exceptions","SDK/adapter symbol","granny_file* file{};"
"tests/AssetRuntime/GrannyParityTest.cpp","32","NativeFile","granny_file_info","Runtime contract/parity/consumer substitution or boundary test","J","D1-X state: private SDK adapter, explicit legacy reference entrypoint, compatibility wrapper or tooling; see main report exceptions","SDK/adapter symbol","granny_file_info* info{};"
"tests/AssetRuntime/GrannyParityTest.cpp","35","NativeFile","GrannyReadEntireFile","Runtime contract/parity/consumer substitution or boundary test","J","D1-X state: private SDK adapter, explicit legacy reference entrypoint, compatibility wrapper or tooling; see main report exceptions","SDK/adapter symbol","file = GrannyReadEntireFile(path.string().c_str());"
"tests/AssetRuntime/GrannyParityTest.cpp","37","NativeFile","GrannyGetFileInfo","Runtime contract/parity/consumer substitution or boundary test","J","D1-X state: private SDK adapter, explicit legacy reference entrypoint, compatibility wrapper or tooling; see main report exceptions","SDK/adapter symbol","info = GrannyGetFileInfo(file);"
"tests/AssetRuntime/GrannyParityTest.cpp","40","NativeFile","GrannyFreeFile","Runtime contract/parity/consumer substitution or boundary test","J","D1-X state: private SDK adapter, explicit legacy reference entrypoint, compatibility wrapper or tooling; see main report exceptions","SDK/adapter symbol","~NativeFile() { if (file) GrannyFreeFile(file); }"
"tests/AssetRuntime/GrannyParityTest.cpp","44","NativeFile::TwoSided","granny_material","Runtime contract/parity/consumer substitution or boundary test","J","D1-X state: private SDK adapter, explicit legacy reference entrypoint, compatibility wrapper or tooling; see main report exceptions","SDK/adapter symbol","static bool TwoSided(const granny_material* material)"
"tests/AssetRuntime/GrannyParityTest.cpp","47","NativeFile::TwoSided","granny_int32","Runtime contract/parity/consumer substitution or boundary test","J","D1-X state: private SDK adapter, explicit legacy reference entrypoint, compatibility wrapper or tooling; see main report exceptions","SDK/adapter symbol","granny_int32 value = 0;"
"tests/AssetRuntime/GrannyParityTest.cpp","48","NativeFile::TwoSided","granny_data_type_definition;GrannyEndMember;GrannyInt32Member","Runtime contract/parity/consumer substitution or boundary test","J","D1-X state: private SDK adapter, explicit legacy reference entrypoint, compatibility wrapper or tooling; see main report exceptions","SDK/adapter symbol","granny_data_type_definition field[] = {{GrannyInt32Member, ""Two-sided""}, {GrannyEndMember}};"
"tests/AssetRuntime/GrannyParityTest.cpp","49","NativeFile::TwoSided","granny_variant","Runtime contract/parity/consumer substitution or boundary test","J","D1-X state: private SDK adapter, explicit legacy reference entrypoint, compatibility wrapper or tooling; see main report exceptions","SDK/adapter symbol","granny_variant result{};"
"tests/AssetRuntime/GrannyParityTest.cpp","50","NativeFile::TwoSided","GrannyFindMatchingMember","Runtime contract/parity/consumer substitution or boundary test","J","D1-X state: private SDK adapter, explicit legacy reference entrypoint, compatibility wrapper or tooling; see main report exceptions","SDK/adapter symbol","if (GrannyFindMatchingMember(material->ExtendedData.Type, material->ExtendedData.Object, ""Two-sided"", &result) && result.Type)"
"tests/AssetRuntime/GrannyParityTest.cpp","51","NativeFile::TwoSided","GrannyConvertSingleObject","Runtime contract/parity/consumer substitution or boundary test","J","D1-X state: private SDK adapter, explicit legacy reference entrypoint, compatibility wrapper or tooling; see main report exceptions","SDK/adapter symbol","GrannyConvertSingleObject(result.Type, result.Object, field, &value, nullptr);"
"tests/AssetRuntime/GrannyParityTest.cpp","54","NativeFile::MaterialParity","granny_material","Runtime contract/parity/consumer substitution or boundary test","J","D1-X state: private SDK adapter, explicit legacy reference entrypoint, compatibility wrapper or tooling; see main report exceptions","SDK/adapter symbol","static void MaterialParity(const MaterialAsset& actual, granny_material* original)"
"tests/AssetRuntime/GrannyParityTest.cpp","56","NativeFile::MaterialParity","granny_texture","Runtime contract/parity/consumer substitution or boundary test","J","D1-X state: private SDK adapter, explicit legacy reference entrypoint, compatibility wrapper or tooling; see main report exceptions","SDK/adapter symbol","granny_texture* diffuse = nullptr;"
"tests/AssetRuntime/GrannyParityTest.cpp","57","NativeFile::MaterialParity","granny_texture","Runtime contract/parity/consumer substitution or boundary test","J","D1-X state: private SDK adapter, explicit legacy reference entrypoint, compatibility wrapper or tooling; see main report exceptions","SDK/adapter symbol","granny_texture* opacity = nullptr;"
"tests/AssetRuntime/GrannyParityTest.cpp","60","NativeFile::MaterialParity","GrannyDiffuseColorTexture;GrannyGetMaterialTextureByType","Runtime contract/parity/consumer substitution or boundary test","J","D1-X state: private SDK adapter, explicit legacy reference entrypoint, compatibility wrapper or tooling; see main report exceptions","SDK/adapter symbol","diffuse = GrannyGetMaterialTextureByType(original->Maps[0].Material, GrannyDiffuseColorTexture);"
"tests/AssetRuntime/GrannyParityTest.cpp","61","NativeFile::MaterialParity","GrannyDiffuseColorTexture;GrannyGetMaterialTextureByType","Runtime contract/parity/consumer substitution or boundary test","J","D1-X state: private SDK adapter, explicit legacy reference entrypoint, compatibility wrapper or tooling; see main report exceptions","SDK/adapter symbol","opacity = GrannyGetMaterialTextureByType(original->Maps[1].Material, GrannyDiffuseColorTexture);"
"tests/AssetRuntime/GrannyParityTest.cpp","63","NativeFile::MaterialParity","GrannyDiffuseColorTexture;GrannyGetMaterialTextureByType","Runtime contract/parity/consumer substitution or boundary test","J","D1-X state: private SDK adapter, explicit legacy reference entrypoint, compatibility wrapper or tooling; see main report exceptions","SDK/adapter symbol","diffuse = GrannyGetMaterialTextureByType(original, GrannyDiffuseColorTexture);"
"tests/AssetRuntime/GrannyParityTest.cpp","64","NativeFile::MaterialParity","GrannyGetMaterialTextureByType;GrannyOpacityTexture","Runtime contract/parity/consumer substitution or boundary test","J","D1-X state: private SDK adapter, explicit legacy reference entrypoint, compatibility wrapper or tooling; see main report exceptions","SDK/adapter symbol","opacity = GrannyGetMaterialTextureByType(original, GrannyOpacityTexture);"
"tests/AssetRuntime/GrannyParityTest.cpp","77","NativeFile::SkeletonParity","granny_skeleton","Runtime contract/parity/consumer substitution or boundary test","J","D1-X state: private SDK adapter, explicit legacy reference entrypoint, compatibility wrapper or tooling; see main report exceptions","SDK/adapter symbol","static void SkeletonParity(const SkeletonAsset& actual, granny_skeleton* original)"
"tests/AssetRuntime/GrannyParityTest.cpp","90","NativeFile::SkeletonParity","granny_int32","Runtime contract/parity/consumer substitution or boundary test","J","D1-X state: private SDK adapter, explicit legacy reference entrypoint, compatibility wrapper or tooling; see main report exceptions","SDK/adapter symbol","granny_int32 index = -1;"
"tests/AssetRuntime/GrannyParityTest.cpp","91","NativeFile::SkeletonParity","GrannyFindBoneByName","Runtime contract/parity/consumer substitution or boundary test","J","D1-X state: private SDK adapter, explicit legacy reference entrypoint, compatibility wrapper or tooling; see main report exceptions","SDK/adapter symbol","const bool found = GrannyFindBoneByName(original, source.Name, &index);"
"tests/AssetRuntime/GrannyParityTest.cpp","102","NativeFile::IndexWidthFailure","GrannyInterop","Runtime contract/parity/consumer substitution or boundary test","J","D1-X state: private SDK adapter, explicit legacy reference entrypoint, compatibility wrapper or tooling; see main report exceptions","SDK/adapter symbol","auto* native = GrannyInterop::GetMesh(model, 0);"
"tests/AssetRuntime/GrannyParityTest.cpp","105","RestoreTopology","granny_mesh","Runtime contract/parity/consumer substitution or boundary test","J","D1-X state: private SDK adapter, explicit legacy reference entrypoint, compatibility wrapper or tooling; see main report exceptions","SDK/adapter symbol","granny_mesh* mesh;"
"tests/AssetRuntime/GrannyParityTest.cpp","106","RestoreTopology","granny_tri_topology","Runtime contract/parity/consumer substitution or boundary test","J","D1-X state: private SDK adapter, explicit legacy reference entrypoint, compatibility wrapper or tooling; see main report exceptions","SDK/adapter symbol","granny_tri_topology* original;"
"tests/AssetRuntime/GrannyParityTest.cpp","111","RestoreTopology::indices","granny_int32","Runtime contract/parity/consumer substitution or boundary test","J","D1-X state: private SDK adapter, explicit legacy reference entrypoint, compatibility wrapper or tooling; see main report exceptions","SDK/adapter symbol","std::vector<granny_int32> indices(count, 0);"
"tests/AssetRuntime/GrannyParityTest.cpp","114","RestoreTopology::indices","granny_int32","Runtime contract/parity/consumer substitution or boundary test","J","D1-X state: private SDK adapter, explicit legacy reference entrypoint, compatibility wrapper or tooling; see main report exceptions","SDK/adapter symbol","topology.IndexCount = static_cast<granny_int32>(count);"
"tests/AssetRuntime/GrannyParityTest.cpp","123","RestoreTopology::wide","granny_int32","Runtime contract/parity/consumer substitution or boundary test","J","D1-X state: private SDK adapter, explicit legacy reference entrypoint, compatibility wrapper or tooling; see main report exceptions","SDK/adapter symbol","std::vector<granny_int32> wide(count);"
"tests/AssetRuntime/GrannyParityTest.cpp","131","RestoreTopology::ModelParity","granny_model","Runtime contract/parity/consumer substitution or boundary test","J","D1-X state: private SDK adapter, explicit legacy reference entrypoint, compatibility wrapper or tooling; see main report exceptions","SDK/adapter symbol","static void ModelParity(AssetDocument& document, std::size_t modelIndex, granny_model* original)"
"tests/AssetRuntime/GrannyParityTest.cpp","137","RestoreTopology::ModelParity","granny_material","Runtime contract/parity/consumer substitution or boundary test","J","D1-X state: private SDK adapter, explicit legacy reference entrypoint, compatibility wrapper or tooling; see main report exceptions","SDK/adapter symbol","std::vector<granny_material*> materials;"
"tests/AssetRuntime/GrannyParityTest.cpp","143","RestoreTopology::ModelParity","GrannyGetMeshIndexCount;GrannyGetMeshVertexCount","Runtime contract/parity/consumer substitution or boundary test","J","D1-X state: private SDK adapter, explicit legacy reference entrypoint, compatibility wrapper or tooling; see main report exceptions","SDK/adapter symbol","Check(mesh.vertexCount == GrannyGetMeshVertexCount(source) && mesh.indexCount == GrannyGetMeshIndexCount(source), ""Exact vertex/index counts"");"
"tests/AssetRuntime/GrannyParityTest.cpp","144","RestoreTopology::ModelParity","GrannyGetMeshBytesPerIndex","Runtime contract/parity/consumer substitution or boundary test","J","D1-X state: private SDK adapter, explicit legacy reference entrypoint, compatibility wrapper or tooling; see main report exceptions","SDK/adapter symbol","Check(mesh.indexWidth == static_cast<IndexWidth>(GrannyGetMeshBytesPerIndex(source)) && mesh.topology == PrimitiveTopology::TriangleList,"
"tests/AssetRuntime/GrannyParityTest.cpp","146","RestoreTopology::ModelParity","GrannyGetMeshVertexType;GrannyGetTotalObjectSize","Runtime contract/parity/consumer substitution or boundary test","J","D1-X state: private SDK adapter, explicit legacy reference entrypoint, compatibility wrapper or tooling; see main report exceptions","SDK/adapter symbol","Check(mesh.sourceVertexStride == GrannyGetTotalObjectSize(GrannyGetMeshVertexType(source)), ""Source vertex stride"");"
"tests/AssetRuntime/GrannyParityTest.cpp","147","RestoreTopology::ModelParity","GrannyMeshIsRigid","Runtime contract/parity/consumer substitution or boundary test","J","D1-X state: private SDK adapter, explicit legacy reference entrypoint, compatibility wrapper or tooling; see main report exceptions","SDK/adapter symbol","const bool isRigid = GrannyMeshIsRigid(source);"
"tests/AssetRuntime/GrannyParityTest.cpp","160","RestoreTopology::ModelParity","GrannyGetMeshTriangleGroups","Runtime contract/parity/consumer substitution or boundary test","J","D1-X state: private SDK adapter, explicit legacy reference entrypoint, compatibility wrapper or tooling; see main report exceptions","SDK/adapter symbol","const auto* groups = GrannyGetMeshTriangleGroups(source);"
"tests/AssetRuntime/GrannyParityTest.cpp","161","RestoreTopology::ModelParity","GrannyGetMeshTriangleGroupCount","Runtime contract/parity/consumer substitution or boundary test","J","D1-X state: private SDK adapter, explicit legacy reference entrypoint, compatibility wrapper or tooling; see main report exceptions","SDK/adapter symbol","Check(mesh.materialGroups.size() == GrannyGetMeshTriangleGroupCount(source), ""Material triangle group count"");"
"tests/AssetRuntime/GrannyParityTest.cpp","167","RestoreTopology::vertices","granny_pnt332_vertex","Runtime contract/parity/consumer substitution or boundary test","J","D1-X state: private SDK adapter, explicit legacy reference entrypoint, compatibility wrapper or tooling; see main report exceptions","SDK/adapter symbol","std::vector<granny_pnt332_vertex> vertices(mesh.vertexCount), copied(mesh.vertexCount);"
"tests/AssetRuntime/GrannyParityTest.cpp","168","RestoreTopology::vertices","GrannyCopyMeshVertices;GrannyPNT332VertexType","Runtime contract/parity/consumer substitution or boundary test","J","D1-X state: private SDK adapter, explicit legacy reference entrypoint, compatibility wrapper or tooling; see main report exceptions","SDK/adapter symbol","GrannyCopyMeshVertices(source, GrannyPNT332VertexType, vertices.data());"
"tests/AssetRuntime/GrannyParityTest.cpp","182","RestoreTopology::expected","granny_int32;GrannyCopyMeshIndices","Runtime contract/parity/consumer substitution or boundary test","J","D1-X state: private SDK adapter, explicit legacy reference entrypoint, compatibility wrapper or tooling; see main report exceptions","SDK/adapter symbol","GrannyCopyMeshIndices(source, static_cast<granny_int32>(width), expected.data());"
"tests/AssetRuntime/GrannyParityTest.cpp","194","RestoreTopology::expected","GrannyNewMeshBinding","Runtime contract/parity/consumer substitution or boundary test","J","D1-X state: private SDK adapter, explicit legacy reference entrypoint, compatibility wrapper or tooling; see main report exceptions","SDK/adapter symbol","auto* binding = GrannyNewMeshBinding(source, original->Skeleton, original->Skeleton);"
"tests/AssetRuntime/GrannyParityTest.cpp","196","RestoreTopology::expected","GrannyGetMeshBindingToBoneIndices","Runtime contract/parity/consumer substitution or boundary test","J","D1-X state: private SDK adapter, explicit legacy reference entrypoint, compatibility wrapper or tooling; see main report exceptions","SDK/adapter symbol","const auto* indices = GrannyGetMeshBindingToBoneIndices(binding);"
"tests/AssetRuntime/GrannyParityTest.cpp","200","RestoreTopology::expected","GrannyFreeMeshBinding","Runtime contract/parity/consumer substitution or boundary test","J","D1-X state: private SDK adapter, explicit legacy reference entrypoint, compatibility wrapper or tooling; see main report exceptions","SDK/adapter symbol","GrannyFreeMeshBinding(binding);"
"tests/AssetRuntime/GrannyParityTest.cpp","207","RestoreTopology::weighted","GrannyGetMeshVertices","Runtime contract/parity/consumer substitution or boundary test","J","D1-X state: private SDK adapter, explicit legacy reference entrypoint, compatibility wrapper or tooling; see main report exceptions","SDK/adapter symbol","!std::memcmp(weighted.data(), GrannyGetMeshVertices(source), weighted.size()), ""Original weighted vertex data unchanged"");"
"tests/AssetRuntime/GrannyParityTest.cpp","237","RestoreTopology::PoseParity","GrannyInstantiateModel","Runtime contract/parity/consumer substitution or boundary test","J","D1-X state: private SDK adapter, explicit legacy reference entrypoint, compatibility wrapper or tooling; see main report exceptions","SDK/adapter symbol","auto* instance = GrannyInstantiateModel(nativeModel);"
"tests/AssetRuntime/GrannyParityTest.cpp","238","RestoreTopology::PoseParity","GrannyNewLocalPose","Runtime contract/parity/consumer substitution or boundary test","J","D1-X state: private SDK adapter, explicit legacy reference entrypoint, compatibility wrapper or tooling; see main report exceptions","SDK/adapter symbol","auto* local = GrannyNewLocalPose(nativeModel->Skeleton->BoneCount);"
"tests/AssetRuntime/GrannyParityTest.cpp","239","RestoreTopology::PoseParity","GrannyNewWorldPose","Runtime contract/parity/consumer substitution or boundary test","J","D1-X state: private SDK adapter, explicit legacy reference entrypoint, compatibility wrapper or tooling; see main report exceptions","SDK/adapter symbol","auto* world = GrannyNewWorldPose(nativeModel->Skeleton->BoneCount);"
"tests/AssetRuntime/GrannyParityTest.cpp","241","RestoreTopology::PoseParity","GrannyPlayControlledAnimation","Runtime contract/parity/consumer substitution or boundary test","J","D1-X state: private SDK adapter, explicit legacy reference entrypoint, compatibility wrapper or tooling; see main report exceptions","SDK/adapter symbol","auto* control = GrannyPlayControlledAnimation(0, clip.info->Animations[0], instance);"
"tests/AssetRuntime/GrannyParityTest.cpp","243","RestoreTopology::PoseParity","GrannySetControlLoopCount","Runtime contract/parity/consumer substitution or boundary test","J","D1-X state: private SDK adapter, explicit legacy reference entrypoint, compatibility wrapper or tooling; see main report exceptions","SDK/adapter symbol","GrannySetControlLoopCount(control, 0);"
"tests/AssetRuntime/GrannyParityTest.cpp","247","RestoreTopology::PoseParity","GrannySetModelClock","Runtime contract/parity/consumer substitution or boundary test","J","D1-X state: private SDK adapter, explicit legacy reference entrypoint, compatibility wrapper or tooling; see main report exceptions","SDK/adapter symbol","GrannySetModelClock(instance, time);"
"tests/AssetRuntime/GrannyParityTest.cpp","248","RestoreTopology::PoseParity","GrannySampleModelAnimationsAccelerated","Runtime contract/parity/consumer substitution or boundary test","J","D1-X state: private SDK adapter, explicit legacy reference entrypoint, compatibility wrapper or tooling; see main report exceptions","SDK/adapter symbol","GrannySampleModelAnimationsAccelerated(instance, nativeModel->Skeleton->BoneCount, transform.data(), local, world);"
"tests/AssetRuntime/GrannyParityTest.cpp","252","RestoreTopology::PoseParity","GrannyGetWorldPoseComposite4x4Array","Runtime contract/parity/consumer substitution or boundary test","J","D1-X state: private SDK adapter, explicit legacy reference entrypoint, compatibility wrapper or tooling; see main report exceptions","SDK/adapter symbol","const auto* reference = reinterpret_cast<const float*>(GrannyGetWorldPoseComposite4x4Array(world));"
"tests/AssetRuntime/GrannyParityTest.cpp","261","RestoreTopology::PoseParity","GrannyFreeControl;GrannyFreeLocalPose;GrannyFreeModelInstance;GrannyFreeWorldPose","Runtime contract/parity/consumer substitution or boundary test","J","D1-X state: private SDK adapter, explicit legacy reference entrypoint, compatibility wrapper or tooling; see main report exceptions","SDK/adapter symbol","GrannyFreeControl(control); GrannyFreeWorldPose(world); GrannyFreeLocalPose(local); GrannyFreeModelInstance(instance);"
"tests/AssetRuntime/GrannyParityTest.cpp","267","ReferenceSession","granny_model_instance","Runtime contract/parity/consumer substitution or boundary test","J","D1-X state: private SDK adapter, explicit legacy reference entrypoint, compatibility wrapper or tooling; see main report exceptions","SDK/adapter symbol","granny_model_instance* model{};"
"tests/AssetRuntime/GrannyParityTest.cpp","268","ReferenceSession","granny_control","Runtime contract/parity/consumer substitution or boundary test","J","D1-X state: private SDK adapter, explicit legacy reference entrypoint, compatibility wrapper or tooling; see main report exceptions","SDK/adapter symbol","granny_control* control{};"
"tests/AssetRuntime/GrannyParityTest.cpp","269","ReferenceSession","granny_animation","Runtime contract/parity/consumer substitution or boundary test","J","D1-X state: private SDK adapter, explicit legacy reference entrypoint, compatibility wrapper or tooling; see main report exceptions","SDK/adapter symbol","granny_animation* animation{};"
"tests/AssetRuntime/GrannyParityTest.cpp","270","ReferenceSession","granny_local_pose","Runtime contract/parity/consumer substitution or boundary test","J","D1-X state: private SDK adapter, explicit legacy reference entrypoint, compatibility wrapper or tooling; see main report exceptions","SDK/adapter symbol","granny_local_pose* local{};"
"tests/AssetRuntime/GrannyParityTest.cpp","271","ReferenceSession","granny_world_pose","Runtime contract/parity/consumer substitution or boundary test","J","D1-X state: private SDK adapter, explicit legacy reference entrypoint, compatibility wrapper or tooling; see main report exceptions","SDK/adapter symbol","granny_world_pose* world{};"
"tests/AssetRuntime/GrannyParityTest.cpp","273","ReferenceSession","granny_model","Runtime contract/parity/consumer substitution or boundary test","J","D1-X state: private SDK adapter, explicit legacy reference entrypoint, compatibility wrapper or tooling; see main report exceptions","SDK/adapter symbol","explicit ReferenceSession(granny_model* source) : bones(source->Skeleton->BoneCount)"
"tests/AssetRuntime/GrannyParityTest.cpp","275","ReferenceSession","GrannyInstantiateModel;GrannyNewLocalPose;GrannyNewWorldPose","Runtime contract/parity/consumer substitution or boundary test","J","D1-X state: private SDK adapter, explicit legacy reference entrypoint, compatibility wrapper or tooling; see main report exceptions","SDK/adapter symbol","model = GrannyInstantiateModel(source); local = GrannyNewLocalPose(bones); world = GrannyNewWorldPose(bones);"
"tests/AssetRuntime/GrannyParityTest.cpp","278","ReferenceSession","GrannyFreeLocalPose;GrannyFreeModelInstance;GrannyFreeWorldPose","Runtime contract/parity/consumer substitution or boundary test","J","D1-X state: private SDK adapter, explicit legacy reference entrypoint, compatibility wrapper or tooling; see main report exceptions","SDK/adapter symbol","~ReferenceSession() { GrannyFreeModelInstance(model); GrannyFreeWorldPose(world); GrannyFreeLocalPose(local); }"
"tests/AssetRuntime/GrannyParityTest.cpp","279","ReferenceSession::Set","granny_animation","Runtime contract/parity/consumer substitution or boundary test","J","D1-X state: private SDK adapter, explicit legacy reference entrypoint, compatibility wrapper or tooling; see main report exceptions","SDK/adapter symbol","void Set(granny_animation* clip, float time, float blend, int loops, float speed)"
"tests/AssetRuntime/GrannyParityTest.cpp","283","ReferenceSession::Set","GrannySetControlEaseOutCurve","Runtime contract/parity/consumer substitution or boundary test","J","D1-X state: private SDK adapter, explicit legacy reference entrypoint, compatibility wrapper or tooling; see main report exceptions","SDK/adapter symbol","GrannySetControlEaseOutCurve(control,time,time+blend,1,1,0,0);"
"tests/AssetRuntime/GrannyParityTest.cpp","284","ReferenceSession::Set","GrannySetControlEaseIn;GrannySetControlEaseOut","Runtime contract/parity/consumer substitution or boundary test","J","D1-X state: private SDK adapter, explicit legacy reference entrypoint, compatibility wrapper or tooling; see main report exceptions","SDK/adapter symbol","GrannySetControlEaseIn(control,false); GrannySetControlEaseOut(control,true);"
"tests/AssetRuntime/GrannyParityTest.cpp","285","ReferenceSession::Set","GrannyCompleteControlAt;GrannyFreeControlIfComplete","Runtime contract/parity/consumer substitution or boundary test","J","D1-X state: private SDK adapter, explicit legacy reference entrypoint, compatibility wrapper or tooling; see main report exceptions","SDK/adapter symbol","GrannyCompleteControlAt(control,time+blend); GrannyFreeControlIfComplete(control);"
"tests/AssetRuntime/GrannyParityTest.cpp","287","ReferenceSession::Set","GrannyPlayControlledAnimation","Runtime contract/parity/consumer substitution or boundary test","J","D1-X state: private SDK adapter, explicit legacy reference entrypoint, compatibility wrapper or tooling; see main report exceptions","SDK/adapter symbol","animation = clip; control = GrannyPlayControlledAnimation(time,clip,model);"
"tests/AssetRuntime/GrannyParityTest.cpp","289","ReferenceSession::Set","GrannySetControlLoopCount;GrannySetControlSpeed","Runtime contract/parity/consumer substitution or boundary test","J","D1-X state: private SDK adapter, explicit legacy reference entrypoint, compatibility wrapper or tooling; see main report exceptions","SDK/adapter symbol","GrannySetControlSpeed(control,speed); GrannySetControlLoopCount(control,loops);"
"tests/AssetRuntime/GrannyParityTest.cpp","290","ReferenceSession::Set","GrannySetControlEaseIn;GrannySetControlEaseOut","Runtime contract/parity/consumer substitution or boundary test","J","D1-X state: private SDK adapter, explicit legacy reference entrypoint, compatibility wrapper or tooling; see main report exceptions","SDK/adapter symbol","GrannySetControlEaseIn(control,!first); GrannySetControlEaseOut(control,false);"
"tests/AssetRuntime/GrannyParityTest.cpp","291","ReferenceSession::Set","GrannySetControlEaseInCurve","Runtime contract/parity/consumer substitution or boundary test","J","D1-X state: private SDK adapter, explicit legacy reference entrypoint, compatibility wrapper or tooling; see main report exceptions","SDK/adapter symbol","if (!first && blend > 0) GrannySetControlEaseInCurve(control,time,time+blend,0,0,1,1);"
"tests/AssetRuntime/GrannyParityTest.cpp","292","ReferenceSession::Set","GrannyFreeControlOnceUnused","Runtime contract/parity/consumer substitution or boundary test","J","D1-X state: private SDK adapter, explicit legacy reference entrypoint, compatibility wrapper or tooling; see main report exceptions","SDK/adapter symbol","GrannyFreeControlOnceUnused(control);"
"tests/AssetRuntime/GrannyParityTest.cpp","294","ReferenceSession::Change","granny_animation","Runtime contract/parity/consumer substitution or boundary test","J","D1-X state: private SDK adapter, explicit legacy reference entrypoint, compatibility wrapper or tooling; see main report exceptions","SDK/adapter symbol","void Change(granny_animation* clip, float startTime, int loops, float speed)"
"tests/AssetRuntime/GrannyParityTest.cpp","297","ReferenceSession::Change","GrannySetControlEaseIn;GrannySetControlEaseOut","Runtime contract/parity/consumer substitution or boundary test","J","D1-X state: private SDK adapter, explicit legacy reference entrypoint, compatibility wrapper or tooling; see main report exceptions","SDK/adapter symbol","GrannySetControlEaseIn(control,false); GrannySetControlEaseOut(control,false);"
"tests/AssetRuntime/GrannyParityTest.cpp","298","ReferenceSession::Change","GrannyCompleteControlAt;GrannyFreeControlIfComplete","Runtime contract/parity/consumer substitution or boundary test","J","D1-X state: private SDK adapter, explicit legacy reference entrypoint, compatibility wrapper or tooling; see main report exceptions","SDK/adapter symbol","GrannyCompleteControlAt(control,startTime); GrannyFreeControlIfComplete(control);"
"tests/AssetRuntime/GrannyParityTest.cpp","300","ReferenceSession::Change","GrannyPlayControlledAnimation","Runtime contract/parity/consumer substitution or boundary test","J","D1-X state: private SDK adapter, explicit legacy reference entrypoint, compatibility wrapper or tooling; see main report exceptions","SDK/adapter symbol","animation = clip; control = GrannyPlayControlledAnimation(startTime,clip,model);"
"tests/AssetRuntime/GrannyParityTest.cpp","302","ReferenceSession::Change","GrannySetControlLoopCount;GrannySetControlSpeed","Runtime contract/parity/consumer substitution or boundary test","J","D1-X state: private SDK adapter, explicit legacy reference entrypoint, compatibility wrapper or tooling; see main report exceptions","SDK/adapter symbol","GrannySetControlSpeed(control,speed); GrannySetControlLoopCount(control,loops);"
"tests/AssetRuntime/GrannyParityTest.cpp","303","ReferenceSession::Change","GrannySetControlEaseIn;GrannySetControlEaseOut","Runtime contract/parity/consumer substitution or boundary test","J","D1-X state: private SDK adapter, explicit legacy reference entrypoint, compatibility wrapper or tooling; see main report exceptions","SDK/adapter symbol","GrannySetControlEaseIn(control,false); GrannySetControlEaseOut(control,false);"
"tests/AssetRuntime/GrannyParityTest.cpp","304","ReferenceSession::Change","GrannyFreeControlOnceUnused","Runtime contract/parity/consumer substitution or boundary test","J","D1-X state: private SDK adapter, explicit legacy reference entrypoint, compatibility wrapper or tooling; see main report exceptions","SDK/adapter symbol","GrannyFreeControlOnceUnused(control);"
"tests/AssetRuntime/GrannyParityTest.cpp","308","ReferenceSession::Copy","GrannyFreeControl","Runtime contract/parity/consumer substitution or boundary test","J","D1-X state: private SDK adapter, explicit legacy reference entrypoint, compatibility wrapper or tooling; see main report exceptions","SDK/adapter symbol","if (control) GrannyFreeControl(control);"
"tests/AssetRuntime/GrannyParityTest.cpp","309","ReferenceSession::Copy","GrannyPlayControlledAnimation","Runtime contract/parity/consumer substitution or boundary test","J","D1-X state: private SDK adapter, explicit legacy reference entrypoint, compatibility wrapper or tooling; see main report exceptions","SDK/adapter symbol","animation = source.animation; control = GrannyPlayControlledAnimation(time,animation,model);"
"tests/AssetRuntime/GrannyParityTest.cpp","311","ReferenceSession::Copy","GrannyGetControlSpeed;GrannySetControlSpeed","Runtime contract/parity/consumer substitution or boundary test","J","D1-X state: private SDK adapter, explicit legacy reference entrypoint, compatibility wrapper or tooling; see main report exceptions","SDK/adapter symbol","GrannySetControlSpeed(control,GrannyGetControlSpeed(source.control));"
"tests/AssetRuntime/GrannyParityTest.cpp","312","ReferenceSession::Copy","GrannyGetControlLoopCount;GrannySetControlLoopCount","Runtime contract/parity/consumer substitution or boundary test","J","D1-X state: private SDK adapter, explicit legacy reference entrypoint, compatibility wrapper or tooling; see main report exceptions","SDK/adapter symbol","GrannySetControlLoopCount(control,GrannyGetControlLoopCount(source.control));"
"tests/AssetRuntime/GrannyParityTest.cpp","313","ReferenceSession::Copy","GrannySetControlEaseIn;GrannySetControlEaseOut","Runtime contract/parity/consumer substitution or boundary test","J","D1-X state: private SDK adapter, explicit legacy reference entrypoint, compatibility wrapper or tooling; see main report exceptions","SDK/adapter symbol","GrannySetControlEaseIn(control,true); GrannySetControlEaseOut(control,false);"
"tests/AssetRuntime/GrannyParityTest.cpp","314","ReferenceSession::Copy","GrannyGetControlRawLocalClock;GrannySetControlRawLocalClock","Runtime contract/parity/consumer substitution or boundary test","J","D1-X state: private SDK adapter, explicit legacy reference entrypoint, compatibility wrapper or tooling; see main report exceptions","SDK/adapter symbol","GrannySetControlRawLocalClock(control,GrannyGetControlRawLocalClock(source.control));"
"tests/AssetRuntime/GrannyParityTest.cpp","315","ReferenceSession::Copy","GrannyFreeControlOnceUnused","Runtime contract/parity/consumer substitution or boundary test","J","D1-X state: private SDK adapter, explicit legacy reference entrypoint, compatibility wrapper or tooling; see main report exceptions","SDK/adapter symbol","GrannyFreeControlOnceUnused(control);"
"tests/AssetRuntime/GrannyParityTest.cpp","316","ReferenceSession::Copy","GrannyFreeControl","Runtime contract/parity/consumer substitution or boundary test","J","D1-X state: private SDK adapter, explicit legacy reference entrypoint, compatibility wrapper or tooling; see main report exceptions","SDK/adapter symbol","if (freeSource) { GrannyFreeControl(source.control); source.control = nullptr; }"
"tests/AssetRuntime/GrannyParityTest.cpp","322","ReferenceSession::CompareSession","GrannySetModelClock","Runtime contract/parity/consumer substitution or boundary test","J","D1-X state: private SDK adapter, explicit legacy reference entrypoint, compatibility wrapper or tooling; see main report exceptions","SDK/adapter symbol","GrannySetModelClock(original.model,time); actual.SetClock(time);"
"tests/AssetRuntime/GrannyParityTest.cpp","323","ReferenceSession::CompareSession","GrannySampleModelAnimationsAccelerated","Runtime contract/parity/consumer substitution or boundary test","J","D1-X state: private SDK adapter, explicit legacy reference entrypoint, compatibility wrapper or tooling; see main report exceptions","SDK/adapter symbol","GrannySampleModelAnimationsAccelerated(original.model,original.bones,parent.data(),original.local,original.world);"
"tests/AssetRuntime/GrannyParityTest.cpp","326","ReferenceSession::CompareSession","GrannyGetWorldPoseComposite4x4Array","Runtime contract/parity/consumer substitution or boundary test","J","D1-X state: private SDK adapter, explicit legacy reference entrypoint, compatibility wrapper or tooling; see main report exceptions","SDK/adapter symbol","const auto* expected = reinterpret_cast<const float*>(GrannyGetWorldPoseComposite4x4Array(original.world));"
"tests/AssetRuntime/GrannyParityTest.cpp","330","ReferenceSession::CompareSession","GrannyGetWorldPose4x4","Runtime contract/parity/consumer substitution or boundary test","J","D1-X state: private SDK adapter, explicit legacy reference entrypoint, compatibility wrapper or tooling; see main report exceptions","SDK/adapter symbol","const auto* root = GrannyGetWorldPose4x4(original.world,0);"
"tests/AssetRuntime/GrannyParityTest.cpp","337","ReferenceSession::CompareSession","GrannyUpdateModelMatrix","Runtime contract/parity/consumer substitution or boundary test","J","D1-X state: private SDK adapter, explicit legacy reference entrypoint, compatibility wrapper or tooling; see main report exceptions","SDK/adapter symbol","GrannyUpdateModelMatrix(original.model,.03125f,referenceTransform.data(),referenceTransform.data(),false);"
"tests/AssetRuntime/GrannyParityTest.cpp","341","ReferenceSession::CompareSession","GrannyControlIsComplete","Runtime contract/parity/consumer substitution or boundary test","J","D1-X state: private SDK adapter, explicit legacy reference entrypoint, compatibility wrapper or tooling; see main report exceptions","SDK/adapter symbol","Check(actual.IsPlaying() == (original.control && !GrannyControlIsComplete(original.control)), ""Session playing state parity"");"
"tests/AssetRuntime/GrannyParityTest.cpp","366","ReferenceSession::AnimationSessionParity","GrannyFreeCompletedModelControls","Runtime contract/parity/consumer substitution or boundary test","J","D1-X state: private SDK adapter, explicit legacy reference entrypoint, compatibility wrapper or tooling; see main report exceptions","SDK/adapter symbol","actual->FreeCompletedControls(); GrannyFreeCompletedModelControls(reference.model);"
"tests/AssetRuntime/GrannyParityTest.cpp","380","ReferenceSession::AnimationSessionParity","GrannyGetControlLocalDuration;GrannySetControlRawLocalClock","Runtime contract/parity/consumer substitution or boundary test","J","D1-X state: private SDK adapter, explicit legacy reference entrypoint, compatibility wrapper or tooling; see main report exceptions","SDK/adapter symbol","GrannySetControlRawLocalClock(referenceCopy.control,GrannyGetControlLocalDuration(referenceCopy.control));"
"tests/AssetRuntime/GrannyParityTest.cpp","404","ReferenceSession::UnmatchedWeaponClipParity","GrannyInstantiateModel","Runtime contract/parity/consumer substitution or boundary test","J","D1-X state: private SDK adapter, explicit legacy reference entrypoint, compatibility wrapper or tooling; see main report exceptions","SDK/adapter symbol","auto* native = GrannyInstantiateModel(weapon.info->Models[0]);"
"tests/AssetRuntime/GrannyParityTest.cpp","406","ReferenceSession::UnmatchedWeaponClipParity","granny_int32x","Runtime contract/parity/consumer substitution or boundary test","J","D1-X state: private SDK adapter, explicit legacy reference entrypoint, compatibility wrapper or tooling; see main report exceptions","SDK/adapter symbol","granny_int32x group = -1;"
"tests/AssetRuntime/GrannyParityTest.cpp","407","ReferenceSession::UnmatchedWeaponClipParity","GrannyFindTrackGroupForModel","Runtime contract/parity/consumer substitution or boundary test","J","D1-X state: private SDK adapter, explicit legacy reference entrypoint, compatibility wrapper or tooling; see main report exceptions","SDK/adapter symbol","const bool matched = GrannyFindTrackGroupForModel(clip.info->Animations[0], weapon.info->Models[0]->Name, &group);"
"tests/AssetRuntime/GrannyParityTest.cpp","408","ReferenceSession::UnmatchedWeaponClipParity","GrannyPlayControlledAnimation","Runtime contract/parity/consumer substitution or boundary test","J","D1-X state: private SDK adapter, explicit legacy reference entrypoint, compatibility wrapper or tooling; see main report exceptions","SDK/adapter symbol","auto* control = GrannyPlayControlledAnimation(0, clip.info->Animations[0], native);"
"tests/AssetRuntime/GrannyParityTest.cpp","412","ReferenceSession::UnmatchedWeaponClipParity","GrannyPlayControlledAnimation","Runtime contract/parity/consumer substitution or boundary test","J","D1-X state: private SDK adapter, explicit legacy reference entrypoint, compatibility wrapper or tooling; see main report exceptions","SDK/adapter symbol","auto* changedControl = GrannyPlayControlledAnimation(.2f, clip.info->Animations[0], native);"
"tests/AssetRuntime/GrannyParityTest.cpp","419","ReferenceSession::UnmatchedWeaponClipParity","GrannyPlayControlledAnimation","Runtime contract/parity/consumer substitution or boundary test","J","D1-X state: private SDK adapter, explicit legacy reference entrypoint, compatibility wrapper or tooling; see main report exceptions","SDK/adapter symbol","auto* copiedControl = GrannyPlayControlledAnimation(.3f, clip.info->Animations[0], native);"
"tests/AssetRuntime/GrannyParityTest.cpp","427","ReferenceSession::UnmatchedWeaponClipParity","GrannyFreeControl","Runtime contract/parity/consumer substitution or boundary test","J","D1-X state: private SDK adapter, explicit legacy reference entrypoint, compatibility wrapper or tooling; see main report exceptions","SDK/adapter symbol","if (control) GrannyFreeControl(control);"
"tests/AssetRuntime/GrannyParityTest.cpp","428","ReferenceSession::UnmatchedWeaponClipParity","GrannyFreeModelInstance","Runtime contract/parity/consumer substitution or boundary test","J","D1-X state: private SDK adapter, explicit legacy reference entrypoint, compatibility wrapper or tooling; see main report exceptions","SDK/adapter symbol","GrannyFreeModelInstance(native);"
"tests/AssetRuntime/PublicHeaderLeakTest.cmake","2","file scope","Granny","Runtime contract/parity/consumer substitution or boundary test","J","D1-X state: private SDK adapter, explicit legacy reference entrypoint, compatibility wrapper or tooling; see main report exceptions","build/tool/documentation","list(FILTER public_headers EXCLUDE REGEX ""/Granny/"")"
"tests/AssetRuntime/PublicHeaderLeakTest.cmake","8","file scope","Granny","Runtime contract/parity/consumer substitution or boundary test","J","D1-X state: private SDK adapter, explicit legacy reference entrypoint, compatibility wrapper or tooling; see main report exceptions","build/tool/documentation","if(contents MATCHES ""#[ \t]*include[ \t]*[<\""][^>\""]*(granny|[Ww]indows\\.h|[Dd]3[dD]|[Dd][Xx][Gg][Ii]|Diligent|AssetRuntime/Granny)"")"
"tests/Renderer/animated_actor_smoke.py","1","file scope","Granny","Test/audit-only reference or parity/coverage instrumentation","J","D1-X state: private SDK adapter, explicit legacy reference entrypoint, compatibility wrapper or tooling; see main report exceptions","SDK/adapter symbol","""""""ZiiNAN: Real original Granny body/motions through existing Python game APIs only."""""""
"tests/Renderer/audit_d3d9.ps1","11","file scope","EterGrnLib","Test/audit-only reference or parity/coverage instrumentation","J","D1-X state: private SDK adapter, explicit legacy reference entrypoint, compatibility wrapper or tooling; see main report exceptions","build/tool/documentation","@('src/EterGrnLib/','actors/map Things/items -> ThingInstance -> ModelInstanceRender; Model/Material own native CPU conversion/resources','M4/M5/M8/M11 shared actor/static material bridges'),"
"tests/Renderer/audit_d3d9.ps1","21","file scope","Granny","Test/audit-only reference or parity/coverage instrumentation","J","D1-X state: private SDK adapter, explicit legacy reference entrypoint, compatibility wrapper or tooling; see main report exceptions","build/tool/documentation","@('src/GameLib/(Actor|WeaponTrace|FlyTrace)','InstanceBase -> ActorInstance -> Granny render; weapon/flying traces -> EffectRenderBridge','M5/M7/M11 shared actors and effects'),"
"tests/Renderer/audit_d3d9.ps1","85","file scope","Granny_RenderBoxBones","Test/audit-only reference or parity/coverage instrumentation","J","D1-X state: private SDK adapter, explicit legacy reference entrypoint, compatibility wrapper or tooling; see main report exceptions","build/tool/documentation","elseif($relative -match 'CollisionData' -or $class -match 'CD3DXMeshRenderingOption' -or $function -match '(Collision|WireFrame|Wireframe|RenderD3DXMesh|RenderCube|RenderSphere|RenderCylinder|Granny_RenderBoxBones|RenderAmbience|CD3DXMeshRenderingOption)') {"
"tests/Renderer/AuditResources.ps1","10","file scope","Granny","Test/audit-only reference or parity/coverage instrumentation","J","D1-X state: private SDK adapter, explicit legacy reference entrypoint, compatibility wrapper or tooling; see main report exceptions","build/tool/documentation","@('Grp(Vertex|Index)Buffer', 'A', 'CGraphicVertexBuffer/CGraphicIndexBuffer', 'CreateDeviceObjects/Lock', 'wrapper owns buffer', 'Granny terrain water UI minimap', 'owned CPU buffers with same producer lock contract'),"
"tests/Renderer/AuditResources.ps1","15","file scope","CGrannyMaterial;CGrannyModel;CGrannyModelInstance;EterGrnLib;Granny","Test/audit-only reference or parity/coverage instrumentation","J","D1-X state: private SDK adapter, explicit legacy reference entrypoint, compatibility wrapper or tooling; see main report exceptions","build/tool/documentation","@('EterGrnLib/(Material|Model|ModelInstance)', 'A', 'CGrannyMaterial/CGrannyModel/CGrannyModelInstance', 'material images and model/deform buffers', 'image refs/model/local or shared deform wrapper', 'Actor and static-object submissions; native mesh loops', 'neutral material bindings and CPU geometry existence tests; no Granny algorithm change'),"
"tests/Renderer/AuditResources.ps1","24","file scope","Granny","Test/audit-only reference or parity/coverage instrumentation","J","D1-X state: private SDK adapter, explicit legacy reference entrypoint, compatibility wrapper or tooling; see main report exceptions","build/tool/documentation","@('DungeonBlock', 'A', 'CDungeonBlock', 'model wrapper creation', 'Granny model', 'dungeon static submission and Legacy bindings', 'CPU wrapper source; native binds remain inert in Diligent'),"
"tests/Renderer/CMakeLists.txt","81","file scope","EterGrnLib","Build linkage, source-target ownership or platform boundary configuration","J","D1-X state: private SDK adapter, explicit legacy reference entrypoint, compatibility wrapper or tooling; see main report exceptions","build/tool/documentation","${CMAKE_SOURCE_DIR}/src/EterGrnLib/SkinningDataAdapter.cpp)"
"tests/Renderer/SkinningBenchmarkTest.cpp","9","BenchmarkActor","CGrannyModelInstance","Test/audit-only reference or parity/coverage instrumentation","J","D1-X state: private SDK adapter, explicit legacy reference entrypoint, compatibility wrapper or tooling; see main report exceptions","legacy wrapper","CGrannyModelInstance instance;"
"tests/Renderer/SkinningBenchmarkTest.cpp","69","Math::MatrixIdentity","CGrannyMaterial","Test/audit-only reference or parity/coverage instrumentation","J","D1-X state: private SDK adapter, explicit legacy reference entrypoint, compatibility wrapper or tooling; see main report exceptions","legacy wrapper","for(auto type:{CGrannyMaterial::TYPE_DIFFUSE_PNT,CGrannyMaterial::TYPE_BLEND_PNT})"
"tests/Renderer/SkinningCoverageTest.cpp","2","file scope","EterGrnLib","Test/audit-only reference or parity/coverage instrumentation","J","D1-X state: private SDK adapter, explicit legacy reference entrypoint, compatibility wrapper or tooling; see main report exceptions","include","#include ""EterGrnLib/StdAfx.h"""
"tests/Renderer/SkinningCoverageTest.cpp","3","file scope","Granny","Test/audit-only reference or parity/coverage instrumentation","J","D1-X state: private SDK adapter, explicit legacy reference entrypoint, compatibility wrapper or tooling; see main report exceptions","include","#include ""AssetRuntime/Granny/Native.h"""
"tests/Renderer/SkinningCoverageTest.cpp","4","file scope","EterGrnLib","Test/audit-only reference or parity/coverage instrumentation","J","D1-X state: private SDK adapter, explicit legacy reference entrypoint, compatibility wrapper or tooling; see main report exceptions","include","#include ""EterGrnLib/ModelInstance.h"""
"tests/Renderer/SkinningCoverageTest.cpp","26","Asset","CGrannyModel;granny_file","Test/audit-only reference or parity/coverage instrumentation","J","D1-X state: private SDK adapter, explicit legacy reference entrypoint, compatibility wrapper or tooling; see main report exceptions","SDK/adapter symbol","granny_file* file{}; CGrannyModel* model{}; std::string path;"
"tests/Renderer/SkinningCoverageTest.cpp","28","Asset","GrannyReadEntireFile","Test/audit-only reference or parity/coverage instrumentation","J","D1-X state: private SDK adapter, explicit legacy reference entrypoint, compatibility wrapper or tooling; see main report exceptions","SDK/adapter symbol","file=GrannyReadEntireFile(path.c_str());Check(file!=nullptr,""Required real GR2 asset"");"
"tests/Renderer/SkinningCoverageTest.cpp","29","Asset","GrannyGetFileInfo","Test/audit-only reference or parity/coverage instrumentation","J","D1-X state: private SDK adapter, explicit legacy reference entrypoint, compatibility wrapper or tooling; see main report exceptions","SDK/adapter symbol","auto* info=GrannyGetFileInfo(file);Check(info && info->ModelCount,""Required real model"");"
"tests/Renderer/SkinningCoverageTest.cpp","30","Asset","CGrannyModel","Test/audit-only reference or parity/coverage instrumentation","J","D1-X state: private SDK adapter, explicit legacy reference entrypoint, compatibility wrapper or tooling; see main report exceptions","legacy wrapper","model=new CGrannyModel;Check(model->CreateFromGrannyModelPointer(info->Models[0]),""Native model creation"");"
"tests/Renderer/SkinningCoverageTest.cpp","33","Asset","GrannyFreeFile","Test/audit-only reference or parity/coverage instrumentation","J","D1-X state: private SDK adapter, explicit legacy reference entrypoint, compatibility wrapper or tooling; see main report exceptions","SDK/adapter symbol","~Asset() { if(model) model->Release();if(file) GrannyFreeFile(file); }"
"tests/Renderer/SkinningCoverageTest.cpp","38","Clip","CGrannyMotion;granny_file","Test/audit-only reference or parity/coverage instrumentation","J","D1-X state: private SDK adapter, explicit legacy reference entrypoint, compatibility wrapper or tooling; see main report exceptions","SDK/adapter symbol","granny_file* file{};CGrannyMotion motion;"
"tests/Renderer/SkinningCoverageTest.cpp","40","Clip","GrannyReadEntireFile","Test/audit-only reference or parity/coverage instrumentation","J","D1-X state: private SDK adapter, explicit legacy reference entrypoint, compatibility wrapper or tooling; see main report exceptions","SDK/adapter symbol","file=GrannyReadEntireFile(path.c_str());Check(file!=nullptr,""Required real animation"");"
"tests/Renderer/SkinningCoverageTest.cpp","41","Clip","GrannyGetFileInfo","Test/audit-only reference or parity/coverage instrumentation","J","D1-X state: private SDK adapter, explicit legacy reference entrypoint, compatibility wrapper or tooling; see main report exceptions","SDK/adapter symbol","auto* info=GrannyGetFileInfo(file);Check(info && info->AnimationCount,""Animation data"");"
"tests/Renderer/SkinningCoverageTest.cpp","44","Clip","GrannyFreeFile","Test/audit-only reference or parity/coverage instrumentation","J","D1-X state: private SDK adapter, explicit legacy reference entrypoint, compatibility wrapper or tooling; see main report exceptions","SDK/adapter symbol","~Clip() { motion.Destroy();if(file) GrannyFreeFile(file); }"
"tests/Renderer/SkinningCoverageTest.cpp","48","Pair","CGrannyModelInstance","Test/audit-only reference or parity/coverage instrumentation","J","D1-X state: private SDK adapter, explicit legacy reference entrypoint, compatibility wrapper or tooling; see main report exceptions","legacy wrapper","CGrannyModelInstance cpu,gpu;"
"tests/Renderer/SkinningCoverageTest.cpp","49","Pair","CGrannyModelInstance","Test/audit-only reference or parity/coverage instrumentation","J","D1-X state: private SDK adapter, explicit legacy reference entrypoint, compatibility wrapper or tooling; see main report exceptions","legacy wrapper","CGrannyModelInstance* cpuOwner=&cpu;CGrannyModelInstance* gpuOwner=&gpu;"
"tests/Renderer/SkinningCoverageTest.cpp","78","Pair::Numeric","Granny","Test/audit-only reference or parity/coverage instrumentation","J","D1-X state: private SDK adapter, explicit legacy reference entrypoint, compatibility wrapper or tooling; see main report exceptions","comment","// ZiiNAN: Independently sampled Granny poses may differ by tiny rounding; vertex/raster limits stay unchanged."
"tests/Renderer/SkinningCoverageTest.cpp","128","Math::MatrixOrthoRH","CGrannyModelInstance","Test/audit-only reference or parity/coverage instrumentation","J","D1-X state: private SDK adapter, explicit legacy reference entrypoint, compatibility wrapper or tooling; see main report exceptions","legacy wrapper","static uint32_t Draw(CGrannyModelInstance& actor,DiligentActorRenderer& renderer,const TerrainTexturePtr& texture,"
"tests/Renderer/SkinningCoverageTest.cpp","145","Math::MatrixTranspose","CGrannyMaterial","Test/audit-only reference or parity/coverage instrumentation","J","D1-X state: private SDK adapter, explicit legacy reference entrypoint, compatibility wrapper or tooling; see main report exceptions","legacy wrapper","for(auto type:{CGrannyMaterial::TYPE_DIFFUSE_PNT,CGrannyMaterial::TYPE_BLEND_PNT})"
"tests/Renderer/SkinningCoverageTest.cpp","153","Pair::Image","CGrannyModelInstance","Test/audit-only reference or parity/coverage instrumentation","J","D1-X state: private SDK adapter, explicit legacy reference entrypoint, compatibility wrapper or tooling; see main report exceptions","legacy wrapper","static std::vector<uint8_t> Image(CGrannyModelInstance& actor,DiligentD3D11Backend& backend,DiligentActorRenderer& renderer,"
"tests/Renderer/SkinningCoverageTest.cpp","215","FallbackInstance","CGrannyModelInstance","Test/audit-only reference or parity/coverage instrumentation","J","D1-X state: private SDK adapter, explicit legacy reference entrypoint, compatibility wrapper or tooling; see main report exceptions","legacy wrapper","struct FallbackInstance : CGrannyModelInstance"
"tests/Renderer/SkinningDataTest.cpp","1","file scope","EterGrnLib","Test/audit-only reference or parity/coverage instrumentation","J","D1-X state: private SDK adapter, explicit legacy reference entrypoint, compatibility wrapper or tooling; see main report exceptions","include","#include ""EterGrnLib/SkinningDataAdapter.h"""
"tests/Renderer/SkinningDataTest.cpp","2","file scope","Granny","Test/audit-only reference or parity/coverage instrumentation","J","D1-X state: private SDK adapter, explicit legacy reference entrypoint, compatibility wrapper or tooling; see main report exceptions","include","#include ""AssetRuntime/Granny/Native.h"""
"tests/Renderer/SkinningDataTest.cpp","3","file scope","EterGrnLib","Test/audit-only reference or parity/coverage instrumentation","J","D1-X state: private SDK adapter, explicit legacy reference entrypoint, compatibility wrapper or tooling; see main report exceptions","include","#include ""EterGrnLib/Deform.h"""
"tests/Renderer/SkinningDataTest.cpp","14","Asset","granny_file","Test/audit-only reference or parity/coverage instrumentation","J","D1-X state: private SDK adapter, explicit legacy reference entrypoint, compatibility wrapper or tooling; see main report exceptions","SDK/adapter symbol","granny_file* file{};"
"tests/Renderer/SkinningDataTest.cpp","15","Asset","granny_model","Test/audit-only reference or parity/coverage instrumentation","J","D1-X state: private SDK adapter, explicit legacy reference entrypoint, compatibility wrapper or tooling; see main report exceptions","SDK/adapter symbol","granny_model* model{};"
"tests/Renderer/SkinningDataTest.cpp","19","Asset","GrannyReadEntireFile","Test/audit-only reference or parity/coverage instrumentation","J","D1-X state: private SDK adapter, explicit legacy reference entrypoint, compatibility wrapper or tooling; see main report exceptions","SDK/adapter symbol","file=GrannyReadEntireFile(path.c_str());"
"tests/Renderer/SkinningDataTest.cpp","21","Asset","GrannyGetFileInfo","Test/audit-only reference or parity/coverage instrumentation","J","D1-X state: private SDK adapter, explicit legacy reference entrypoint, compatibility wrapper or tooling; see main report exceptions","SDK/adapter symbol","auto* info=GrannyGetFileInfo(file);"
"tests/Renderer/SkinningDataTest.cpp","25","Asset","GrannyFreeFile","Test/audit-only reference or parity/coverage instrumentation","J","D1-X state: private SDK adapter, explicit legacy reference entrypoint, compatibility wrapper or tooling; see main report exceptions","SDK/adapter symbol","~Asset() { data.reset(); if(file) GrannyFreeFile(file); }"
"tests/Renderer/SkinningDataTest.cpp","30","Pose","granny_model_instance","Test/audit-only reference or parity/coverage instrumentation","J","D1-X state: private SDK adapter, explicit legacy reference entrypoint, compatibility wrapper or tooling; see main report exceptions","SDK/adapter symbol","granny_model_instance* instance;"
"tests/Renderer/SkinningDataTest.cpp","31","Pose","granny_local_pose","Test/audit-only reference or parity/coverage instrumentation","J","D1-X state: private SDK adapter, explicit legacy reference entrypoint, compatibility wrapper or tooling; see main report exceptions","SDK/adapter symbol","granny_local_pose* local;"
"tests/Renderer/SkinningDataTest.cpp","32","Pose","granny_world_pose","Test/audit-only reference or parity/coverage instrumentation","J","D1-X state: private SDK adapter, explicit legacy reference entrypoint, compatibility wrapper or tooling; see main report exceptions","SDK/adapter symbol","granny_world_pose* world;"
"tests/Renderer/SkinningDataTest.cpp","33","Pose","granny_file","Test/audit-only reference or parity/coverage instrumentation","J","D1-X state: private SDK adapter, explicit legacy reference entrypoint, compatibility wrapper or tooling; see main report exceptions","SDK/adapter symbol","granny_file* animation{};"
"tests/Renderer/SkinningDataTest.cpp","34","Pose","granny_control","Test/audit-only reference or parity/coverage instrumentation","J","D1-X state: private SDK adapter, explicit legacy reference entrypoint, compatibility wrapper or tooling; see main report exceptions","SDK/adapter symbol","granny_control* control{};"
"tests/Renderer/SkinningDataTest.cpp","35","Pose","granny_model","Test/audit-only reference or parity/coverage instrumentation","J","D1-X state: private SDK adapter, explicit legacy reference entrypoint, compatibility wrapper or tooling; see main report exceptions","SDK/adapter symbol","explicit Pose(granny_model* model,const std::string& clip):"
"tests/Renderer/SkinningDataTest.cpp","36","Pose","GrannyInstantiateModel;GrannyNewLocalPose","Test/audit-only reference or parity/coverage instrumentation","J","D1-X state: private SDK adapter, explicit legacy reference entrypoint, compatibility wrapper or tooling; see main report exceptions","SDK/adapter symbol","instance(GrannyInstantiateModel(model)),local(GrannyNewLocalPose(model->Skeleton->BoneCount)),"
"tests/Renderer/SkinningDataTest.cpp","37","Pose","GrannyNewWorldPose","Test/audit-only reference or parity/coverage instrumentation","J","D1-X state: private SDK adapter, explicit legacy reference entrypoint, compatibility wrapper or tooling; see main report exceptions","SDK/adapter symbol","world(GrannyNewWorldPose(model->Skeleton->BoneCount))"
"tests/Renderer/SkinningDataTest.cpp","39","Pose","Granny","Test/audit-only reference or parity/coverage instrumentation","J","D1-X state: private SDK adapter, explicit legacy reference entrypoint, compatibility wrapper or tooling; see main report exceptions","SDK/adapter symbol","Check(instance && local && world,""Granny pose allocation"");"
"tests/Renderer/SkinningDataTest.cpp","41","Pose","GrannyReadEntireFile","Test/audit-only reference or parity/coverage instrumentation","J","D1-X state: private SDK adapter, explicit legacy reference entrypoint, compatibility wrapper or tooling; see main report exceptions","SDK/adapter symbol","animation=GrannyReadEntireFile(clip.c_str());"
"tests/Renderer/SkinningDataTest.cpp","43","Pose","GrannyGetFileInfo","Test/audit-only reference or parity/coverage instrumentation","J","D1-X state: private SDK adapter, explicit legacy reference entrypoint, compatibility wrapper or tooling; see main report exceptions","SDK/adapter symbol","auto* info=GrannyGetFileInfo(animation); Check(info && info->AnimationCount,""Animation missing"");"
"tests/Renderer/SkinningDataTest.cpp","44","Pose","GrannyPlayControlledAnimation","Test/audit-only reference or parity/coverage instrumentation","J","D1-X state: private SDK adapter, explicit legacy reference entrypoint, compatibility wrapper or tooling; see main report exceptions","SDK/adapter symbol","control=GrannyPlayControlledAnimation(0,info->Animations[0],instance); Check(control!=nullptr,""Animation control"");"
"tests/Renderer/SkinningDataTest.cpp","49","Pose","GrannyFreeControl","Test/audit-only reference or parity/coverage instrumentation","J","D1-X state: private SDK adapter, explicit legacy reference entrypoint, compatibility wrapper or tooling; see main report exceptions","SDK/adapter symbol","if(control) GrannyFreeControl(control);"
"tests/Renderer/SkinningDataTest.cpp","50","Pose","GrannyFreeLocalPose;GrannyFreeModelInstance;GrannyFreeWorldPose","Test/audit-only reference or parity/coverage instrumentation","J","D1-X state: private SDK adapter, explicit legacy reference entrypoint, compatibility wrapper or tooling; see main report exceptions","SDK/adapter symbol","GrannyFreeModelInstance(instance); GrannyFreeLocalPose(local); GrannyFreeWorldPose(world);"
"tests/Renderer/SkinningDataTest.cpp","51","Pose","GrannyFreeFile","Test/audit-only reference or parity/coverage instrumentation","J","D1-X state: private SDK adapter, explicit legacy reference entrypoint, compatibility wrapper or tooling; see main report exceptions","SDK/adapter symbol","if(animation) GrannyFreeFile(animation);"
"tests/Renderer/SkinningDataTest.cpp","64","std::isfinite","granny_pnt332_vertex","Test/audit-only reference or parity/coverage instrumentation","J","D1-X state: private SDK adapter, explicit legacy reference entrypoint, compatibility wrapper or tooling; see main report exceptions","SDK/adapter symbol","static granny_pnt332_vertex Reference(const SkinningVertex& v,const BoneRemap& remap,const BonePalette& palette)"
"tests/Renderer/SkinningDataTest.cpp","66","std::isfinite","granny_pnt332_vertex","Test/audit-only reference or parity/coverage instrumentation","J","D1-X state: private SDK adapter, explicit legacy reference entrypoint, compatibility wrapper or tooling; see main report exceptions","SDK/adapter symbol","granny_pnt332_vertex out{};"
"tests/Renderer/SkinningDataTest.cpp","89","Pose::CheckOriginal","GrannyGetMeshVertexCount","Test/audit-only reference or parity/coverage instrumentation","J","D1-X state: private SDK adapter, explicit legacy reference entrypoint, compatibility wrapper or tooling; see main report exceptions","SDK/adapter symbol","Check(data.meshIndex==m && data.vertices.size()==GrannyGetMeshVertexCount(mesh),""Mesh slot/count"");"
"tests/Renderer/SkinningDataTest.cpp","91","Pose::CheckOriginal","GrannyGetMeshVertices","Test/audit-only reference or parity/coverage instrumentation","J","D1-X state: private SDK adapter, explicit legacy reference entrypoint, compatibility wrapper or tooling; see main report exceptions","SDK/adapter symbol","Check(!std::memcmp(data.vertices.data(),GrannyGetMeshVertices(mesh),data.vertices.size()*sizeof(SkinningVertex)),""Original position/normal/UV/indices/weights byte parity"");"
"tests/Renderer/SkinningDataTest.cpp","92","Pose::indices","GrannyCopyMeshIndices;GrannyGetMeshIndexCount","Test/audit-only reference or parity/coverage instrumentation","J","D1-X state: private SDK adapter, explicit legacy reference entrypoint, compatibility wrapper or tooling; see main report exceptions","SDK/adapter symbol","std::vector<uint16_t> indices(GrannyGetMeshIndexCount(mesh)); GrannyCopyMeshIndices(mesh,2,indices.data());"
"tests/Renderer/SkinningDataTest.cpp","94","Pose::indices","GrannyGetMeshTriangleGroups","Test/audit-only reference or parity/coverage instrumentation","J","D1-X state: private SDK adapter, explicit legacy reference entrypoint, compatibility wrapper or tooling; see main report exceptions","SDK/adapter symbol","auto* groups=GrannyGetMeshTriangleGroups(mesh);"
"tests/Renderer/SkinningDataTest.cpp","95","Pose::indices","GrannyGetMeshTriangleGroupCount","Test/audit-only reference or parity/coverage instrumentation","J","D1-X state: private SDK adapter, explicit legacy reference entrypoint, compatibility wrapper or tooling; see main report exceptions","SDK/adapter symbol","Check(data.groups.size()==GrannyGetMeshTriangleGroupCount(mesh),""Original material group count"");"
"tests/Renderer/SkinningDataTest.cpp","98","Pose::indices","GrannyNewMeshBinding","Test/audit-only reference or parity/coverage instrumentation","J","D1-X state: private SDK adapter, explicit legacy reference entrypoint, compatibility wrapper or tooling; see main report exceptions","SDK/adapter symbol","auto* binding=GrannyNewMeshBinding(mesh,asset.model->Skeleton,asset.model->Skeleton);"
"tests/Renderer/SkinningDataTest.cpp","101","Pose::indices","GrannyGetMeshBindingToBoneIndices","Test/audit-only reference or parity/coverage instrumentation","J","D1-X state: private SDK adapter, explicit legacy reference entrypoint, compatibility wrapper or tooling; see main report exceptions","SDK/adapter symbol","const auto* native=GrannyGetMeshBindingToBoneIndices(binding);"
"tests/Renderer/SkinningDataTest.cpp","109","Pose::indices","GrannyFreeMeshBinding","Test/audit-only reference or parity/coverage instrumentation","J","D1-X state: private SDK adapter, explicit legacy reference entrypoint, compatibility wrapper or tooling; see main report exceptions","SDK/adapter symbol","GrannyFreeMeshBinding(binding);"
"tests/Renderer/SkinningDataTest.cpp","127","Pose::bindings","granny_mesh_binding","Test/audit-only reference or parity/coverage instrumentation","J","D1-X state: private SDK adapter, explicit legacy reference entrypoint, compatibility wrapper or tooling; see main report exceptions","SDK/adapter symbol","std::vector<granny_mesh_binding*> bindings(source.data->meshes.size());"
"tests/Renderer/SkinningDataTest.cpp","130","Pose::bindings","GrannyNewMeshBinding","Test/audit-only reference or parity/coverage instrumentation","J","D1-X state: private SDK adapter, explicit legacy reference entrypoint, compatibility wrapper or tooling; see main report exceptions","SDK/adapter symbol","bindings[m]=GrannyNewMeshBinding(source.model->MeshBindings[m].Mesh,source.model->Skeleton,destination.model->Skeleton);"
"tests/Renderer/SkinningDataTest.cpp","139","Pose::bindings","GrannySetModelClock","Test/audit-only reference or parity/coverage instrumentation","J","D1-X state: private SDK adapter, explicit legacy reference entrypoint, compatibility wrapper or tooling; see main report exceptions","SDK/adapter symbol","GrannySetModelClock(pose.instance,time);"
"tests/Renderer/SkinningDataTest.cpp","140","Pose::bindings","GrannySampleModelAnimationsAccelerated","Test/audit-only reference or parity/coverage instrumentation","J","D1-X state: private SDK adapter, explicit legacy reference entrypoint, compatibility wrapper or tooling; see main report exceptions","SDK/adapter symbol","GrannySampleModelAnimationsAccelerated(pose.instance,destination.model->Skeleton->BoneCount,mode?parent.data():nullptr,pose.local,pose.world);"
"tests/Renderer/SkinningDataTest.cpp","142","Pose::bindings","GrannyGetWorldPoseComposite4x4Array","Test/audit-only reference or parity/coverage instrumentation","J","D1-X state: private SDK adapter, explicit legacy reference entrypoint, compatibility wrapper or tooling; see main report exceptions","SDK/adapter symbol","const auto* matrices=GrannyGetWorldPoseComposite4x4Array(pose.world);"
"tests/Renderer/SkinningDataTest.cpp","147","Pose::bindings","GrannyGetMeshBindingToBoneIndices","Test/audit-only reference or parity/coverage instrumentation","J","D1-X state: private SDK adapter, explicit legacy reference entrypoint, compatibility wrapper or tooling; see main report exceptions","SDK/adapter symbol","const auto* native=GrannyGetMeshBindingToBoneIndices(bindings[m]);"
"tests/Renderer/SkinningDataTest.cpp","149","Pose::sse","granny_pnt332_vertex","Test/audit-only reference or parity/coverage instrumentation","J","D1-X state: private SDK adapter, explicit legacy reference entrypoint, compatibility wrapper or tooling; see main report exceptions","SDK/adapter symbol","std::vector<granny_pnt332_vertex> sse(count), sdk(count);"
"tests/Renderer/SkinningDataTest.cpp","150","Pose::sse","GrannyGetMeshVertices","Test/audit-only reference or parity/coverage instrumentation","J","D1-X state: private SDK adapter, explicit legacy reference entrypoint, compatibility wrapper or tooling; see main report exceptions","SDK/adapter symbol","DeformPWNT3432toGrannyPNGBT33332(count,GrannyGetMeshVertices(mesh),sse.data(),native,matrices,40,32);"
"tests/Renderer/SkinningDataTest.cpp","151","Pose::sse","GrannyAllowUncopiedTail;GrannyDeformPositionNormal;GrannyGetMeshVertexType;GrannyNewMeshDeformer;GrannyPNT332VertexType","Test/audit-only reference or parity/coverage instrumentation","J","D1-X state: private SDK adapter, explicit legacy reference entrypoint, compatibility wrapper or tooling; see main report exceptions","SDK/adapter symbol","auto* deformer=GrannyNewMeshDeformer(GrannyGetMeshVertexType(mesh),GrannyPNT332VertexType,GrannyDeformPositionNormal,GrannyAllowUncopiedTail);"
"tests/Renderer/SkinningDataTest.cpp","153","Pose::sse","GrannyDeformVertices;GrannyGetMeshVertices","Test/audit-only reference or parity/coverage instrumentation","J","D1-X state: private SDK adapter, explicit legacy reference entrypoint, compatibility wrapper or tooling; see main report exceptions","SDK/adapter symbol","GrannyDeformVertices(deformer,native,(float*)matrices,count,GrannyGetMeshVertices(mesh),sdk.data());"
"tests/Renderer/SkinningDataTest.cpp","154","Pose::sse","GrannyFreeMeshDeformer","Test/audit-only reference or parity/coverage instrumentation","J","D1-X state: private SDK adapter, explicit legacy reference entrypoint, compatibility wrapper or tooling; see main report exceptions","SDK/adapter symbol","GrannyFreeMeshDeformer(deformer);"
"tests/Renderer/SkinningDataTest.cpp","174","Pose::sse","GrannyFreeMeshBinding","Test/audit-only reference or parity/coverage instrumentation","J","D1-X state: private SDK adapter, explicit legacy reference entrypoint, compatibility wrapper or tooling; see main report exceptions","SDK/adapter symbol","for(auto* binding:bindings) if(binding) GrannyFreeMeshBinding(binding);"
"tests/Renderer/SkinningDataTest.cpp","229","Pose::AdapterDiagnostics","GrannyGetMeshVertices","Test/audit-only reference or parity/coverage instrumentation","J","D1-X state: private SDK adapter, explicit legacy reference entrypoint, compatibility wrapper or tooling; see main report exceptions","SDK/adapter symbol","Check(!std::memcmp(original.data->meshes[0]->vertices.data(),GrannyGetMeshVertices(original.model->MeshBindings[0].Mesh),"
"tests/Renderer/SkinningDataTest.cpp","260","Pose::main","GrannyNewMeshBinding","Test/audit-only reference or parity/coverage instrumentation","J","D1-X state: private SDK adapter, explicit legacy reference entrypoint, compatibility wrapper or tooling; see main report exceptions","SDK/adapter symbol","auto* binding=GrannyNewMeshBinding(hairA.model->MeshBindings[0].Mesh,hairA.model->Skeleton,destination->model->Skeleton);"
"tests/Renderer/SkinningDataTest.cpp","269","Pose::main","GrannyFreeMeshBinding","Test/audit-only reference or parity/coverage instrumentation","J","D1-X state: private SDK adapter, explicit legacy reference entrypoint, compatibility wrapper or tooling; see main report exceptions","SDK/adapter symbol","GrannyFreeMeshBinding(binding);++phase;"
"tests/Renderer/SkinningInstanceTest.cpp","1","file scope","EterGrnLib","Test/audit-only reference or parity/coverage instrumentation","J","D1-X state: private SDK adapter, explicit legacy reference entrypoint, compatibility wrapper or tooling; see main report exceptions","include","#include ""EterGrnLib/StdAfx.h"""
"tests/Renderer/SkinningInstanceTest.cpp","2","file scope","Granny","Test/audit-only reference or parity/coverage instrumentation","J","D1-X state: private SDK adapter, explicit legacy reference entrypoint, compatibility wrapper or tooling; see main report exceptions","include","#include ""AssetRuntime/Granny/Native.h"""
"tests/Renderer/SkinningInstanceTest.cpp","3","file scope","EterGrnLib","Test/audit-only reference or parity/coverage instrumentation","J","D1-X state: private SDK adapter, explicit legacy reference entrypoint, compatibility wrapper or tooling; see main report exceptions","include","#include ""EterGrnLib/ModelInstance.h"""
"tests/Renderer/SkinningInstanceTest.cpp","35","CResource::StringToType","CGrannyMaterial","Test/audit-only reference or parity/coverage instrumentation","J","D1-X state: private SDK adapter, explicit legacy reference entrypoint, compatibility wrapper or tooling; see main report exceptions","legacy wrapper","CGrannyMaterial original, copy, legacyEmpty;"
"tests/Renderer/SkinningInstanceTest.cpp","66","NativeAsset","granny_file","Test/audit-only reference or parity/coverage instrumentation","J","D1-X state: private SDK adapter, explicit legacy reference entrypoint, compatibility wrapper or tooling; see main report exceptions","SDK/adapter symbol","granny_file* file{};"
"tests/Renderer/SkinningInstanceTest.cpp","67","NativeAsset","CGrannyModel","Test/audit-only reference or parity/coverage instrumentation","J","D1-X state: private SDK adapter, explicit legacy reference entrypoint, compatibility wrapper or tooling; see main report exceptions","legacy wrapper","CGrannyModel* model{};"
"tests/Renderer/SkinningInstanceTest.cpp","70","NativeAsset","GrannyReadEntireFile","Test/audit-only reference or parity/coverage instrumentation","J","D1-X state: private SDK adapter, explicit legacy reference entrypoint, compatibility wrapper or tooling; see main report exceptions","SDK/adapter symbol","file=GrannyReadEntireFile(path.c_str());Check(file!=nullptr,""Real GR2 file"");"
"tests/Renderer/SkinningInstanceTest.cpp","71","NativeAsset","GrannyGetFileInfo","Test/audit-only reference or parity/coverage instrumentation","J","D1-X state: private SDK adapter, explicit legacy reference entrypoint, compatibility wrapper or tooling; see main report exceptions","SDK/adapter symbol","auto* info=GrannyGetFileInfo(file);Check(info && info->ModelCount,""Real GR2 model"");"
"tests/Renderer/SkinningInstanceTest.cpp","72","NativeAsset","CGrannyModel","Test/audit-only reference or parity/coverage instrumentation","J","D1-X state: private SDK adapter, explicit legacy reference entrypoint, compatibility wrapper or tooling; see main report exceptions","legacy wrapper","model=new CGrannyModel;"
"tests/Renderer/SkinningInstanceTest.cpp","75","NativeAsset","GrannyFreeFile","Test/audit-only reference or parity/coverage instrumentation","J","D1-X state: private SDK adapter, explicit legacy reference entrypoint, compatibility wrapper or tooling; see main report exceptions","SDK/adapter symbol","~NativeAsset() { if(model) model->Release(); if(file) GrannyFreeFile(file); }"
"tests/Renderer/SkinningInstanceTest.cpp","77","TestInstance","CGrannyModelInstance","Test/audit-only reference or parity/coverage instrumentation","J","D1-X state: private SDK adapter, explicit legacy reference entrypoint, compatibility wrapper or tooling; see main report exceptions","legacy wrapper","struct TestInstance : CGrannyModelInstance"
"tests/Renderer/SkinningInstanceTest.cpp","121","TestInstance::main","CGrannyModelInstance","Test/audit-only reference or parity/coverage instrumentation","J","D1-X state: private SDK adapter, explicit legacy reference entrypoint, compatibility wrapper or tooling; see main report exceptions","legacy wrapper","CGrannyModelInstance* current=&actor;"
"tests/Renderer/SkinningPrototypeTest.cpp","1","file scope","EterGrnLib","Test/audit-only reference or parity/coverage instrumentation","J","D1-X state: private SDK adapter, explicit legacy reference entrypoint, compatibility wrapper or tooling; see main report exceptions","include","#include ""EterGrnLib/StdAfx.h"""
"tests/Renderer/SkinningPrototypeTest.cpp","2","file scope","Granny","Test/audit-only reference or parity/coverage instrumentation","J","D1-X state: private SDK adapter, explicit legacy reference entrypoint, compatibility wrapper or tooling; see main report exceptions","include","#include ""AssetRuntime/Granny/Native.h"""
"tests/Renderer/SkinningPrototypeTest.cpp","3","file scope","EterGrnLib","Test/audit-only reference or parity/coverage instrumentation","J","D1-X state: private SDK adapter, explicit legacy reference entrypoint, compatibility wrapper or tooling; see main report exceptions","include","#include ""EterGrnLib/ModelInstance.h"""
"tests/Renderer/SkinningPrototypeTest.cpp","45","Asset","CGrannyModel;granny_file","Test/audit-only reference or parity/coverage instrumentation","J","D1-X state: private SDK adapter, explicit legacy reference entrypoint, compatibility wrapper or tooling; see main report exceptions","SDK/adapter symbol","granny_file* file{}; CGrannyModel* model{};"
"tests/Renderer/SkinningPrototypeTest.cpp","47","Asset","GrannyReadEntireFile","Test/audit-only reference or parity/coverage instrumentation","J","D1-X state: private SDK adapter, explicit legacy reference entrypoint, compatibility wrapper or tooling; see main report exceptions","SDK/adapter symbol","file=GrannyReadEntireFile(path.c_str()); Check(file!=nullptr,""Real GR2 fixture required"");"
"tests/Renderer/SkinningPrototypeTest.cpp","48","Asset","GrannyGetFileInfo","Test/audit-only reference or parity/coverage instrumentation","J","D1-X state: private SDK adapter, explicit legacy reference entrypoint, compatibility wrapper or tooling; see main report exceptions","SDK/adapter symbol","auto* info=GrannyGetFileInfo(file); Check(info && info->ModelCount,""Model fixture"");"
"tests/Renderer/SkinningPrototypeTest.cpp","49","Asset","CGrannyModel","Test/audit-only reference or parity/coverage instrumentation","J","D1-X state: private SDK adapter, explicit legacy reference entrypoint, compatibility wrapper or tooling; see main report exceptions","legacy wrapper","model=new CGrannyModel; Check(model->CreateFromGrannyModelPointer(info->Models[0]),""Native model"");"
"tests/Renderer/SkinningPrototypeTest.cpp","52","Asset","GrannyFreeFile","Test/audit-only reference or parity/coverage instrumentation","J","D1-X state: private SDK adapter, explicit legacy reference entrypoint, compatibility wrapper or tooling; see main report exceptions","SDK/adapter symbol","~Asset() { if(model) model->Release(); if(file) GrannyFreeFile(file); }"
"tests/Renderer/SkinningPrototypeTest.cpp","56","Clip","CGrannyMotion;granny_file","Test/audit-only reference or parity/coverage instrumentation","J","D1-X state: private SDK adapter, explicit legacy reference entrypoint, compatibility wrapper or tooling; see main report exceptions","SDK/adapter symbol","granny_file* file{}; CGrannyMotion motion;"
"tests/Renderer/SkinningPrototypeTest.cpp","58","Clip","GrannyReadEntireFile","Test/audit-only reference or parity/coverage instrumentation","J","D1-X state: private SDK adapter, explicit legacy reference entrypoint, compatibility wrapper or tooling; see main report exceptions","SDK/adapter symbol","file=GrannyReadEntireFile(path.c_str()); Check(file!=nullptr,""Real animation required"");"
"tests/Renderer/SkinningPrototypeTest.cpp","59","Clip","GrannyGetFileInfo","Test/audit-only reference or parity/coverage instrumentation","J","D1-X state: private SDK adapter, explicit legacy reference entrypoint, compatibility wrapper or tooling; see main report exceptions","SDK/adapter symbol","auto* info=GrannyGetFileInfo(file); Check(info && info->AnimationCount,""Animation fixture"");"
"tests/Renderer/SkinningPrototypeTest.cpp","62","Clip","GrannyFreeFile","Test/audit-only reference or parity/coverage instrumentation","J","D1-X state: private SDK adapter, explicit legacy reference entrypoint, compatibility wrapper or tooling; see main report exceptions","SDK/adapter symbol","~Clip() { motion.Destroy(); if(file) GrannyFreeFile(file); }"
"tests/Renderer/SkinningPrototypeTest.cpp","71","Clip::Textures","GrannyDiffuseColorTexture;GrannyGetMaterialTextureByType","Test/audit-only reference or parity/coverage instrumentation","J","D1-X state: private SDK adapter, explicit legacy reference entrypoint, compatibility wrapper or tooling; see main report exceptions","SDK/adapter symbol","auto* texture=GrannyGetMaterialTextureByType(mesh->MaterialBindings[i].Material,GrannyDiffuseColorTexture);"
"tests/Renderer/SkinningPrototypeTest.cpp","102","Clip::RenderPose","CGrannyModelInstance","Test/audit-only reference or parity/coverage instrumentation","J","D1-X state: private SDK adapter, explicit legacy reference entrypoint, compatibility wrapper or tooling; see main report exceptions","legacy wrapper","Asset& asset,CGrannyModelInstance& actor,const std::vector<TerrainTexturePtr>& textures,"
"tests/Renderer/SkinningPrototypeTest.cpp","160","Diligent::GetEngineFactoryD3D11","CGrannyModelInstance","Test/audit-only reference or parity/coverage instrumentation","J","D1-X state: private SDK adapter, explicit legacy reference entrypoint, compatibility wrapper or tooling; see main report exceptions","legacy wrapper","CGrannyModelInstance cpu,gpu;"
"tests/Renderer/SkinningPrototypeTest.cpp","194","Diligent::GetEngineFactoryD3D11","CGrannyModelInstance","Test/audit-only reference or parity/coverage instrumentation","J","D1-X state: private SDK adapter, explicit legacy reference entrypoint, compatibility wrapper or tooling; see main report exceptions","legacy wrapper","CGrannyModelInstance other;other.SetMainModelPointer(asset.model,nullptr);other.SetMotionPointer(&clip.motion);"
"tests/Renderer/SkinningPrototypeTest.cpp","218","Diligent::GetEngineFactoryD3D11","CGrannyModelInstance","Test/audit-only reference or parity/coverage instrumentation","J","D1-X state: private SDK adapter, explicit legacy reference entrypoint, compatibility wrapper or tooling; see main report exceptions","legacy wrapper","CGrannyModelInstance actor;actor.SetMainModelPointer(asset.model,nullptr);"
"tests/Renderer/SkinningPrototypeTest.cpp","234","Diligent::GetEngineFactoryD3D11","CGrannyModelInstance","Test/audit-only reference or parity/coverage instrumentation","J","D1-X state: private SDK adapter, explicit legacy reference entrypoint, compatibility wrapper or tooling; see main report exceptions","legacy wrapper","Asset hairAsset(base+""hair/hair_1_1.gr2"");CGrannyModelInstance hair;"
"tests/Renderer/SkinningPrototypeTest.cpp","235","Diligent::GetEngineFactoryD3D11","CGrannyModelInstance","Test/audit-only reference or parity/coverage instrumentation","J","D1-X state: private SDK adapter, explicit legacy reference entrypoint, compatibility wrapper or tooling; see main report exceptions","legacy wrapper","CGrannyModelInstance* owner=&actor;hair.SetLinkedModelPointer(hairAsset.model,nullptr,&owner);"
