"File","Line","ClassFunction","GrannyTypeOrSymbol","Purpose","Category","MigrationD1X","ReferenceKind","Source"
"android/README.md","4","file scope","Granny","Legacy model resource/instance API consumption or dependency declaration","J","Keep/update documented tooling or build boundary","build/tool/documentation","assets, gameplay, audio, Python, Granny or SpeedTree dependency. The Android sources,"
"buildtool/PlatformTargetAudit.cmake","15","file scope","Granny","Build linkage, source-target ownership or platform boundary configuration","J","Keep/update documented tooling or build boundary","build/tool/documentation","foreach(forbidden UserInterface M2Platform M2PlatformWindowsFeatures WindowsInput WebView Granny SpeedTree Python"
"CMakeLists.txt","80","file scope","BUILDING_GRANNY_STATIC;GRANNY_THREADED","Build linkage, source-target ownership or platform boundary configuration","J","Keep/update documented tooling or build boundary","build/tool/documentation","USE_LOD DUNGEON_WORK BUILDING_GRANNY_STATIC GRANNY_THREADED Py_NO_ENABLE_SHARED"
"extern/library/Granny/CMakeLists.txt","1","file scope","Granny","Build linkage, source-target ownership or platform boundary configuration","J","Keep/update documented tooling or build boundary","build/tool/documentation","add_library(Granny STATIC IMPORTED GLOBAL)"
"extern/library/Granny/CMakeLists.txt","3","file scope","Granny","Build linkage, source-target ownership or platform boundary configuration","J","Keep/update documented tooling or build boundary","build/tool/documentation","set_target_properties(Granny PROPERTIES"
"extern/library/Granny/CMakeLists.txt","5","file scope","granny2","Build linkage, source-target ownership or platform boundary configuration","J","Keep/update documented tooling or build boundary","build/tool/documentation","IMPORTED_LOCATION ""${CMAKE_CURRENT_LIST_DIR}/granny2_static.lib"""
"src/CMakeLists.txt","7","file scope","EterGrnLib","Build linkage, source-target ownership or platform boundary configuration","J","Keep/update documented tooling or build boundary","build/tool/documentation","add_subdirectory(EterGrnLib)"
"src/EterGrnLib/CMakeLists.txt","3","file scope","EterGrnLib","Build linkage, source-target ownership or platform boundary configuration","J","Keep/update documented tooling or build boundary","build/tool/documentation","add_library(EterGrnLib STATIC ${FILE_SOURCES})"
"src/EterGrnLib/CMakeLists.txt","5","file scope","EterGrnLib","Build linkage, source-target ownership or platform boundary configuration","J","Keep/update documented tooling or build boundary","build/tool/documentation","target_link_libraries(EterGrnLib"
"src/EterGrnLib/CMakeLists.txt","9","file scope","EterGrnLib","Build linkage, source-target ownership or platform boundary configuration","J","Keep/update documented tooling or build boundary","build/tool/documentation","GroupSourcesByFolder(EterGrnLib)"
"src/EterGrnLib/Deform.cpp","32","file scope","granny_uint8","Native CPU reference/fallback SSE deformer; mathematics remains unchanged","G","Retain explicitly named legacy CPU adapter; no math rewrite","SDK/adapter symbol","const granny_uint8 weight,"
"src/EterGrnLib/Deform.cpp","53","DeformPWNT3432toGrannyPNGBT33332D","granny_int32x","Native CPU reference/fallback SSE deformer; mathematics remains unchanged","G","Retain explicitly named legacy CPU adapter; no math rewrite","SDK/adapter symbol","void DeformPWNT3432toGrannyPNGBT33332D(granny_int32x Count, void const* SourceInit, void* DestInit,"
"src/EterGrnLib/Deform.cpp","54","DeformPWNT3432toGrannyPNGBT33332D","granny_matrix_4x4","Native CPU reference/fallback SSE deformer; mathematics remains unchanged","G","Retain explicitly named legacy CPU adapter; no math rewrite","SDK/adapter symbol","granny_matrix_4x4 const* Transforms,"
"src/EterGrnLib/Deform.cpp","55","DeformPWNT3432toGrannyPNGBT33332D","granny_int32x","Native CPU reference/fallback SSE deformer; mathematics remains unchanged","G","Retain explicitly named legacy CPU adapter; no math rewrite","SDK/adapter symbol","granny_int32x SourceStride, granny_int32x DestStride)"
"src/EterGrnLib/Deform.cpp","57","DeformPWNT3432toGrannyPNGBT33332D","granny_pwnt3432_vertex","Native CPU reference/fallback SSE deformer; mathematics remains unchanged","B","Retain explicitly named legacy CPU adapter; no math rewrite","SDK/adapter symbol","const granny_pwnt3432_vertex* src = (const granny_pwnt3432_vertex*)SourceInit;"
"src/EterGrnLib/Deform.cpp","58","DeformPWNT3432toGrannyPNGBT33332D","granny_pnt332_vertex","Native CPU reference/fallback SSE deformer; mathematics remains unchanged","B","Retain explicitly named legacy CPU adapter; no math rewrite","SDK/adapter symbol","granny_pnt332_vertex* dst = (granny_pnt332_vertex*)DestInit;"
"src/EterGrnLib/Deform.cpp","70","DeformPWNT3432toGrannyPNGBT33332D","granny_uint8","Native CPU reference/fallback SSE deformer; mathematics remains unchanged","D","Retain explicitly named legacy CPU adapter; no math rewrite","SDK/adapter symbol","const granny_uint8 w0 = src->BoneWeights[0];"
"src/EterGrnLib/Deform.cpp","71","DeformPWNT3432toGrannyPNGBT33332D","granny_uint8","Native CPU reference/fallback SSE deformer; mathematics remains unchanged","D","Retain explicitly named legacy CPU adapter; no math rewrite","SDK/adapter symbol","const granny_uint8 w1 = src->BoneWeights[1];"
"src/EterGrnLib/Deform.cpp","72","DeformPWNT3432toGrannyPNGBT33332D","granny_uint8","Native CPU reference/fallback SSE deformer; mathematics remains unchanged","D","Retain explicitly named legacy CPU adapter; no math rewrite","SDK/adapter symbol","const granny_uint8 w2 = src->BoneWeights[2];"
"src/EterGrnLib/Deform.cpp","73","DeformPWNT3432toGrannyPNGBT33332D","granny_uint8","Native CPU reference/fallback SSE deformer; mathematics remains unchanged","D","Retain explicitly named legacy CPU adapter; no math rewrite","SDK/adapter symbol","const granny_uint8 w3 = src->BoneWeights[3];"
"src/EterGrnLib/Deform.cpp","114","DeformPWNT3432toGrannyPNGBT33332D","granny_pwnt3432_vertex;granny_uint8","Native CPU reference/fallback SSE deformer; mathematics remains unchanged","B","Retain explicitly named legacy CPU adapter; no math rewrite","SDK/adapter symbol","src = (const granny_pwnt3432_vertex*)((const granny_uint8*)src + SourceStride);"
"src/EterGrnLib/Deform.cpp","115","DeformPWNT3432toGrannyPNGBT33332D","granny_pnt332_vertex;granny_uint8","Native CPU reference/fallback SSE deformer; mathematics remains unchanged","B","Retain explicitly named legacy CPU adapter; no math rewrite","SDK/adapter symbol","dst = (granny_pnt332_vertex*)((granny_uint8*)dst + DestStride);"
"src/EterGrnLib/Deform.cpp","119","DeformPWNT3432toGrannyPNGBT33332I","granny_int32x","Native CPU reference/fallback SSE deformer; mathematics remains unchanged","G","Retain explicitly named legacy CPU adapter; no math rewrite","SDK/adapter symbol","void DeformPWNT3432toGrannyPNGBT33332I(granny_int32x Count, void const* SourceInit, void* DestInit,"
"src/EterGrnLib/Deform.cpp","120","DeformPWNT3432toGrannyPNGBT33332I","granny_int32x;granny_matrix_4x4","Native CPU reference/fallback SSE deformer; mathematics remains unchanged","G","Retain explicitly named legacy CPU adapter; no math rewrite","SDK/adapter symbol","granny_int32x const* TransformTable, granny_matrix_4x4 const* Transforms,"
"src/EterGrnLib/Deform.cpp","121","DeformPWNT3432toGrannyPNGBT33332I","granny_int32x","Native CPU reference/fallback SSE deformer; mathematics remains unchanged","G","Retain explicitly named legacy CPU adapter; no math rewrite","SDK/adapter symbol","granny_int32x SourceStride, granny_int32x DestStride)"
"src/EterGrnLib/Deform.cpp","123","DeformPWNT3432toGrannyPNGBT33332I","granny_pwnt3432_vertex","Native CPU reference/fallback SSE deformer; mathematics remains unchanged","B","Retain explicitly named legacy CPU adapter; no math rewrite","SDK/adapter symbol","const granny_pwnt3432_vertex* src = (const granny_pwnt3432_vertex*)SourceInit;"
"src/EterGrnLib/Deform.cpp","124","DeformPWNT3432toGrannyPNGBT33332I","granny_pnt332_vertex","Native CPU reference/fallback SSE deformer; mathematics remains unchanged","B","Retain explicitly named legacy CPU adapter; no math rewrite","SDK/adapter symbol","granny_pnt332_vertex* dst = (granny_pnt332_vertex*)DestInit;"
"src/EterGrnLib/Deform.cpp","136","DeformPWNT3432toGrannyPNGBT33332I","granny_uint8","Native CPU reference/fallback SSE deformer; mathematics remains unchanged","D","Retain explicitly named legacy CPU adapter; no math rewrite","SDK/adapter symbol","const granny_uint8 w0 = src->BoneWeights[0];"
"src/EterGrnLib/Deform.cpp","137","DeformPWNT3432toGrannyPNGBT33332I","granny_uint8","Native CPU reference/fallback SSE deformer; mathematics remains unchanged","D","Retain explicitly named legacy CPU adapter; no math rewrite","SDK/adapter symbol","const granny_uint8 w1 = src->BoneWeights[1];"
"src/EterGrnLib/Deform.cpp","138","DeformPWNT3432toGrannyPNGBT33332I","granny_uint8","Native CPU reference/fallback SSE deformer; mathematics remains unchanged","D","Retain explicitly named legacy CPU adapter; no math rewrite","SDK/adapter symbol","const granny_uint8 w2 = src->BoneWeights[2];"
"src/EterGrnLib/Deform.cpp","139","DeformPWNT3432toGrannyPNGBT33332I","granny_uint8","Native CPU reference/fallback SSE deformer; mathematics remains unchanged","D","Retain explicitly named legacy CPU adapter; no math rewrite","SDK/adapter symbol","const granny_uint8 w3 = src->BoneWeights[3];"
"src/EterGrnLib/Deform.cpp","185","DeformPWNT3432toGrannyPNGBT33332I","granny_pwnt3432_vertex;granny_uint8","Native CPU reference/fallback SSE deformer; mathematics remains unchanged","B","Retain explicitly named legacy CPU adapter; no math rewrite","SDK/adapter symbol","src = (const granny_pwnt3432_vertex*)((const granny_uint8*)src + SourceStride);"
"src/EterGrnLib/Deform.cpp","186","DeformPWNT3432toGrannyPNGBT33332I","granny_pnt332_vertex;granny_uint8","Native CPU reference/fallback SSE deformer; mathematics remains unchanged","B","Retain explicitly named legacy CPU adapter; no math rewrite","SDK/adapter symbol","dst = (granny_pnt332_vertex*)((granny_uint8*)dst + DestStride);"
"src/EterGrnLib/Deform.cpp","190","DeformPWNT3432toGrannyPNGBT33332","granny_int32x","Native CPU reference/fallback SSE deformer; mathematics remains unchanged","G","Retain explicitly named legacy CPU adapter; no math rewrite","SDK/adapter symbol","void DeformPWNT3432toGrannyPNGBT33332(granny_int32x Count, void const* SourceInit, void* DestInit,"
"src/EterGrnLib/Deform.cpp","191","DeformPWNT3432toGrannyPNGBT33332","granny_int32x;granny_matrix_4x4","Native CPU reference/fallback SSE deformer; mathematics remains unchanged","G","Retain explicitly named legacy CPU adapter; no math rewrite","SDK/adapter symbol","granny_int32x const* TransformTable, granny_matrix_4x4 const* Transforms,"
"src/EterGrnLib/Deform.cpp","192","DeformPWNT3432toGrannyPNGBT33332","granny_int32x","Native CPU reference/fallback SSE deformer; mathematics remains unchanged","G","Retain explicitly named legacy CPU adapter; no math rewrite","SDK/adapter symbol","granny_int32x SourceStride, granny_int32x DestStride)"
"src/EterGrnLib/Deform.h","2","file scope","granny.h","Native CPU reference/fallback SSE deformer; mathematics remains unchanged","G","Retain explicitly named legacy CPU adapter; no math rewrite","include","#include <granny.h>"
"src/EterGrnLib/Deform.h","4","DeformPWNT3432toGrannyPNGBT33332","granny_int32x","Native CPU reference/fallback SSE deformer; mathematics remains unchanged","G","Retain explicitly named legacy CPU adapter; no math rewrite","SDK/adapter symbol","void DeformPWNT3432toGrannyPNGBT33332(granny_int32x Count, void const* SourceInit, void* DestInit,"
"src/EterGrnLib/Deform.h","5","DeformPWNT3432toGrannyPNGBT33332","granny_int32x;granny_matrix_4x4","Native CPU reference/fallback SSE deformer; mathematics remains unchanged","G","Retain explicitly named legacy CPU adapter; no math rewrite","SDK/adapter symbol","granny_int32x const* TransformTable, granny_matrix_4x4 const* Transforms,"
"src/EterGrnLib/Deform.h","6","DeformPWNT3432toGrannyPNGBT33332","granny_int32x","Native CPU reference/fallback SSE deformer; mathematics remains unchanged","G","Retain explicitly named legacy CPU adapter; no math rewrite","SDK/adapter symbol","granny_int32x SourceStride, granny_int32x DestStride);"
"src/EterGrnLib/LODController.cpp","109","GrannyCreateSharedDeformBuffer","GrannyCreateSharedDeformBuffer","Actor LOD swapping and linked skeleton/Hair remap preservation","G;H","Consume neutral runtime metadata/pose/attachment API; retain only justified legacy interop","SDK/adapter symbol","void GrannyCreateSharedDeformBuffer()"
"src/EterGrnLib/LODController.cpp","118","GrannyDestroySharedDeformBuffer","GrannyDestroySharedDeformBuffer","Actor LOD swapping and linked skeleton/Hair remap preservation","G;H","Consume neutral runtime metadata/pose/attachment API; retain only justified legacy interop","SDK/adapter symbol","void GrannyDestroySharedDeformBuffer()"
"src/EterGrnLib/LODController.cpp","121","GrannyDestroySharedDeformBuffer","granny_shared_vbs","Actor LOD swapping and linked skeleton/Hair remap preservation","H","Consume neutral runtime metadata/pose/attachment API; retain only justified legacy interop","SDK/adapter symbol","TraceError(""granny_shared_vbs:"");"
"src/EterGrnLib/LODController.cpp","142","CGrannyLODController::SetMinLODMode","CGrannyLODController","Actor LOD swapping and linked skeleton/Hair remap preservation","E;H","Consume neutral runtime metadata/pose/attachment API; retain only justified legacy interop","legacy wrapper","void CGrannyLODController::SetMinLODMode(bool isEnable)"
"src/EterGrnLib/LODController.cpp","147","CGrannyLODController::SetMaterialImagePointer","CGrannyLODController","Actor LOD swapping and linked skeleton/Hair remap preservation","C;E;H","Consume neutral runtime metadata/pose/attachment API; retain only justified legacy interop","legacy wrapper","void CGrannyLODController::SetMaterialImagePointer(const char* c_szImageName, CGraphicImage* pImage)"
"src/EterGrnLib/LODController.cpp","149","CGrannyLODController::SetMaterialImagePointer","CGrannyModelInstance","Actor LOD swapping and linked skeleton/Hair remap preservation","H","Consume neutral runtime metadata/pose/attachment API; retain only justified legacy interop","legacy wrapper","std::deque<CGrannyModelInstance *>::iterator i;"
"src/EterGrnLib/LODController.cpp","152","CGrannyLODController::SetMaterialImagePointer","CGrannyModelInstance","Actor LOD swapping and linked skeleton/Hair remap preservation","H","Consume neutral runtime metadata/pose/attachment API; retain only justified legacy interop","legacy wrapper","CGrannyModelInstance* pkModelInst=(*i);"
"src/EterGrnLib/LODController.cpp","157","CGrannyLODController::SetMaterialData","CGrannyLODController","Actor LOD swapping and linked skeleton/Hair remap preservation","C;E;H","Consume neutral runtime metadata/pose/attachment API; retain only justified legacy interop","legacy wrapper","void CGrannyLODController::SetMaterialData(const char* c_szImageName, const SMaterialData& c_rkMaterialData)"
"src/EterGrnLib/LODController.cpp","159","CGrannyLODController::SetMaterialData","CGrannyModelInstance","Actor LOD swapping and linked skeleton/Hair remap preservation","H","Consume neutral runtime metadata/pose/attachment API; retain only justified legacy interop","legacy wrapper","std::deque<CGrannyModelInstance *>::iterator i;"
"src/EterGrnLib/LODController.cpp","162","CGrannyLODController::SetMaterialData","CGrannyModelInstance","Actor LOD swapping and linked skeleton/Hair remap preservation","H","Consume neutral runtime metadata/pose/attachment API; retain only justified legacy interop","legacy wrapper","CGrannyModelInstance* pkModelInst=(*i);"
"src/EterGrnLib/LODController.cpp","167","CGrannyLODController::SetSpecularInfo","CGrannyLODController","Actor LOD swapping and linked skeleton/Hair remap preservation","E;H","Consume neutral runtime metadata/pose/attachment API; retain only justified legacy interop","legacy wrapper","void CGrannyLODController::SetSpecularInfo(const char* c_szMtrlName, BOOL bEnable, float fPower)"
"src/EterGrnLib/LODController.cpp","169","CGrannyLODController::SetSpecularInfo","CGrannyModelInstance","Actor LOD swapping and linked skeleton/Hair remap preservation","H","Consume neutral runtime metadata/pose/attachment API; retain only justified legacy interop","legacy wrapper","std::deque<CGrannyModelInstance *>::iterator i;"
"src/EterGrnLib/LODController.cpp","172","CGrannyLODController::SetSpecularInfo","CGrannyModelInstance","Actor LOD swapping and linked skeleton/Hair remap preservation","H","Consume neutral runtime metadata/pose/attachment API; retain only justified legacy interop","legacy wrapper","CGrannyModelInstance* pkModelInst=(*i);"
"src/EterGrnLib/LODController.cpp","177","CGrannyLODController::CGrannyLODController","CGrannyLODController","Actor LOD swapping and linked skeleton/Hair remap preservation","E;H","Consume neutral runtime metadata/pose/attachment API; retain only justified legacy interop","legacy wrapper","CGrannyLODController::CGrannyLODController() :"
"src/EterGrnLib/LODController.cpp","182","CGrannyLODController::CGrannyLODController","CGrannyModelInstance","Actor LOD swapping and linked skeleton/Hair remap preservation","H","Consume neutral runtime metadata/pose/attachment API; retain only justified legacy interop","legacy wrapper","m_dwLODAniFPS(CGrannyModelInstance::ANIFPS_MAX),"
"src/EterGrnLib/LODController.cpp","188","CGrannyLODController::~CGrannyLODController","CGrannyLODController","Actor LOD swapping and linked skeleton/Hair remap preservation","E;H","Consume neutral runtime metadata/pose/attachment API; retain only justified legacy interop","legacy wrapper","CGrannyLODController::~CGrannyLODController()"
"src/EterGrnLib/LODController.cpp","195","CGrannyLODController::Clear","CGrannyLODController","Actor LOD swapping and linked skeleton/Hair remap preservation","E;H","Consume neutral runtime metadata/pose/attachment API; retain only justified legacy interop","legacy wrapper","void CGrannyLODController::Clear()"
"src/EterGrnLib/LODController.cpp","205","std::for_each","CGrannyModelInstance","Actor LOD swapping and linked skeleton/Hair remap preservation","H","Consume neutral runtime metadata/pose/attachment API; retain only justified legacy interop","legacy wrapper","std::for_each(m_que_pkModelInst.begin(), m_que_pkModelInst.end(), CGrannyModelInstance::Delete);"
"src/EterGrnLib/LODController.cpp","218","CGrannyLODController::AddModel","CGrannyLODController","Actor LOD swapping and linked skeleton/Hair remap preservation","A;E;H","Consume neutral runtime metadata/pose/attachment API; retain only justified legacy interop","legacy wrapper","void CGrannyLODController::AddModel(CGraphicThing * pThing, int iSrcModel, CGrannyLODController * pSkelLODController)"
"src/EterGrnLib/LODController.cpp","238","CGrannyLODController::AddModel","CGrannyModel","Actor LOD swapping and linked skeleton/Hair remap preservation","H","Consume neutral runtime metadata/pose/attachment API; retain only justified legacy interop","legacy wrapper","CGrannyModel * pModel = pThing->GetModelPointer(iSrcModel);"
"src/EterGrnLib/LODController.cpp","245","CGrannyLODController::AddModel","CGrannyModelInstance","Actor LOD swapping and linked skeleton/Hair remap preservation","H","Consume neutral runtime metadata/pose/attachment API; retain only justified legacy interop","legacy wrapper","CGrannyModelInstance * pModelInstance = CGrannyModelInstance::New();"
"src/EterGrnLib/LODController.cpp","294","CGrannyLODController::__ReserveSharedDeformableVertexBuffer","CGrannyLODController","Actor LOD swapping and linked skeleton/Hair remap preservation","B;E;G;H","Consume neutral runtime metadata/pose/attachment API; retain only justified legacy interop","legacy wrapper","void CGrannyLODController::__ReserveSharedDeformableVertexBuffer(DWORD deformableVertexCount)"
"src/EterGrnLib/LODController.cpp","305","CGrannyLODController::AttachModelInstance","CGrannyLODController","Actor LOD swapping and linked skeleton/Hair remap preservation","D;E;H","Consume neutral runtime metadata/pose/attachment API; retain only justified legacy interop","legacy wrapper","void CGrannyLODController::AttachModelInstance(CGrannyLODController * pSrcLODController, const char * c_szBoneName)"
"src/EterGrnLib/LODController.cpp","307","CGrannyLODController::AttachModelInstance","CGrannyModelInstance","Actor LOD swapping and linked skeleton/Hair remap preservation","E;H","Consume neutral runtime metadata/pose/attachment API; retain only justified legacy interop","legacy wrapper","CGrannyModelInstance * pSrcInstance = pSrcLODController->GetModelInstance();"
"src/EterGrnLib/LODController.cpp","311","CGrannyLODController::AttachModelInstance","CGrannyModelInstance","Actor LOD swapping and linked skeleton/Hair remap preservation","H","Consume neutral runtime metadata/pose/attachment API; retain only justified legacy interop","legacy wrapper","CGrannyModelInstance * pDestInstance = GetModelInstance();"
"src/EterGrnLib/LODController.cpp","344","CGrannyLODController::DetachModelInstance","CGrannyLODController","Actor LOD swapping and linked skeleton/Hair remap preservation","E;H","Consume neutral runtime metadata/pose/attachment API; retain only justified legacy interop","legacy wrapper","void CGrannyLODController::DetachModelInstance(CGrannyLODController * pSrcLODController)"
"src/EterGrnLib/LODController.cpp","346","CGrannyLODController::DetachModelInstance","CGrannyModelInstance","Actor LOD swapping and linked skeleton/Hair remap preservation","E;H","Consume neutral runtime metadata/pose/attachment API; retain only justified legacy interop","legacy wrapper","CGrannyModelInstance * pSrcInstance = pSrcLODController->GetModelInstance();"
"src/EterGrnLib/LODController.cpp","350","CGrannyLODController::DetachModelInstance","CGrannyModelInstance","Actor LOD swapping and linked skeleton/Hair remap preservation","H","Consume neutral runtime metadata/pose/attachment API; retain only justified legacy interop","legacy wrapper","CGrannyModelInstance * pDestInstance = GetModelInstance();"
"src/EterGrnLib/LODController.cpp","378","CGrannyLODController::SetLODLimits","CGrannyLODController","Actor LOD swapping and linked skeleton/Hair remap preservation","E;H","Consume neutral runtime metadata/pose/attachment API; retain only justified legacy interop","legacy wrapper","void CGrannyLODController::SetLODLimits(float /*fNearLOD*/, float fFarLOD)"
"src/EterGrnLib/LODController.cpp","383","CGrannyLODController::SetLODLevel","CGrannyLODController","Actor LOD swapping and linked skeleton/Hair remap preservation","E;H","Consume neutral runtime metadata/pose/attachment API; retain only justified legacy interop","legacy wrapper","void CGrannyLODController::SetLODLevel(BYTE bLodLevel)"
"src/EterGrnLib/LODController.cpp","391","CGrannyLODController::CreateDeviceObjects","CGrannyLODController","Actor LOD swapping and linked skeleton/Hair remap preservation","E;H","Consume neutral runtime metadata/pose/attachment API; retain only justified legacy interop","legacy wrapper","void CGrannyLODController::CreateDeviceObjects()"
"src/EterGrnLib/LODController.cpp","395","CGrannyModelInstance::FCreateDeviceObjects","CGrannyModelInstance","Actor LOD swapping and linked skeleton/Hair remap preservation","H","Consume neutral runtime metadata/pose/attachment API; retain only justified legacy interop","legacy wrapper","CGrannyModelInstance::FCreateDeviceObjects());"
"src/EterGrnLib/LODController.cpp","398","CGrannyLODController::DestroyDeviceObjects","CGrannyLODController","Actor LOD swapping and linked skeleton/Hair remap preservation","E;H","Consume neutral runtime metadata/pose/attachment API; retain only justified legacy interop","legacy wrapper","void CGrannyLODController::DestroyDeviceObjects()"
"src/EterGrnLib/LODController.cpp","402","CGrannyModelInstance::FDestroyDeviceObjects","CGrannyModelInstance","Actor LOD swapping and linked skeleton/Hair remap preservation","H","Consume neutral runtime metadata/pose/attachment API; retain only justified legacy interop","legacy wrapper","CGrannyModelInstance::FDestroyDeviceObjects());"
"src/EterGrnLib/LODController.cpp","405","CGrannyLODController::RenderWithOneTexture","CGrannyLODController","Actor LOD swapping and linked skeleton/Hair remap preservation","C;E;H","Consume neutral runtime metadata/pose/attachment API; retain only justified legacy interop","legacy wrapper","void CGrannyLODController::RenderWithOneTexture()"
"src/EterGrnLib/LODController.cpp","428","CGrannyLODController::BlendRenderWithOneTexture","CGrannyLODController","Actor LOD swapping and linked skeleton/Hair remap preservation","C;E;H","Consume neutral runtime metadata/pose/attachment API; retain only justified legacy interop","legacy wrapper","void CGrannyLODController::BlendRenderWithOneTexture()"
"src/EterGrnLib/LODController.cpp","434","CGrannyLODController::RenderWithTwoTexture","CGrannyLODController","Actor LOD swapping and linked skeleton/Hair remap preservation","C;E;H","Consume neutral runtime metadata/pose/attachment API; retain only justified legacy interop","legacy wrapper","void CGrannyLODController::RenderWithTwoTexture()"
"src/EterGrnLib/LODController.cpp","440","CGrannyLODController::BlendRenderWithTwoTexture","CGrannyLODController","Actor LOD swapping and linked skeleton/Hair remap preservation","C;E;H","Consume neutral runtime metadata/pose/attachment API; retain only justified legacy interop","legacy wrapper","void CGrannyLODController::BlendRenderWithTwoTexture()"
"src/EterGrnLib/LODController.cpp","446","CGrannyLODController::Update","CGrannyLODController","Actor LOD swapping and linked skeleton/Hair remap preservation","E;H","Consume neutral runtime metadata/pose/attachment API; retain only justified legacy interop","legacy wrapper","void CGrannyLODController::Update(float fElapsedTime, float fDistanceFromCenter, float fDistanceFromCamera)"
"src/EterGrnLib/LODController.cpp","452","CGrannyLODController::UpdateLODLevel","CGrannyLODController","Actor LOD swapping and linked skeleton/Hair remap preservation","E;H","Consume neutral runtime metadata/pose/attachment API; retain only justified legacy interop","legacy wrapper","void CGrannyLODController::UpdateLODLevel(float fDistanceFromCenter, float fDistanceFromCamera)"
"src/EterGrnLib/LODController.cpp","470","CGrannyLODController::UpdateLODLevel","CGrannyModelInstance","Actor LOD swapping and linked skeleton/Hair remap preservation","H","Consume neutral runtime metadata/pose/attachment API; retain only justified legacy interop","legacy wrapper","m_dwLODAniFPS = (DWORD) ((CGrannyModelInstance::ANIFPS_MAX - CGrannyModelInstance::ANIFPS_MIN) * fLODFactor / m_fLODDistance + static_cast<float>(CGrannyModelInstance::ANIFPS_MIN));"
"src/EterGrnLib/LODController.cpp","472","CGrannyLODController::UpdateLODLevel","CGrannyModelInstance","Actor LOD swapping and linked skeleton/Hair remap preservation","H","Consume neutral runtime metadata/pose/attachment API; retain only justified legacy interop","legacy wrapper","m_dwLODAniFPS = CGrannyModelInstance::ANIFPS_MIN;"
"src/EterGrnLib/LODController.cpp","515","CGrannyLODController::UpdateLODLevel","CGrannyModelInstance","Actor LOD swapping and linked skeleton/Hair remap preservation","H","Consume neutral runtime metadata/pose/attachment API; retain only justified legacy interop","legacy wrapper","m_dwLODAniFPS=CGrannyModelInstance::ANIFPS_MAX;"
"src/EterGrnLib/LODController.cpp","527","CGrannyLODController::UpdateTime","CGrannyLODController","Actor LOD swapping and linked skeleton/Hair remap preservation","E;H","Consume neutral runtime metadata/pose/attachment API; retain only justified legacy interop","legacy wrapper","void CGrannyLODController::UpdateTime(float fElapsedTime)"
"src/EterGrnLib/LODController.cpp","556","CGrannyLODController::SetCurrentModelInstance","CGrannyLODController;CGrannyModelInstance","Actor LOD swapping and linked skeleton/Hair remap preservation","E;H","Consume neutral runtime metadata/pose/attachment API; retain only justified legacy interop","legacy wrapper","void CGrannyLODController::SetCurrentModelInstance(CGrannyModelInstance * pgrnModelInstance)"
"src/EterGrnLib/LODController.cpp","572","CGrannyLODController::RefreshAttachedModelInstance","CGrannyLODController","Actor LOD swapping and linked skeleton/Hair remap preservation","E;H","Consume neutral runtime metadata/pose/attachment API; retain only justified legacy interop","legacy wrapper","void CGrannyLODController::RefreshAttachedModelInstance()"
"src/EterGrnLib/LODController.cpp","581","CGrannyLODController::RefreshAttachedModelInstance","CGrannyModelInstance","Actor LOD swapping and linked skeleton/Hair remap preservation","E;H","Consume neutral runtime metadata/pose/attachment API; retain only justified legacy interop","legacy wrapper","CGrannyModelInstance * pSrcInstance = rModelData.pkLODController->GetModelInstance();"
"src/EterGrnLib/LODController.cpp","584","CGrannyLODController::RefreshAttachedModelInstance","CGrannyLODController","Actor LOD swapping and linked skeleton/Hair remap preservation","E;H","Consume neutral runtime metadata/pose/attachment API; retain only justified legacy interop","legacy wrapper","Tracenf(""CGrannyLODController::RefreshAttachedModelInstance : m_AttachedModelDataVector[%d]->pkLODController->GetModelIntance()==NULL"", i);"
"src/EterGrnLib/LODController.cpp","592","CGrannyLODController::UpdateSkeleton","CGrannyLODController","Actor LOD swapping and linked skeleton/Hair remap preservation","D;E;H","Consume neutral runtime metadata/pose/attachment API; retain only justified legacy interop","legacy wrapper","void CGrannyLODController::UpdateSkeleton(const Math::Matrix * c_pWorldMatrix, float fElapsedTime)"
"src/EterGrnLib/LODController.cpp","598","CGrannyLODController::DeformAll","CGrannyLODController","Actor LOD swapping and linked skeleton/Hair remap preservation","E;G;H","Consume neutral runtime metadata/pose/attachment API; retain only justified legacy interop","legacy wrapper","void CGrannyLODController::DeformAll(const Math::Matrix * c_pWorldMatrix)"
"src/EterGrnLib/LODController.cpp","600","CGrannyLODController::DeformAll","CGrannyModelInstance","Actor LOD swapping and linked skeleton/Hair remap preservation","H","Consume neutral runtime metadata/pose/attachment API; retain only justified legacy interop","legacy wrapper","std::deque<CGrannyModelInstance *>::iterator i;"
"src/EterGrnLib/LODController.cpp","603","CGrannyLODController::DeformAll","CGrannyModelInstance","Actor LOD swapping and linked skeleton/Hair remap preservation","H","Consume neutral runtime metadata/pose/attachment API; retain only justified legacy interop","legacy wrapper","CGrannyModelInstance* pkModelInst=(*i);"
"src/EterGrnLib/LODController.cpp","608","CGrannyLODController::DeformNoSkin","CGrannyLODController","Actor LOD swapping and linked skeleton/Hair remap preservation","E;G;H","Consume neutral runtime metadata/pose/attachment API; retain only justified legacy interop","legacy wrapper","void CGrannyLODController::DeformNoSkin(const Math::Matrix * c_pWorldMatrix)"
"src/EterGrnLib/LODController.cpp","614","CGrannyLODController::Deform","CGrannyLODController","Actor LOD swapping and linked skeleton/Hair remap preservation","E;G;H","Consume neutral runtime metadata/pose/attachment API; retain only justified legacy interop","legacy wrapper","void CGrannyLODController::Deform(const Math::Matrix * c_pWorldMatrix)"
"src/EterGrnLib/LODController.cpp","620","CGrannyLODController::RenderToShadowMap","CGrannyLODController","Actor LOD swapping and linked skeleton/Hair remap preservation","E;H","Consume neutral runtime metadata/pose/attachment API; retain only justified legacy interop","legacy wrapper","void CGrannyLODController::RenderToShadowMap()"
"src/EterGrnLib/LODController.cpp","626","CGrannyLODController::RenderShadow","CGrannyLODController","Actor LOD swapping and linked skeleton/Hair remap preservation","E;H","Consume neutral runtime metadata/pose/attachment API; retain only justified legacy interop","legacy wrapper","void CGrannyLODController::RenderShadow()"
"src/EterGrnLib/LODController.cpp","632","CGrannyLODController::ReloadTexture","CGrannyLODController","Actor LOD swapping and linked skeleton/Hair remap preservation","C;E;H","Consume neutral runtime metadata/pose/attachment API; retain only justified legacy interop","legacy wrapper","void CGrannyLODController::ReloadTexture()"
"src/EterGrnLib/LODController.cpp","638","CGrannyLODController::GetBoundBox","CGrannyLODController","Actor LOD swapping and linked skeleton/Hair remap preservation","E;H","Consume neutral runtime metadata/pose/attachment API; retain only justified legacy interop","legacy wrapper","void CGrannyLODController::GetBoundBox(Math::Vector3 * vtMin, Math::Vector3 * vtMax)"
"src/EterGrnLib/LODController.cpp","644","CGrannyLODController::Intersect","CGrannyLODController","Actor LOD swapping and linked skeleton/Hair remap preservation","E;H","Consume neutral runtime metadata/pose/attachment API; retain only justified legacy interop","legacy wrapper","bool CGrannyLODController::Intersect(const Math::Matrix * c_pMatrix, float * u, float * v, float * t)"
"src/EterGrnLib/LODController.cpp","651","CGrannyLODController::SetLocalTime","CGrannyLODController","Actor LOD swapping and linked skeleton/Hair remap preservation","E;H","Consume neutral runtime metadata/pose/attachment API; retain only justified legacy interop","legacy wrapper","void CGrannyLODController::SetLocalTime(float fLocalTime)"
"src/EterGrnLib/LODController.cpp","657","CGrannyLODController::ResetLocalTime","CGrannyLODController","Actor LOD swapping and linked skeleton/Hair remap preservation","E;H","Consume neutral runtime metadata/pose/attachment API; retain only justified legacy interop","legacy wrapper","void CGrannyLODController::ResetLocalTime()"
"src/EterGrnLib/LODController.cpp","663","CGrannyLODController::SetMotionPointer","CGrannyLODController;CGrannyMotion","Actor LOD swapping and linked skeleton/Hair remap preservation","E;H","Consume neutral runtime metadata/pose/attachment API; retain only justified legacy interop","legacy wrapper","void CGrannyLODController::SetMotionPointer(const CGrannyMotion * c_pMotion, float fBlendTime, int iLoopCount, float speedRatio)"
"src/EterGrnLib/LODController.cpp","669","CGrannyLODController::ChangeMotionPointer","CGrannyLODController;CGrannyMotion","Actor LOD swapping and linked skeleton/Hair remap preservation","E;H","Consume neutral runtime metadata/pose/attachment API; retain only justified legacy interop","legacy wrapper","void CGrannyLODController::ChangeMotionPointer(const CGrannyMotion * c_pMotion, int iLoopCount, float speedRatio)"
"src/EterGrnLib/LODController.cpp","675","CGrannyLODController::SetMotionAtEnd","CGrannyLODController","Actor LOD swapping and linked skeleton/Hair remap preservation","E;H","Consume neutral runtime metadata/pose/attachment API; retain only justified legacy interop","legacy wrapper","void CGrannyLODController::SetMotionAtEnd()"
"src/EterGrnLib/LODController.cpp","681","CGrannyLODController::isModelInstance","CGrannyLODController","Actor LOD swapping and linked skeleton/Hair remap preservation","E;H","Consume neutral runtime metadata/pose/attachment API; retain only justified legacy interop","legacy wrapper","BOOL CGrannyLODController::isModelInstance()"
"src/EterGrnLib/LODController.cpp","689","CGrannyLODController::GetModelInstance","CGrannyLODController;CGrannyModelInstance","Actor LOD swapping and linked skeleton/Hair remap preservation","E;H","Consume neutral runtime metadata/pose/attachment API; retain only justified legacy interop","legacy wrapper","CGrannyModelInstance * CGrannyLODController::GetModelInstance()"
"src/EterGrnLib/LODController.h","9","CGrannyLODController","CGrannyLODController","Actor LOD swapping and linked skeleton/Hair remap preservation","E;H","Consume neutral runtime metadata/pose/attachment API; retain only justified legacy interop","legacy wrapper","class CGrannyLODController : public CGraphicBase"
"src/EterGrnLib/LODController.h","18","FSetLocalTime::operator","CGrannyLODController","Actor LOD swapping and linked skeleton/Hair remap preservation","E;H","Consume neutral runtime metadata/pose/attachment API; retain only justified legacy interop","legacy wrapper","void operator() (CGrannyLODController * pController)"
"src/EterGrnLib/LODController.h","28","FUpdateTime::operator","CGrannyLODController","Actor LOD swapping and linked skeleton/Hair remap preservation","E;H","Consume neutral runtime metadata/pose/attachment API; retain only justified legacy interop","legacy wrapper","void operator() (CGrannyLODController * pController)"
"src/EterGrnLib/LODController.h","40","FUpdateLODLevel::operator","CGrannyLODController","Actor LOD swapping and linked skeleton/Hair remap preservation","E;H","Consume neutral runtime metadata/pose/attachment API; retain only justified legacy interop","legacy wrapper","void operator() (CGrannyLODController * pController)"
"src/EterGrnLib/LODController.h","49","FRenderWithOneTexture::operator","CGrannyLODController","Actor LOD swapping and linked skeleton/Hair remap preservation","E;H","Consume neutral runtime metadata/pose/attachment API; retain only justified legacy interop","legacy wrapper","void operator() (CGrannyLODController * pController)"
"src/EterGrnLib/LODController.h","58","FBlendRenderWithOneTexture::operator","CGrannyLODController","Actor LOD swapping and linked skeleton/Hair remap preservation","E;H","Consume neutral runtime metadata/pose/attachment API; retain only justified legacy interop","legacy wrapper","void operator() (CGrannyLODController * pController)"
"src/EterGrnLib/LODController.h","67","FRenderWithTwoTexture::operator","CGrannyLODController","Actor LOD swapping and linked skeleton/Hair remap preservation","E;H","Consume neutral runtime metadata/pose/attachment API; retain only justified legacy interop","legacy wrapper","void operator() (CGrannyLODController * pController)"
"src/EterGrnLib/LODController.h","76","FBlendRenderWithTwoTexture::operator","CGrannyLODController","Actor LOD swapping and linked skeleton/Hair remap preservation","E;H","Consume neutral runtime metadata/pose/attachment API; retain only justified legacy interop","legacy wrapper","void operator() (CGrannyLODController * pController)"
"src/EterGrnLib/LODController.h","85","FRenderToShadowMap::operator","CGrannyLODController","Actor LOD swapping and linked skeleton/Hair remap preservation","E;H","Consume neutral runtime metadata/pose/attachment API; retain only justified legacy interop","legacy wrapper","void operator() (CGrannyLODController * pController)"
"src/EterGrnLib/LODController.h","94","FRenderShadow::operator","CGrannyLODController","Actor LOD swapping and linked skeleton/Hair remap preservation","E;H","Consume neutral runtime metadata/pose/attachment API; retain only justified legacy interop","legacy wrapper","void operator() (CGrannyLODController * pController)"
"src/EterGrnLib/LODController.h","105","FDeform::operator","CGrannyLODController","Actor LOD swapping and linked skeleton/Hair remap preservation","E;H","Consume neutral runtime metadata/pose/attachment API; retain only justified legacy interop","legacy wrapper","void operator() (CGrannyLODController * pController)"
"src/EterGrnLib/LODController.h","115","FDeformNoSkin::operator","CGrannyLODController","Actor LOD swapping and linked skeleton/Hair remap preservation","E;H","Consume neutral runtime metadata/pose/attachment API; retain only justified legacy interop","legacy wrapper","void operator() (CGrannyLODController * pController)"
"src/EterGrnLib/LODController.h","125","FDeformAll::operator","CGrannyLODController","Actor LOD swapping and linked skeleton/Hair remap preservation","E;H","Consume neutral runtime metadata/pose/attachment API; retain only justified legacy interop","legacy wrapper","void operator() (CGrannyLODController * pController)"
"src/EterGrnLib/LODController.h","134","FCreateDeviceObjects::operator","CGrannyLODController","Actor LOD swapping and linked skeleton/Hair remap preservation","E;H","Consume neutral runtime metadata/pose/attachment API; retain only justified legacy interop","legacy wrapper","void operator() (CGrannyLODController * pController)"
"src/EterGrnLib/LODController.h","143","FDestroyDeviceObjects::operator","CGrannyLODController","Actor LOD swapping and linked skeleton/Hair remap preservation","E;H","Consume neutral runtime metadata/pose/attachment API; retain only justified legacy interop","legacy wrapper","void operator() (CGrannyLODController * pController)"
"src/EterGrnLib/LODController.h","161","FBoundBox::operator","CGrannyLODController","Actor LOD swapping and linked skeleton/Hair remap preservation","E;H","Consume neutral runtime metadata/pose/attachment API; retain only justified legacy interop","legacy wrapper","void operator() (CGrannyLODController * pController)"
"src/EterGrnLib/LODController.h","170","FResetLocalTime::operator","CGrannyLODController","Actor LOD swapping and linked skeleton/Hair remap preservation","E;H","Consume neutral runtime metadata/pose/attachment API; retain only justified legacy interop","legacy wrapper","void operator() (CGrannyLODController * pController)"
"src/EterGrnLib/LODController.h","179","FReloadTexture::operator","CGrannyLODController","Actor LOD swapping and linked skeleton/Hair remap preservation","E;H","Consume neutral runtime metadata/pose/attachment API; retain only justified legacy interop","legacy wrapper","void operator () (CGrannyLODController * pController)"
"src/EterGrnLib/LODController.h","188","FSetMotionPointer","CGrannyMotion","Actor LOD swapping and linked skeleton/Hair remap preservation","E;H","Consume neutral runtime metadata/pose/attachment API; retain only justified legacy interop","legacy wrapper","const CGrannyMotion *	m_pMotion;"
"src/EterGrnLib/LODController.h","193","FSetMotionPointer::operator","CGrannyLODController","Actor LOD swapping and linked skeleton/Hair remap preservation","E;H","Consume neutral runtime metadata/pose/attachment API; retain only justified legacy interop","legacy wrapper","void operator() (CGrannyLODController * pController)"
"src/EterGrnLib/LODController.h","202","FChangeMotionPointer","CGrannyMotion","Actor LOD swapping and linked skeleton/Hair remap preservation","E;H","Consume neutral runtime metadata/pose/attachment API; retain only justified legacy interop","legacy wrapper","const CGrannyMotion *	m_pMotion;"
"src/EterGrnLib/LODController.h","206","FChangeMotionPointer::operator","CGrannyLODController","Actor LOD swapping and linked skeleton/Hair remap preservation","E;H","Consume neutral runtime metadata/pose/attachment API; retain only justified legacy interop","legacy wrapper","void operator() (CGrannyLODController * pController)"
"src/EterGrnLib/LODController.h","215","FEndStopMotionPointer","CGrannyMotion","Actor LOD swapping and linked skeleton/Hair remap preservation","E;H","Consume neutral runtime metadata/pose/attachment API; retain only justified legacy interop","legacy wrapper","const CGrannyMotion *	m_pMotion;"
"src/EterGrnLib/LODController.h","217","FEndStopMotionPointer::operator","CGrannyLODController","Actor LOD swapping and linked skeleton/Hair remap preservation","E;H","Consume neutral runtime metadata/pose/attachment API; retain only justified legacy interop","legacy wrapper","void operator () (CGrannyLODController * pController)"
"src/EterGrnLib/LODController.h","224","FEndStopMotionPointer::operator","CGrannyLODController","Actor LOD swapping and linked skeleton/Hair remap preservation","E;H","Consume neutral runtime metadata/pose/attachment API; retain only justified legacy interop","legacy wrapper","CGrannyLODController();"
"src/EterGrnLib/LODController.h","225","FEndStopMotionPointer::operator","CGrannyLODController","Actor LOD swapping and linked skeleton/Hair remap preservation","E;H","Consume neutral runtime metadata/pose/attachment API; retain only justified legacy interop","legacy wrapper","virtual ~CGrannyLODController();"
"src/EterGrnLib/LODController.h","232","FEndStopMotionPointer::AddModel","CGrannyLODController","Actor LOD swapping and linked skeleton/Hair remap preservation","A;E;H","Consume neutral runtime metadata/pose/attachment API; retain only justified legacy interop","legacy wrapper","void	AddModel(CGraphicThing * pThing, int iSrcModel, CGrannyLODController * pSkelLODController=NULL);"
"src/EterGrnLib/LODController.h","233","FEndStopMotionPointer::AttachModelInstance","CGrannyLODController","Actor LOD swapping and linked skeleton/Hair remap preservation","D;E;H","Consume neutral runtime metadata/pose/attachment API; retain only justified legacy interop","legacy wrapper","void	AttachModelInstance(CGrannyLODController * pSrcLODController, const char * c_szBoneName);"
"src/EterGrnLib/LODController.h","234","FEndStopMotionPointer::DetachModelInstance","CGrannyLODController","Actor LOD swapping and linked skeleton/Hair remap preservation","E;H","Consume neutral runtime metadata/pose/attachment API; retain only justified legacy interop","legacy wrapper","void	DetachModelInstance(CGrannyLODController * pSrcLODController);"
"src/EterGrnLib/LODController.h","266","FEndStopMotionPointer::SetMotionPointer","CGrannyMotion","Actor LOD swapping and linked skeleton/Hair remap preservation","E;H","Consume neutral runtime metadata/pose/attachment API; retain only justified legacy interop","legacy wrapper","void	SetMotionPointer(const CGrannyMotion * c_pMotion, float fBlendTime, int iLoopCount, float speedRatio);"
"src/EterGrnLib/LODController.h","267","FEndStopMotionPointer::ChangeMotionPointer","CGrannyMotion","Actor LOD swapping and linked skeleton/Hair remap preservation","E;H","Consume neutral runtime metadata/pose/attachment API; retain only justified legacy interop","legacy wrapper","void	ChangeMotionPointer(const CGrannyMotion * c_pMotion, int iLoopCount, float speedRatio);"
"src/EterGrnLib/LODController.h","271","FEndStopMotionPointer::isModelInstance","CGrannyModelInstance","Actor LOD swapping and linked skeleton/Hair remap preservation","H","Consume neutral runtime metadata/pose/attachment API; retain only justified legacy interop","legacy wrapper","CGrannyModelInstance*	GetModelInstance();"
"src/EterGrnLib/LODController.h","275","FEndStopMotionPointer::SetCurrentModelInstance","CGrannyModelInstance","Actor LOD swapping and linked skeleton/Hair remap preservation","H","Consume neutral runtime metadata/pose/attachment API; retain only justified legacy interop","legacy wrapper","void	SetCurrentModelInstance(CGrannyModelInstance * pgrnModelInstance);"
"src/EterGrnLib/LODController.h","288","FEndStopMotionPointer::__ReserveSharedDeformableVertexBuffer","CGrannyLODController","Actor LOD swapping and linked skeleton/Hair remap preservation","E;H","Consume neutral runtime metadata/pose/attachment API; retain only justified legacy interop","legacy wrapper","CGrannyLODController *	pkLODController;"
"src/EterGrnLib/LODController.h","294","FEndStopMotionPointer::__ReserveSharedDeformableVertexBuffer","CGrannyLODController","Actor LOD swapping and linked skeleton/Hair remap preservation","E;H","Consume neutral runtime metadata/pose/attachment API; retain only justified legacy interop","legacy wrapper","CGrannyLODController *				m_pAttachedParentModel;"
"src/EterGrnLib/LODController.h","297","FEndStopMotionPointer::__ReserveSharedDeformableVertexBuffer","CGrannyModelInstance","Actor LOD swapping and linked skeleton/Hair remap preservation","H","Consume neutral runtime metadata/pose/attachment API; retain only justified legacy interop","legacy wrapper","CGrannyModelInstance *				m_pCurrentModelInstance;"
"src/EterGrnLib/LODController.h","300","FEndStopMotionPointer::__ReserveSharedDeformableVertexBuffer","CGrannyModelInstance","Actor LOD swapping and linked skeleton/Hair remap preservation","H","Consume neutral runtime metadata/pose/attachment API; retain only justified legacy interop","legacy wrapper","std::deque<CGrannyModelInstance *>	m_que_pkModelInst;"
"src/EterGrnLib/Material.cpp","9","file scope","CGrannyMaterial","Legacy material/texture translation and render stage classification","C;H","Add neutral asset view; native construction remains documented legacy adapter interop","legacy wrapper","CGraphicImageInstance CGrannyMaterial::ms_akSphereMapInstance[SPHEREMAP_NUM];"
"src/EterGrnLib/Material.cpp","11","CGrannyMaterial::ms_v3SpecularTrans","CGrannyMaterial","Legacy material/texture translation and render stage classification","C","Add neutral asset view; native construction remains documented legacy adapter interop","legacy wrapper","Math::Vector3	CGrannyMaterial::ms_v3SpecularTrans(0.0f, 0.0f, 0.0f);"
"src/EterGrnLib/Material.cpp","12","CGrannyMaterial::ms_v3SpecularTrans","CGrannyMaterial","Legacy material/texture translation and render stage classification","C","Add neutral asset view; native construction remains documented legacy adapter interop","legacy wrapper","Math::Matrix	CGrannyMaterial::ms_matSpecular;"
"src/EterGrnLib/Material.cpp","16","CGrannyMaterial::TranslateSpecularMatrix","CGrannyMaterial","Legacy material/texture translation and render stage classification","C","Add neutral asset view; native construction remains documented legacy adapter interop","legacy wrapper","void CGrannyMaterial::TranslateSpecularMatrix(float fAddX, float fAddY, float fAddZ)"
"src/EterGrnLib/Material.cpp","40","CGrannyMaterial::ApplyRenderState","CGrannyMaterial","Legacy material/texture translation and render stage classification","C","Add neutral asset view; native construction remains documented legacy adapter interop","legacy wrapper","void CGrannyMaterial::ApplyRenderState()"
"src/EterGrnLib/Material.cpp","42","CGrannyMaterial::ApplyRenderState","CGrannyMaterial","Legacy material/texture translation and render stage classification","C","Add neutral asset view; native construction remains documented legacy adapter interop","legacy wrapper","assert(m_pfnApplyRenderState!=NULL && ""CGrannyMaterial::SaveRenderState"");"
"src/EterGrnLib/Material.cpp","46","CGrannyMaterial::RestoreRenderState","CGrannyMaterial","Legacy material/texture translation and render stage classification","C","Add neutral asset view; native construction remains documented legacy adapter interop","legacy wrapper","void CGrannyMaterial::RestoreRenderState()"
"src/EterGrnLib/Material.cpp","48","CGrannyMaterial::RestoreRenderState","CGrannyMaterial","Legacy material/texture translation and render stage classification","C","Add neutral asset view; native construction remains documented legacy adapter interop","legacy wrapper","assert(m_pfnRestoreRenderState!=NULL && ""CGrannyMaterial::RestoreRenderState"");"
"src/EterGrnLib/Material.cpp","52","CGrannyMaterial::Copy","CGrannyMaterial","Legacy material/texture translation and render stage classification","C","Add neutral asset view; native construction remains documented legacy adapter interop","legacy wrapper","void CGrannyMaterial::Copy(CGrannyMaterial& rkMtrl)"
"src/EterGrnLib/Material.cpp","60","CGrannyMaterial::CGrannyMaterial","CGrannyMaterial","Legacy material/texture translation and render stage classification","C","Add neutral asset view; native construction remains documented legacy adapter interop","legacy wrapper","CGrannyMaterial::CGrannyMaterial()"
"src/EterGrnLib/Material.cpp","68","CGrannyMaterial::~CGrannyMaterial","CGrannyMaterial","Legacy material/texture translation and render stage classification","C","Add neutral asset view; native construction remains documented legacy adapter interop","legacy wrapper","CGrannyMaterial::~CGrannyMaterial()"
"src/EterGrnLib/Material.cpp","72","CGrannyMaterial::GetType","CGrannyMaterial","Legacy material/texture translation and render stage classification","C","Add neutral asset view; native construction remains documented legacy adapter interop","legacy wrapper","CGrannyMaterial::EType CGrannyMaterial::GetType() const"
"src/EterGrnLib/Material.cpp","77","CGrannyMaterial::SetImagePointer","CGrannyMaterial","Legacy material/texture translation and render stage classification","C","Add neutral asset view; native construction remains documented legacy adapter interop","legacy wrapper","void CGrannyMaterial::SetImagePointer(int iStage, CGraphicImage* pImage)"
"src/EterGrnLib/Material.cpp","79","CGrannyMaterial::SetImagePointer","CGrannyMaterial","Legacy material/texture translation and render stage classification","C","Add neutral asset view; native construction remains documented legacy adapter interop","legacy wrapper","assert(iStage<2 && ""CGrannyMaterial::SetImagePointer"");"
"src/EterGrnLib/Material.cpp","83","CGrannyMaterial::IsIn","CGrannyMaterial","Legacy material/texture translation and render stage classification","C","Add neutral asset view; native construction remains documented legacy adapter interop","legacy wrapper","bool CGrannyMaterial::IsIn(const char* c_szImageName, int* piStage)"
"src/EterGrnLib/Material.cpp","88","CFileNameHelper::StringPath","granny_texture;GrannyDiffuseColorTexture;GrannyGetMaterialTextureByType","Legacy material/texture translation and render stage classification","C","Add neutral asset view; native construction remains documented legacy adapter interop","SDK/adapter symbol","granny_texture * pgrnDiffuseTexture = GrannyGetMaterialTextureByType(m_pgrnMaterial, GrannyDiffuseColorTexture);"
"src/EterGrnLib/Material.cpp","100","CFileNameHelper::StringPath","granny_texture;GrannyGetMaterialTextureByType;GrannyOpacityTexture","Legacy material/texture translation and render stage classification","C","Add neutral asset view; native construction remains documented legacy adapter interop","SDK/adapter symbol","granny_texture * pgrnOpacityTexture = GrannyGetMaterialTextureByType(m_pgrnMaterial, GrannyOpacityTexture);"
"src/EterGrnLib/Material.cpp","115","CGrannyMaterial::SetSpecularInfo","CGrannyMaterial","Legacy material/texture translation and render stage classification","B;C;H","Add neutral asset view; native construction remains documented legacy adapter interop","legacy wrapper","void CGrannyMaterial::SetSpecularInfo(BOOL bFlag, float fPower, BYTE uSphereMapIndex)"
"src/EterGrnLib/Material.cpp","123","CGrannyMaterial::SetSpecularInfo","CGrannyMaterial","Legacy material/texture translation and render stage classification","C","Add neutral asset view; native construction remains documented legacy adapter interop","legacy wrapper","m_pfnApplyRenderState = &CGrannyMaterial::__ApplySpecularRenderState;"
"src/EterGrnLib/Material.cpp","124","CGrannyMaterial::SetSpecularInfo","CGrannyMaterial","Legacy material/texture translation and render stage classification","C","Add neutral asset view; native construction remains documented legacy adapter interop","legacy wrapper","m_pfnRestoreRenderState = &CGrannyMaterial::__RestoreSpecularRenderState;"
"src/EterGrnLib/Material.cpp","128","CGrannyMaterial::SetSpecularInfo","CGrannyMaterial","Legacy material/texture translation and render stage classification","C","Add neutral asset view; native construction remains documented legacy adapter interop","legacy wrapper","m_pfnApplyRenderState = &CGrannyMaterial::__ApplyDiffuseRenderState;"
"src/EterGrnLib/Material.cpp","129","CGrannyMaterial::SetSpecularInfo","CGrannyMaterial","Legacy material/texture translation and render stage classification","C","Add neutral asset view; native construction remains documented legacy adapter interop","legacy wrapper","m_pfnRestoreRenderState = &CGrannyMaterial::__RestoreDiffuseRenderState;"
"src/EterGrnLib/Material.cpp","133","CGrannyMaterial::IsEqual","CGrannyMaterial;granny_material","Legacy material/texture translation and render stage classification","C","Add neutral asset view; native construction remains documented legacy adapter interop","SDK/adapter symbol","bool CGrannyMaterial::IsEqual(granny_material* pgrnMaterial) const"
"src/EterGrnLib/Material.cpp","142","CGrannyMaterial::GetTextureBinding","CGrannyMaterial","Legacy material/texture translation and render stage classification","C","Add neutral asset view; native construction remains documented legacy adapter interop","legacy wrapper","TextureBinding CGrannyMaterial::GetTextureBinding(int stage) const"
"src/EterGrnLib/Material.cpp","150","CGrannyMaterial::GetImagePointer","CGrannyMaterial","Legacy material/texture translation and render stage classification","C","Add neutral asset view; native construction remains documented legacy adapter interop","legacy wrapper","CGraphicImage * CGrannyMaterial::GetImagePointer(int iStage) const"
"src/EterGrnLib/Material.cpp","161","CGrannyMaterial::GetDiffuseTexture","CGrannyMaterial","Legacy material/texture translation and render stage classification","C","Add neutral asset view; native construction remains documented legacy adapter interop","legacy wrapper","const CGraphicTexture* CGrannyMaterial::GetDiffuseTexture() const"
"src/EterGrnLib/Material.cpp","169","CGrannyMaterial::GetOpacityTexture","CGrannyMaterial","Legacy material/texture translation and render stage classification","C","Add neutral asset view; native construction remains documented legacy adapter interop","legacy wrapper","const CGraphicTexture* CGrannyMaterial::GetOpacityTexture() const"
"src/EterGrnLib/Material.cpp","177","CGrannyMaterial::__IsSpecularEnable","CGrannyMaterial","Legacy material/texture translation and render stage classification","C","Add neutral asset view; native construction remains documented legacy adapter interop","legacy wrapper","BOOL CGrannyMaterial::__IsSpecularEnable() const"
"src/EterGrnLib/Material.cpp","183","CGrannyMaterial::GetSpecularPower","CGrannyMaterial","Legacy material/texture translation and render stage classification","C","Add neutral asset view; native construction remains documented legacy adapter interop","legacy wrapper","float CGrannyMaterial::GetSpecularPower() const"
"src/EterGrnLib/Material.cpp","191","CGrannyMaterial::__GetImagePointer","CGrannyMaterial","Legacy material/texture translation and render stage classification","A;C","Add neutral asset view; native construction remains documented legacy adapter interop","legacy wrapper","CGraphicImage* CGrannyMaterial::__GetImagePointer(const char* fileName)"
"src/EterGrnLib/Material.cpp","219","CGrannyMaterial::CreateFromGrannyMaterialPointer","CGrannyMaterial;granny_material","Legacy material/texture translation and render stage classification","C","Add neutral asset view; native construction remains documented legacy adapter interop","SDK/adapter symbol","bool CGrannyMaterial::CreateFromGrannyMaterialPointer(granny_material * pgrnMaterial)"
"src/EterGrnLib/Material.cpp","223","CGrannyMaterial::CreateFromGrannyMaterialPointer","granny_texture","Legacy material/texture translation and render stage classification","C","Add neutral asset view; native construction remains documented legacy adapter interop","SDK/adapter symbol","granny_texture * pgrnDiffuseTexture = NULL;"
"src/EterGrnLib/Material.cpp","224","CGrannyMaterial::CreateFromGrannyMaterialPointer","granny_texture","Legacy material/texture translation and render stage classification","C","Add neutral asset view; native construction remains documented legacy adapter interop","SDK/adapter symbol","granny_texture * pgrnOpacityTexture = NULL;"
"src/EterGrnLib/Material.cpp","230","CGrannyMaterial::CreateFromGrannyMaterialPointer","GrannyDiffuseColorTexture;GrannyGetMaterialTextureByType","Legacy material/texture translation and render stage classification","C","Add neutral asset view; native construction remains documented legacy adapter interop","SDK/adapter symbol","pgrnDiffuseTexture = GrannyGetMaterialTextureByType(pgrnMaterial->Maps[0].Material, GrannyDiffuseColorTexture);"
"src/EterGrnLib/Material.cpp","231","CGrannyMaterial::CreateFromGrannyMaterialPointer","GrannyDiffuseColorTexture;GrannyGetMaterialTextureByType","Legacy material/texture translation and render stage classification","C","Add neutral asset view; native construction remains documented legacy adapter interop","SDK/adapter symbol","pgrnOpacityTexture = GrannyGetMaterialTextureByType(pgrnMaterial->Maps[1].Material, GrannyDiffuseColorTexture);"
"src/EterGrnLib/Material.cpp","235","CGrannyMaterial::CreateFromGrannyMaterialPointer","GrannyDiffuseColorTexture;GrannyGetMaterialTextureByType","Legacy material/texture translation and render stage classification","C","Add neutral asset view; native construction remains documented legacy adapter interop","SDK/adapter symbol","pgrnDiffuseTexture = GrannyGetMaterialTextureByType(m_pgrnMaterial, GrannyDiffuseColorTexture);"
"src/EterGrnLib/Material.cpp","236","CGrannyMaterial::CreateFromGrannyMaterialPointer","GrannyGetMaterialTextureByType;GrannyOpacityTexture","Legacy material/texture translation and render stage classification","C","Add neutral asset view; native construction remains documented legacy adapter interop","SDK/adapter symbol","pgrnOpacityTexture = GrannyGetMaterialTextureByType(m_pgrnMaterial, GrannyOpacityTexture);"
"src/EterGrnLib/Material.cpp","241","CGrannyMaterial::CreateFromGrannyMaterialPointer","granny_int32","Legacy material/texture translation and render stage classification","C","Add neutral asset view; native construction remains documented legacy adapter interop","SDK/adapter symbol","granny_int32 twoSided = 0;"
"src/EterGrnLib/Material.cpp","242","CGrannyMaterial::CreateFromGrannyMaterialPointer","granny_data_type_definition","Legacy material/texture translation and render stage classification","B","Add neutral asset view; native construction remains documented legacy adapter interop","SDK/adapter symbol","granny_data_type_definition TwoSidedFieldType[] ="
"src/EterGrnLib/Material.cpp","244","CGrannyMaterial::CreateFromGrannyMaterialPointer","GrannyInt32Member","Legacy material/texture translation and render stage classification","C","Add neutral asset view; native construction remains documented legacy adapter interop","SDK/adapter symbol","{GrannyInt32Member, ""Two-sided""},"
"src/EterGrnLib/Material.cpp","245","CGrannyMaterial::CreateFromGrannyMaterialPointer","GrannyEndMember","Legacy material/texture translation and render stage classification","C","Add neutral asset view; native construction remains documented legacy adapter interop","SDK/adapter symbol","{GrannyEndMember},"
"src/EterGrnLib/Material.cpp","248","CGrannyMaterial::CreateFromGrannyMaterialPointer","granny_variant","Legacy material/texture translation and render stage classification","C","Add neutral asset view; native construction remains documented legacy adapter interop","SDK/adapter symbol","granny_variant twoSideResult;"
"src/EterGrnLib/Material.cpp","250","CGrannyMaterial::CreateFromGrannyMaterialPointer","GrannyFindMatchingMember","Legacy material/texture translation and render stage classification","C","Add neutral asset view; native construction remains documented legacy adapter interop","SDK/adapter symbol","if (GrannyFindMatchingMember(pgrnMaterial->ExtendedData.Type, pgrnMaterial->ExtendedData.Object, ""Two-sided"", &twoSideResult)  && NULL != twoSideResult.Type)"
"src/EterGrnLib/Material.cpp","251","CGrannyMaterial::CreateFromGrannyMaterialPointer","GrannyConvertSingleObject","Legacy material/texture translation and render stage classification","C","Add neutral asset view; native construction remains documented legacy adapter interop","SDK/adapter symbol","GrannyConvertSingleObject(twoSideResult.Type, twoSideResult.Object, TwoSidedFieldType, &twoSided, NULL);"
"src/EterGrnLib/Material.cpp","272","CGrannyMaterial::Initialize","CGrannyMaterial","Legacy material/texture translation and render stage classification","C","Add neutral asset view; native construction remains documented legacy adapter interop","legacy wrapper","void CGrannyMaterial::Initialize()"
"src/EterGrnLib/Material.cpp","280","CGrannyMaterial::__ApplyDiffuseRenderState","CGrannyMaterial","Legacy material/texture translation and render stage classification","C","Add neutral asset view; native construction remains documented legacy adapter interop","legacy wrapper","void CGrannyMaterial::__ApplyDiffuseRenderState()"
"src/EterGrnLib/Material.cpp","292","CGrannyMaterial::__RestoreDiffuseRenderState","CGrannyMaterial","Legacy material/texture translation and render stage classification","C","Add neutral asset view; native construction remains documented legacy adapter interop","legacy wrapper","void CGrannyMaterial::__RestoreDiffuseRenderState()"
"src/EterGrnLib/Material.cpp","300","CGrannyMaterial::__ApplySpecularRenderState","CGrannyMaterial","Legacy material/texture translation and render stage classification","C","Add neutral asset view; native construction remains documented legacy adapter interop","legacy wrapper","void CGrannyMaterial::__ApplySpecularRenderState()"
"src/EterGrnLib/Material.cpp","340","CGrannyMaterial::__RestoreSpecularRenderState","CGrannyMaterial","Legacy material/texture translation and render stage classification","C","Add neutral asset view; native construction remains documented legacy adapter interop","legacy wrapper","void CGrannyMaterial::__RestoreSpecularRenderState()"
"src/EterGrnLib/Material.cpp","364","CGrannyMaterial::CreateSphereMap","CGrannyMaterial","Legacy material/texture translation and render stage classification","A;B;C;H","Add neutral asset view; native construction remains documented legacy adapter interop","legacy wrapper","void CGrannyMaterial::CreateSphereMap(UINT uMapIndex, const char* c_szSphereMapImageFileName)"
"src/EterGrnLib/Material.cpp","371","CGrannyMaterial::DestroySphereMap","CGrannyMaterial","Legacy material/texture translation and render stage classification","C;H","Add neutral asset view; native construction remains documented legacy adapter interop","legacy wrapper","void CGrannyMaterial::DestroySphereMap()"
"src/EterGrnLib/Material.cpp","381","CGrannyMaterialPalette::CGrannyMaterialPalette","CGrannyMaterialPalette","Legacy material/texture translation and render stage classification","C","Add neutral asset view; native construction remains documented legacy adapter interop","legacy wrapper","CGrannyMaterialPalette::CGrannyMaterialPalette()"
"src/EterGrnLib/Material.cpp","385","CGrannyMaterialPalette::~CGrannyMaterialPalette","CGrannyMaterialPalette","Legacy material/texture translation and render stage classification","C","Add neutral asset view; native construction remains documented legacy adapter interop","legacy wrapper","CGrannyMaterialPalette::~CGrannyMaterialPalette()"
"src/EterGrnLib/Material.cpp","390","CGrannyMaterialPalette::Copy","CGrannyMaterialPalette","Legacy material/texture translation and render stage classification","C","Add neutral asset view; native construction remains documented legacy adapter interop","legacy wrapper","void CGrannyMaterialPalette::Copy(const CGrannyMaterialPalette& rkMtrlPalSrc)"
"src/EterGrnLib/Material.cpp","395","CGrannyMaterialPalette::Clear","CGrannyMaterialPalette","Legacy material/texture translation and render stage classification","C","Add neutral asset view; native construction remains documented legacy adapter interop","legacy wrapper","void CGrannyMaterialPalette::Clear()"
"src/EterGrnLib/Material.cpp","400","CGrannyMaterialPalette::GetMaterialRef","CGrannyMaterial;CGrannyMaterialPalette","Legacy material/texture translation and render stage classification","B;C","Add neutral asset view; native construction remains documented legacy adapter interop","legacy wrapper","CGrannyMaterial& CGrannyMaterialPalette::GetMaterialRef(DWORD mtrlIndex)"
"src/EterGrnLib/Material.cpp","406","CGrannyMaterialPalette::SetMaterialImagePointer","CGrannyMaterialPalette","Legacy material/texture translation and render stage classification","C","Add neutral asset view; native construction remains documented legacy adapter interop","legacy wrapper","void CGrannyMaterialPalette::SetMaterialImagePointer(const char* c_szImageName, CGraphicImage* pImage)"
"src/EterGrnLib/Material.cpp","412","CGrannyMaterialPalette::SetMaterialImagePointer","CGrannyMaterial","Legacy material/texture translation and render stage classification","C","Add neutral asset view; native construction remains documented legacy adapter interop","legacy wrapper","CGrannyMaterial::TRef& roMtrl=m_mtrlVector[i];"
"src/EterGrnLib/Material.cpp","417","CGrannyMaterialPalette::SetMaterialImagePointer","CGrannyMaterial","Legacy material/texture translation and render stage classification","C","Add neutral asset view; native construction remains documented legacy adapter interop","legacy wrapper","CGrannyMaterial* pkNewMtrl=new CGrannyMaterial;"
"src/EterGrnLib/Material.cpp","427","CGrannyMaterialPalette::SetMaterialData","CGrannyMaterialPalette","Legacy material/texture translation and render stage classification","C","Add neutral asset view; native construction remains documented legacy adapter interop","legacy wrapper","void CGrannyMaterialPalette::SetMaterialData(const char* c_szMtrlName, const SMaterialData& c_rkMaterialData)"
"src/EterGrnLib/Material.cpp","431","CGrannyMaterialPalette::SetMaterialData","CGrannyMaterial","Legacy material/texture translation and render stage classification","C","Add neutral asset view; native construction remains documented legacy adapter interop","legacy wrapper","std::vector<CGrannyMaterial::TRef>::iterator i;"
"src/EterGrnLib/Material.cpp","434","CGrannyMaterialPalette::SetMaterialData","CGrannyMaterial","Legacy material/texture translation and render stage classification","C","Add neutral asset view; native construction remains documented legacy adapter interop","legacy wrapper","CGrannyMaterial::TRef& roMtrl=*i;"
"src/EterGrnLib/Material.cpp","439","CGrannyMaterialPalette::SetMaterialData","CGrannyMaterial","Legacy material/texture translation and render stage classification","C","Add neutral asset view; native construction remains documented legacy adapter interop","legacy wrapper","CGrannyMaterial* pkNewMtrl=new CGrannyMaterial;"
"src/EterGrnLib/Material.cpp","451","CGrannyMaterialPalette::SetMaterialData","CGrannyMaterial","Legacy material/texture translation and render stage classification","C","Add neutral asset view; native construction remains documented legacy adapter interop","legacy wrapper","std::vector<CGrannyMaterial::TRef>::iterator i;"
"src/EterGrnLib/Material.cpp","454","CGrannyMaterialPalette::SetMaterialData","CGrannyMaterial","Legacy material/texture translation and render stage classification","C","Add neutral asset view; native construction remains documented legacy adapter interop","legacy wrapper","CGrannyMaterial::TRef& roMtrl=*i;"
"src/EterGrnLib/Material.cpp","460","CGrannyMaterialPalette::SetSpecularInfo","CGrannyMaterialPalette","Legacy material/texture translation and render stage classification","C","Add neutral asset view; native construction remains documented legacy adapter interop","legacy wrapper","void CGrannyMaterialPalette::SetSpecularInfo(const char* c_szMtrlName, BOOL bEnable, float fPower)"
"src/EterGrnLib/Material.cpp","468","CGrannyMaterialPalette::SetSpecularInfo","CGrannyMaterial","Legacy material/texture translation and render stage classification","C","Add neutral asset view; native construction remains documented legacy adapter interop","legacy wrapper","CGrannyMaterial::TRef& roMtrl=m_mtrlVector[i];"
"src/EterGrnLib/Material.cpp","482","CGrannyMaterialPalette::SetSpecularInfo","CGrannyMaterial","Legacy material/texture translation and render stage classification","C","Add neutral asset view; native construction remains documented legacy adapter interop","legacy wrapper","CGrannyMaterial::TRef& roMtrl=m_mtrlVector[i];"
"src/EterGrnLib/Material.cpp","488","CGrannyMaterialPalette::RegisterMaterial","CGrannyMaterialPalette;granny_material","Legacy material/texture translation and render stage classification","C","Add neutral asset view; native construction remains documented legacy adapter interop","SDK/adapter symbol","DWORD CGrannyMaterialPalette::RegisterMaterial(granny_material* pgrnMaterial)"
"src/EterGrnLib/Material.cpp","494","CGrannyMaterialPalette::RegisterMaterial","CGrannyMaterial","Legacy material/texture translation and render stage classification","C","Add neutral asset view; native construction remains documented legacy adapter interop","legacy wrapper","CGrannyMaterial::TRef& roMtrl=m_mtrlVector[i];"
"src/EterGrnLib/Material.cpp","499","CGrannyMaterialPalette::RegisterMaterial","CGrannyMaterial","Legacy material/texture translation and render stage classification","C","Add neutral asset view; native construction remains documented legacy adapter interop","legacy wrapper","CGrannyMaterial* pkNewMtrl=new CGrannyMaterial;"
"src/EterGrnLib/Material.cpp","506","CGrannyMaterialPalette::GetMaterialCount","CGrannyMaterialPalette","Legacy material/texture translation and render stage classification","C","Add neutral asset view; native construction remains documented legacy adapter interop","legacy wrapper","DWORD CGrannyMaterialPalette::GetMaterialCount() const"
"src/EterGrnLib/Material.h","3","file scope","granny.h","Legacy material/texture translation and render stage classification","C","Add neutral asset view; native construction remains documented legacy adapter interop","include","#include <granny.h>"
"src/EterGrnLib/Material.h","12","CGrannyMaterial","CGrannyMaterial","Legacy material/texture translation and render stage classification","C","Add neutral asset view; native construction remains documented legacy adapter interop","legacy wrapper","class CGrannyMaterial : public CReferenceObject"
"src/EterGrnLib/Material.h","15","CGrannyMaterial","CGrannyMaterial","Legacy material/texture translation and render stage classification","C","Add neutral asset view; native construction remains documented legacy adapter interop","legacy wrapper","typedef CRef<CGrannyMaterial> TRef;"
"src/EterGrnLib/Material.h","36","CGrannyMaterial::TranslateSpecularMatrix","CGrannyMaterial","Legacy material/texture translation and render stage classification","C","Add neutral asset view; native construction remains documented legacy adapter interop","legacy wrapper","CGrannyMaterial();"
"src/EterGrnLib/Material.h","37","CGrannyMaterial::TranslateSpecularMatrix","CGrannyMaterial","Legacy material/texture translation and render stage classification","C","Add neutral asset view; native construction remains documented legacy adapter interop","legacy wrapper","virtual ~CGrannyMaterial();"
"src/EterGrnLib/Material.h","40","CGrannyMaterial::Copy","CGrannyMaterial","Legacy material/texture translation and render stage classification","C","Add neutral asset view; native construction remains documented legacy adapter interop","legacy wrapper","void					Copy(CGrannyMaterial& rkMtrl);"
"src/EterGrnLib/Material.h","41","CGrannyMaterial::IsEqual","granny_material","Legacy material/texture translation and render stage classification","C","Add neutral asset view; native construction remains documented legacy adapter interop","SDK/adapter symbol","bool					IsEqual(granny_material * pgrnMaterial) const;"
"src/EterGrnLib/Material.h","52","CGrannyMaterial::CreateFromGrannyMaterialPointer","granny_material","Legacy material/texture translation and render stage classification","C","Add neutral asset view; native construction remains documented legacy adapter interop","SDK/adapter symbol","bool					CreateFromGrannyMaterialPointer(granny_material* pgrnMaterial);"
"src/EterGrnLib/Material.h","55","CGrannyMaterial::SetImagePointer","CGrannyMaterial","Legacy material/texture translation and render stage classification","C","Add neutral asset view; native construction remains documented legacy adapter interop","legacy wrapper","CGrannyMaterial::EType	GetType() const;"
"src/EterGrnLib/Material.h","86","CGrannyMaterial::__RestoreSpecularRenderState","granny_material","Legacy material/texture translation and render stage classification","C","Add neutral asset view; native construction remains documented legacy adapter interop","SDK/adapter symbol","granny_material *		m_pgrnMaterial;"
"src/EterGrnLib/Material.h","97","CGrannyMaterial::__RestoreSpecularRenderState","CGrannyMaterial","Legacy material/texture translation and render stage classification","C","Add neutral asset view; native construction remains documented legacy adapter interop","legacy wrapper","void (CGrannyMaterial::*m_pfnApplyRenderState)();"
"src/EterGrnLib/Material.h","98","CGrannyMaterial::__RestoreSpecularRenderState","CGrannyMaterial","Legacy material/texture translation and render stage classification","C","Add neutral asset view; native construction remains documented legacy adapter interop","legacy wrapper","void (CGrannyMaterial::*m_pfnRestoreRenderState)();"
"src/EterGrnLib/Material.h","108","CGrannyMaterialPalette","CGrannyMaterialPalette","Legacy material/texture translation and render stage classification","C","Add neutral asset view; native construction remains documented legacy adapter interop","legacy wrapper","class CGrannyMaterialPalette"
"src/EterGrnLib/Material.h","111","CGrannyMaterialPalette","CGrannyMaterialPalette","Legacy material/texture translation and render stage classification","C","Add neutral asset view; native construction remains documented legacy adapter interop","legacy wrapper","CGrannyMaterialPalette();"
"src/EterGrnLib/Material.h","112","CGrannyMaterialPalette","CGrannyMaterialPalette","Legacy material/texture translation and render stage classification","C","Add neutral asset view; native construction remains documented legacy adapter interop","legacy wrapper","virtual ~CGrannyMaterialPalette();"
"src/EterGrnLib/Material.h","115","CGrannyMaterialPalette::Copy","CGrannyMaterialPalette","Legacy material/texture translation and render stage classification","C","Add neutral asset view; native construction remains documented legacy adapter interop","legacy wrapper","void	Copy(const CGrannyMaterialPalette& rkMtrlPalSrc);"
"src/EterGrnLib/Material.h","117","CGrannyMaterialPalette::RegisterMaterial","granny_material","Legacy material/texture translation and render stage classification","C","Add neutral asset view; native construction remains documented legacy adapter interop","SDK/adapter symbol","DWORD	RegisterMaterial(granny_material* pgrnMaterial);"
"src/EterGrnLib/Material.h","122","CGrannyMaterialPalette::SetSpecularInfo","CGrannyMaterial","Legacy material/texture translation and render stage classification","B;C","Add neutral asset view; native construction remains documented legacy adapter interop","legacy wrapper","CGrannyMaterial& GetMaterialRef(DWORD mtrlIndex);"
"src/EterGrnLib/Material.h","127","CGrannyMaterialPalette::GetMaterialCount","CGrannyMaterial","Legacy material/texture translation and render stage classification","C","Add neutral asset view; native construction remains documented legacy adapter interop","legacy wrapper","std::vector<CGrannyMaterial::TRef> m_mtrlVector;"
"src/EterGrnLib/Mesh.cpp","7","file scope","granny_data_type_definition;GrannyPNT3322VertexType","Mesh metadata, groups, index/vertex conversion, bindings and native deformers","B","Add neutral asset view; native construction remains documented legacy adapter interop","SDK/adapter symbol","granny_data_type_definition GrannyPNT3322VertexType[5] ="
"src/EterGrnLib/Mesh.cpp","9","file scope","GrannyReal32Member;GrannyVertexPositionName","Mesh metadata, groups, index/vertex conversion, bindings and native deformers","B","Add neutral asset view; native construction remains documented legacy adapter interop","SDK/adapter symbol","{GrannyReal32Member, GrannyVertexPositionName, 0, 3},"
"src/EterGrnLib/Mesh.cpp","10","file scope","GrannyReal32Member;GrannyVertexNormalName","Mesh metadata, groups, index/vertex conversion, bindings and native deformers","B","Add neutral asset view; native construction remains documented legacy adapter interop","SDK/adapter symbol","{GrannyReal32Member, GrannyVertexNormalName, 0, 3},"
"src/EterGrnLib/Mesh.cpp","11","file scope","GrannyReal32Member;GrannyVertexTextureCoordinatesName","Mesh metadata, groups, index/vertex conversion, bindings and native deformers","B;C","Add neutral asset view; native construction remains documented legacy adapter interop","SDK/adapter symbol","{GrannyReal32Member, GrannyVertexTextureCoordinatesName""0"", 0, 2},"
"src/EterGrnLib/Mesh.cpp","12","file scope","GrannyReal32Member;GrannyVertexTextureCoordinatesName","Mesh metadata, groups, index/vertex conversion, bindings and native deformers","B;C","Add neutral asset view; native construction remains documented legacy adapter interop","SDK/adapter symbol","{GrannyReal32Member, GrannyVertexTextureCoordinatesName""1"", 0, 2},"
"src/EterGrnLib/Mesh.cpp","13","file scope","GrannyEndMember","Mesh metadata, groups, index/vertex conversion, bindings and native deformers","B","Add neutral asset view; native construction remains documented legacy adapter interop","SDK/adapter symbol","{GrannyEndMember}"
"src/EterGrnLib/Mesh.cpp","16","CGrannyMesh::LoadIndices","CGrannyMesh","Mesh metadata, groups, index/vertex conversion, bindings and native deformers","B","Add neutral asset view; native construction remains documented legacy adapter interop","legacy wrapper","void CGrannyMesh::LoadIndices(void * dstBaseIndices)"
"src/EterGrnLib/Mesh.cpp","18","CGrannyMesh::LoadIndices","granny_mesh","Mesh metadata, groups, index/vertex conversion, bindings and native deformers","B","Add neutral asset view; native construction remains documented legacy adapter interop","SDK/adapter symbol","const granny_mesh * pgrnMesh = GetGrannyMeshPointer();"
"src/EterGrnLib/Mesh.cpp","21","CGrannyMesh::LoadIndices","GrannyCopyMeshIndices","Mesh metadata, groups, index/vertex conversion, bindings and native deformers","B","Add neutral asset view; native construction remains documented legacy adapter interop","SDK/adapter symbol","GrannyCopyMeshIndices(pgrnMesh, sizeof(TIndex), dstIndices);"
"src/EterGrnLib/Mesh.cpp","24","CGrannyMesh::LoadPNTVertices","CGrannyMesh","Mesh metadata, groups, index/vertex conversion, bindings and native deformers","B","Add neutral asset view; native construction remains documented legacy adapter interop","legacy wrapper","void CGrannyMesh::LoadPNTVertices(void * dstBaseVertices)"
"src/EterGrnLib/Mesh.cpp","26","CGrannyMesh::LoadPNTVertices","granny_mesh","Mesh metadata, groups, index/vertex conversion, bindings and native deformers","B","Add neutral asset view; native construction remains documented legacy adapter interop","SDK/adapter symbol","const granny_mesh * pgrnMesh = GetGrannyMeshPointer();"
"src/EterGrnLib/Mesh.cpp","28","CGrannyMesh::LoadPNTVertices","GrannyMeshIsRigid","Mesh metadata, groups, index/vertex conversion, bindings and native deformers","B","Add neutral asset view; native construction remains documented legacy adapter interop","SDK/adapter symbol","if (!GrannyMeshIsRigid(pgrnMesh))"
"src/EterGrnLib/Mesh.cpp","32","CGrannyMesh::LoadPNTVertices","GrannyCopyMeshVertices","Mesh metadata, groups, index/vertex conversion, bindings and native deformers","B","Add neutral asset view; native construction remains documented legacy adapter interop","SDK/adapter symbol","GrannyCopyMeshVertices(pgrnMesh, m_pgrnMeshType, dstVertices);"
"src/EterGrnLib/Mesh.cpp","35","CGrannyMesh::NEW_LoadVertices","CGrannyMesh","Mesh metadata, groups, index/vertex conversion, bindings and native deformers","B","Add neutral asset view; native construction remains documented legacy adapter interop","legacy wrapper","void CGrannyMesh::NEW_LoadVertices(void * dstBaseVertices)"
"src/EterGrnLib/Mesh.cpp","37","CGrannyMesh::NEW_LoadVertices","granny_mesh","Mesh metadata, groups, index/vertex conversion, bindings and native deformers","B","Add neutral asset view; native construction remains documented legacy adapter interop","SDK/adapter symbol","const granny_mesh * pgrnMesh = GetGrannyMeshPointer();"
"src/EterGrnLib/Mesh.cpp","39","CGrannyMesh::NEW_LoadVertices","GrannyMeshIsRigid","Mesh metadata, groups, index/vertex conversion, bindings and native deformers","B","Add neutral asset view; native construction remains documented legacy adapter interop","SDK/adapter symbol","if (!GrannyMeshIsRigid(pgrnMesh))"
"src/EterGrnLib/Mesh.cpp","43","CGrannyMesh::NEW_LoadVertices","GrannyCopyMeshVertices","Mesh metadata, groups, index/vertex conversion, bindings and native deformers","B","Add neutral asset view; native construction remains documented legacy adapter interop","SDK/adapter symbol","GrannyCopyMeshVertices(pgrnMesh, m_pgrnMeshType, dstVertices);"
"src/EterGrnLib/Mesh.cpp","46","CGrannyMesh::DeformPNTVertices","CGrannyMesh;granny_mesh_binding","Mesh metadata, groups, index/vertex conversion, bindings and native deformers","B;D;G;H","Add neutral asset view; native construction remains documented legacy adapter interop","SDK/adapter symbol","void CGrannyMesh::DeformPNTVertices(void* dstBaseVertices, Math::Matrix* boneMatrices, granny_mesh_binding* pgrnMeshBinding) const"
"src/EterGrnLib/Mesh.cpp","52","CGrannyMesh::DeformPNTVertices","granny_mesh","Mesh metadata, groups, index/vertex conversion, bindings and native deformers","B","Add neutral asset view; native construction remains documented legacy adapter interop","SDK/adapter symbol","const granny_mesh* pgrnMesh = GetGrannyMeshPointer();"
"src/EterGrnLib/Mesh.cpp","54","CGrannyMesh::DeformPNTVertices","GrannyGetMeshVertices","Mesh metadata, groups, index/vertex conversion, bindings and native deformers","B","Add neutral asset view; native construction remains documented legacy adapter interop","SDK/adapter symbol","TPNTVertex* srcVertices = (TPNTVertex*)GrannyGetMeshVertices(pgrnMesh);"
"src/EterGrnLib/Mesh.cpp","57","CGrannyMesh::DeformPNTVertices","GrannyGetMeshVertexCount","Mesh metadata, groups, index/vertex conversion, bindings and native deformers","B","Add neutral asset view; native construction remains documented legacy adapter interop","SDK/adapter symbol","int vtxCount = GrannyGetMeshVertexCount(pgrnMesh);"
"src/EterGrnLib/Mesh.cpp","60","CGrannyMesh::DeformPNTVertices","granny_int32x;GrannyGetMeshBindingToBoneIndices","Mesh metadata, groups, index/vertex conversion, bindings and native deformers","B;D;G;H","Add neutral asset view; native construction remains documented legacy adapter interop","SDK/adapter symbol","granny_int32x* boneIndices = (granny_int32x*)GrannyGetMeshBindingToBoneIndices(pgrnMeshBinding);"
"src/EterGrnLib/Mesh.cpp","70","CGrannyMesh::DeformPNTVertices","granny_matrix_4x4","Mesh metadata, groups, index/vertex conversion, bindings and native deformers","D;G","Add neutral asset view; native construction remains documented legacy adapter interop","SDK/adapter symbol","(granny_matrix_4x4 const*)boneMatrices,"
"src/EterGrnLib/Mesh.cpp","71","CGrannyMesh::DeformPNTVertices","granny_pwnt3432_vertex","Mesh metadata, groups, index/vertex conversion, bindings and native deformers","B","Add neutral asset view; native construction remains documented legacy adapter interop","SDK/adapter symbol","sizeof(granny_pwnt3432_vertex),"
"src/EterGrnLib/Mesh.cpp","72","CGrannyMesh::DeformPNTVertices","granny_pnt332_vertex","Mesh metadata, groups, index/vertex conversion, bindings and native deformers","B","Add neutral asset view; native construction remains documented legacy adapter interop","SDK/adapter symbol","sizeof(granny_pnt332_vertex)"
"src/EterGrnLib/Mesh.cpp","76","CGrannyMesh::DeformPNTVertices","GrannyDeformVertices","Mesh metadata, groups, index/vertex conversion, bindings and native deformers","G","Add neutral asset view; native construction remains documented legacy adapter interop","SDK/adapter symbol","GrannyDeformVertices("
"src/EterGrnLib/Mesh.cpp","86","CGrannyMesh::CanDeformPNTVertices","CGrannyMesh","Mesh metadata, groups, index/vertex conversion, bindings and native deformers","B;G","Add neutral asset view; native construction remains documented legacy adapter interop","legacy wrapper","bool CGrannyMesh::CanDeformPNTVertices() const"
"src/EterGrnLib/Mesh.cpp","91","CGrannyMesh::GetGrannyMeshPointer","CGrannyMesh;granny_mesh","Mesh metadata, groups, index/vertex conversion, bindings and native deformers","B","Add neutral asset view; native construction remains documented legacy adapter interop","SDK/adapter symbol","const granny_mesh * CGrannyMesh::GetGrannyMeshPointer() const"
"src/EterGrnLib/Mesh.cpp","96","CGrannyMesh::GetTriGroupNodeList","CGrannyMaterial;CGrannyMesh","Mesh metadata, groups, index/vertex conversion, bindings and native deformers","B;C","Add neutral asset view; native construction remains documented legacy adapter interop","legacy wrapper","const CGrannyMesh::TTriGroupNode * CGrannyMesh::GetTriGroupNodeList(CGrannyMaterial::EType eMtrlType) const"
"src/EterGrnLib/Mesh.cpp","101","CGrannyMesh::GetVertexCount","CGrannyMesh","Mesh metadata, groups, index/vertex conversion, bindings and native deformers","B","Add neutral asset view; native construction remains documented legacy adapter interop","legacy wrapper","int CGrannyMesh::GetVertexCount() const"
"src/EterGrnLib/Mesh.cpp","104","CGrannyMesh::GetVertexCount","GrannyGetMeshVertexCount","Mesh metadata, groups, index/vertex conversion, bindings and native deformers","B","Add neutral asset view; native construction remains documented legacy adapter interop","SDK/adapter symbol","return GrannyGetMeshVertexCount(m_pgrnMesh);"
"src/EterGrnLib/Mesh.cpp","107","CGrannyMesh::GetVertexBasePosition","CGrannyMesh","Mesh metadata, groups, index/vertex conversion, bindings and native deformers","B","Add neutral asset view; native construction remains documented legacy adapter interop","legacy wrapper","int CGrannyMesh::GetVertexBasePosition() const"
"src/EterGrnLib/Mesh.cpp","112","CGrannyMesh::GetIndexBasePosition","CGrannyMesh","Mesh metadata, groups, index/vertex conversion, bindings and native deformers","B","Add neutral asset view; native construction remains documented legacy adapter interop","legacy wrapper","int CGrannyMesh::GetIndexBasePosition() const"
"src/EterGrnLib/Mesh.cpp","118","CGrannyMesh::GetDefaultBoneIndices","CGrannyMesh","Mesh metadata, groups, index/vertex conversion, bindings and native deformers","B;D","Add neutral asset view; native construction remains documented legacy adapter interop","legacy wrapper","int * CGrannyMesh::GetDefaultBoneIndices() const"
"src/EterGrnLib/Mesh.cpp","120","CGrannyMesh::GetDefaultBoneIndices","GrannyGetMeshBindingToBoneIndices","Mesh metadata, groups, index/vertex conversion, bindings and native deformers","B;D;G;H","Add neutral asset view; native construction remains documented legacy adapter interop","SDK/adapter symbol","return (int*)GrannyGetMeshBindingToBoneIndices(m_pgrnMeshBindingTemp);"
"src/EterGrnLib/Mesh.cpp","124","CGrannyMesh::IsEmpty","CGrannyMesh","Mesh metadata, groups, index/vertex conversion, bindings and native deformers","B","Add neutral asset view; native construction remains documented legacy adapter interop","legacy wrapper","bool CGrannyMesh::IsEmpty() const"
"src/EterGrnLib/Mesh.cpp","132","CGrannyMesh::CreateFromGrannyMeshPointer","CGrannyMaterialPalette;CGrannyMesh;granny_mesh;granny_skeleton","Mesh metadata, groups, index/vertex conversion, bindings and native deformers","B;C;D","Add neutral asset view; native construction remains documented legacy adapter interop","SDK/adapter symbol","bool CGrannyMesh::CreateFromGrannyMeshPointer(granny_skeleton * pgrnSkeleton, granny_mesh * pgrnMesh, int vtxBasePos, int idxBasePos, CGrannyMaterialPalette& rkMtrlPal)"
"src/EterGrnLib/Mesh.cpp","144","CGrannyMesh::CreateFromGrannyMeshPointer","GrannyNewMeshBinding","Mesh metadata, groups, index/vertex conversion, bindings and native deformers","B;D;G;H","Add neutral asset view; native construction remains documented legacy adapter interop","SDK/adapter symbol","m_pgrnMeshBindingTemp = GrannyNewMeshBinding(m_pgrnMesh, pgrnSkeleton, pgrnSkeleton);"
"src/EterGrnLib/Mesh.cpp","147","CGrannyMesh::CreateFromGrannyMeshPointer","GrannyMeshIsRigid","Mesh metadata, groups, index/vertex conversion, bindings and native deformers","B","Add neutral asset view; native construction remains documented legacy adapter interop","SDK/adapter symbol","if (!GrannyMeshIsRigid(m_pgrnMesh))"
"src/EterGrnLib/Mesh.cpp","151","CGrannyMesh::CreateFromGrannyMeshPointer","granny_data_type_definition;GrannyGetMeshVertexType","Mesh metadata, groups, index/vertex conversion, bindings and native deformers","B","Add neutral asset view; native construction remains documented legacy adapter interop","SDK/adapter symbol","granny_data_type_definition * pgrnInputType = GrannyGetMeshVertexType(m_pgrnMesh);"
"src/EterGrnLib/Mesh.cpp","152","CGrannyMesh::CreateFromGrannyMeshPointer","granny_data_type_definition","Mesh metadata, groups, index/vertex conversion, bindings and native deformers","B","Add neutral asset view; native construction remains documented legacy adapter interop","SDK/adapter symbol","granny_data_type_definition * pgrnOutputType = m_pgrnMeshType;"
"src/EterGrnLib/Mesh.cpp","154","CGrannyMesh::CreateFromGrannyMeshPointer","GrannyAllowUncopiedTail;GrannyDeformPositionNormal;GrannyNewMeshDeformer","Mesh metadata, groups, index/vertex conversion, bindings and native deformers","B;G","Add neutral asset view; native construction remains documented legacy adapter interop","SDK/adapter symbol","m_pgrnMeshDeformer = GrannyNewMeshDeformer(pgrnInputType, pgrnOutputType, GrannyDeformPositionNormal, GrannyAllowUncopiedTail);"
"src/EterGrnLib/Mesh.cpp","171","CGrannyMesh::LoadTriGroupNodeList","CGrannyMaterialPalette;CGrannyMesh","Mesh metadata, groups, index/vertex conversion, bindings and native deformers","B;C","Add neutral asset view; native construction remains documented legacy adapter interop","legacy wrapper","bool CGrannyMesh::LoadTriGroupNodeList(CGrannyMaterialPalette& rkMtrlPal)"
"src/EterGrnLib/Mesh.cpp","180","CGrannyMesh::LoadTriGroupNodeList","GrannyGetMeshTriangleGroupCount","Mesh metadata, groups, index/vertex conversion, bindings and native deformers","B","Add neutral asset view; native construction remains documented legacy adapter interop","SDK/adapter symbol","int GroupNodeCount	= GrannyGetMeshTriangleGroupCount(m_pgrnMesh);"
"src/EterGrnLib/Mesh.cpp","186","CGrannyMesh::LoadTriGroupNodeList","granny_tri_material_group;GrannyGetMeshTriangleGroups","Mesh metadata, groups, index/vertex conversion, bindings and native deformers","B;C","Add neutral asset view; native construction remains documented legacy adapter interop","SDK/adapter symbol","const granny_tri_material_group * c_pgrnTriGroups = GrannyGetMeshTriangleGroups(m_pgrnMesh);"
"src/EterGrnLib/Mesh.cpp","190","CGrannyMesh::LoadTriGroupNodeList","granny_tri_material_group","Mesh metadata, groups, index/vertex conversion, bindings and native deformers","C","Add neutral asset view; native construction remains documented legacy adapter interop","SDK/adapter symbol","const granny_tri_material_group & c_rgrnTriGroup = c_pgrnTriGroups[g];"
"src/EterGrnLib/Mesh.cpp","206","CGrannyMesh::LoadTriGroupNodeList","CGrannyMaterial","Mesh metadata, groups, index/vertex conversion, bindings and native deformers","B;C","Add neutral asset view; native construction remains documented legacy adapter interop","legacy wrapper","const CGrannyMaterial& rkMtrl=rkMtrlPal.GetMaterialRef(pTriGroupNode->mtrlIndex);"
"src/EterGrnLib/Mesh.cpp","215","CGrannyMesh::RebuildTriGroupNodeList","CGrannyMesh","Mesh metadata, groups, index/vertex conversion, bindings and native deformers","B","Add neutral asset view; native construction remains documented legacy adapter interop","legacy wrapper","void CGrannyMesh::RebuildTriGroupNodeList()"
"src/EterGrnLib/Mesh.cpp","217","CGrannyMesh::RebuildTriGroupNodeList","CGrannyMesh","Mesh metadata, groups, index/vertex conversion, bindings and native deformers","B","Add neutral asset view; native construction remains documented legacy adapter interop","legacy wrapper","assert(!""CGrannyMesh::RebuildTriGroupNodeList() - should not be called"");"
"src/EterGrnLib/Mesh.cpp","220","CGrannyMesh::LoadMaterials","CGrannyMaterialPalette;CGrannyMesh","Mesh metadata, groups, index/vertex conversion, bindings and native deformers","B;C","Add neutral asset view; native construction remains documented legacy adapter interop","legacy wrapper","bool CGrannyMesh::LoadMaterials(CGrannyMaterialPalette& rkMtrlPal)"
"src/EterGrnLib/Mesh.cpp","232","CGrannyMesh::LoadMaterials","granny_material","Mesh metadata, groups, index/vertex conversion, bindings and native deformers","B;C","Add neutral asset view; native construction remains documented legacy adapter interop","SDK/adapter symbol","granny_material* pgrnMaterial = m_pgrnMesh->MaterialBindings[m].Material;"
"src/EterGrnLib/Mesh.cpp","235","CGrannyMesh::LoadMaterials","CGrannyMaterial","Mesh metadata, groups, index/vertex conversion, bindings and native deformers","C","Add neutral asset view; native construction remains documented legacy adapter interop","legacy wrapper","bHaveBlendThing |= rkMtrlPal.GetMaterialRef(mtrlIndex).GetType() == CGrannyMaterial::TYPE_BLEND_PNT;"
"src/EterGrnLib/Mesh.cpp","242","CGrannyMesh::IsTwoSide","CGrannyMesh","Mesh metadata, groups, index/vertex conversion, bindings and native deformers","B","Add neutral asset view; native construction remains documented legacy adapter interop","legacy wrapper","bool CGrannyMesh::IsTwoSide() const"
"src/EterGrnLib/Mesh.cpp","247","CGrannyMesh::SetPNT2Mesh","CGrannyMesh","Mesh metadata, groups, index/vertex conversion, bindings and native deformers","B","Add neutral asset view; native construction remains documented legacy adapter interop","legacy wrapper","void CGrannyMesh::SetPNT2Mesh()"
"src/EterGrnLib/Mesh.cpp","249","CGrannyMesh::SetPNT2Mesh","GrannyPNT3322VertexType","Mesh metadata, groups, index/vertex conversion, bindings and native deformers","B","Add neutral asset view; native construction remains documented legacy adapter interop","SDK/adapter symbol","m_pgrnMeshType = GrannyPNT3322VertexType;"
"src/EterGrnLib/Mesh.cpp","252","CGrannyMesh::Destroy","CGrannyMesh","Mesh metadata, groups, index/vertex conversion, bindings and native deformers","B","Add neutral asset view; native construction remains documented legacy adapter interop","legacy wrapper","void CGrannyMesh::Destroy()"
"src/EterGrnLib/Mesh.cpp","261","CGrannyMesh::Destroy","GrannyFreeMeshBinding","Mesh metadata, groups, index/vertex conversion, bindings and native deformers","B;G;H","Add neutral asset view; native construction remains documented legacy adapter interop","SDK/adapter symbol","GrannyFreeMeshBinding(m_pgrnMeshBindingTemp);"
"src/EterGrnLib/Mesh.cpp","265","CGrannyMesh::Destroy","GrannyFreeMeshDeformer","Mesh metadata, groups, index/vertex conversion, bindings and native deformers","B;G","Add neutral asset view; native construction remains documented legacy adapter interop","SDK/adapter symbol","GrannyFreeMeshDeformer(m_pgrnMeshDeformer);"
"src/EterGrnLib/Mesh.cpp","270","CGrannyMesh::Initialize","CGrannyMesh","Mesh metadata, groups, index/vertex conversion, bindings and native deformers","B","Add neutral asset view; native construction remains documented legacy adapter interop","legacy wrapper","void CGrannyMesh::Initialize()"
"src/EterGrnLib/Mesh.cpp","272","CGrannyMesh::Initialize","CGrannyMaterial","Mesh metadata, groups, index/vertex conversion, bindings and native deformers","C","Add neutral asset view; native construction remains documented legacy adapter interop","legacy wrapper","for (int r = 0; r < CGrannyMaterial::TYPE_MAX_NUM; ++r)"
"src/EterGrnLib/Mesh.cpp","275","CGrannyMesh::Initialize","GrannyPNT332VertexType","Mesh metadata, groups, index/vertex conversion, bindings and native deformers","B","Add neutral asset view; native construction remains documented legacy adapter interop","SDK/adapter symbol","m_pgrnMeshType = GrannyPNT332VertexType;"
"src/EterGrnLib/Mesh.cpp","292","CGrannyMesh::CGrannyMesh","CGrannyMesh","Mesh metadata, groups, index/vertex conversion, bindings and native deformers","B","Add neutral asset view; native construction remains documented legacy adapter interop","legacy wrapper","CGrannyMesh::CGrannyMesh()"
"src/EterGrnLib/Mesh.cpp","297","CGrannyMesh::~CGrannyMesh","CGrannyMesh","Mesh metadata, groups, index/vertex conversion, bindings and native deformers","B","Add neutral asset view; native construction remains documented legacy adapter interop","legacy wrapper","CGrannyMesh::~CGrannyMesh()"
"src/EterGrnLib/Mesh.h","5","file scope","granny_data_type_definition;GrannyPNT3322VertexType","Mesh metadata, groups, index/vertex conversion, bindings and native deformers","B","Add neutral asset view; native construction remains documented legacy adapter interop","SDK/adapter symbol","extern granny_data_type_definition GrannyPNT3322VertexType[5];"
"src/EterGrnLib/Mesh.h","7","granny_pnt3322_vertex","granny_pnt3322_vertex","Mesh metadata, groups, index/vertex conversion, bindings and native deformers","B","Add neutral asset view; native construction remains documented legacy adapter interop","SDK/adapter symbol","struct granny_pnt3322_vertex"
"src/EterGrnLib/Mesh.h","9","granny_pnt3322_vertex","granny_real32","Mesh metadata, groups, index/vertex conversion, bindings and native deformers","B","Add neutral asset view; native construction remains documented legacy adapter interop","SDK/adapter symbol","granny_real32 Position[3];"
"src/EterGrnLib/Mesh.h","10","granny_pnt3322_vertex","granny_real32","Mesh metadata, groups, index/vertex conversion, bindings and native deformers","B","Add neutral asset view; native construction remains documented legacy adapter interop","SDK/adapter symbol","granny_real32 Normal[3];"
"src/EterGrnLib/Mesh.h","11","granny_pnt3322_vertex","granny_real32","Mesh metadata, groups, index/vertex conversion, bindings and native deformers","B","Add neutral asset view; native construction remains documented legacy adapter interop","SDK/adapter symbol","granny_real32 UV0[2];"
"src/EterGrnLib/Mesh.h","12","granny_pnt3322_vertex","granny_real32","Mesh metadata, groups, index/vertex conversion, bindings and native deformers","B","Add neutral asset view; native construction remains documented legacy adapter interop","SDK/adapter symbol","granny_real32 UV1[2];"
"src/EterGrnLib/Mesh.h","15","CGrannyMesh","CGrannyMesh","Mesh metadata, groups, index/vertex conversion, bindings and native deformers","B","Add neutral asset view; native construction remains documented legacy adapter interop","legacy wrapper","class CGrannyMesh"
"src/EterGrnLib/Mesh.h","34","CGrannyMesh","CGrannyMesh","Mesh metadata, groups, index/vertex conversion, bindings and native deformers","B","Add neutral asset view; native construction remains documented legacy adapter interop","legacy wrapper","CGrannyMesh();"
"src/EterGrnLib/Mesh.h","35","CGrannyMesh","CGrannyMesh","Mesh metadata, groups, index/vertex conversion, bindings and native deformers","B","Add neutral asset view; native construction remains documented legacy adapter interop","legacy wrapper","virtual ~CGrannyMesh();"
"src/EterGrnLib/Mesh.h","38","CGrannyMesh::CreateFromGrannyMeshPointer","CGrannyMaterialPalette;granny_mesh;granny_skeleton","Mesh metadata, groups, index/vertex conversion, bindings and native deformers","B;C;D","Add neutral asset view; native construction remains documented legacy adapter interop","SDK/adapter symbol","bool					CreateFromGrannyMeshPointer(granny_skeleton* pgrnSkeleton, granny_mesh* pgrnMesh, int vtxBasePos, int idxBasePos, CGrannyMaterialPalette& rkMtrlPal);"
"src/EterGrnLib/Mesh.h","46","CGrannyMesh::DeformPNTVertices","granny_mesh_binding","Mesh metadata, groups, index/vertex conversion, bindings and native deformers","B;G;H","Add neutral asset view; native construction remains documented legacy adapter interop","SDK/adapter symbol","void					DeformPNTVertices(void* dstBaseVertices, Math::Matrix* boneMatrices, granny_mesh_binding* pgrnMeshBinding) const;"
"src/EterGrnLib/Mesh.h","59","CGrannyMesh::GetIndexBasePosition","granny_mesh","Mesh metadata, groups, index/vertex conversion, bindings and native deformers","B","Add neutral asset view; native construction remains documented legacy adapter interop","SDK/adapter symbol","const granny_mesh *					GetGrannyMeshPointer() const;"
"src/EterGrnLib/Mesh.h","60","CGrannyMesh::GetIndexBasePosition","CGrannyMaterial;CGrannyMesh","Mesh metadata, groups, index/vertex conversion, bindings and native deformers","B;C","Add neutral asset view; native construction remains documented legacy adapter interop","legacy wrapper","const CGrannyMesh::TTriGroupNode *	GetTriGroupNodeList(CGrannyMaterial::EType eMtrlType) const;"
"src/EterGrnLib/Mesh.h","68","CGrannyMesh::LoadMaterials","CGrannyMaterialPalette","Mesh metadata, groups, index/vertex conversion, bindings and native deformers","C","Add neutral asset view; native construction remains documented legacy adapter interop","legacy wrapper","bool					LoadMaterials(CGrannyMaterialPalette& rkMtrlPal);"
"src/EterGrnLib/Mesh.h","69","CGrannyMesh::LoadTriGroupNodeList","CGrannyMaterialPalette","Mesh metadata, groups, index/vertex conversion, bindings and native deformers","C","Add neutral asset view; native construction remains documented legacy adapter interop","legacy wrapper","bool					LoadTriGroupNodeList(CGrannyMaterialPalette& rkMtrlPal);"
"src/EterGrnLib/Mesh.h","72","CGrannyMesh::LoadTriGroupNodeList","Granny","Mesh metadata, groups, index/vertex conversion, bindings and native deformers","B","Add neutral asset view; native construction remains documented legacy adapter interop","comment","// Granny Mesh Data"
"src/EterGrnLib/Mesh.h","73","CGrannyMesh::LoadTriGroupNodeList","granny_data_type_definition","Mesh metadata, groups, index/vertex conversion, bindings and native deformers","B","Add neutral asset view; native construction remains documented legacy adapter interop","SDK/adapter symbol","granny_data_type_definition *	m_pgrnMeshType;"
"src/EterGrnLib/Mesh.h","74","CGrannyMesh::LoadTriGroupNodeList","granny_mesh","Mesh metadata, groups, index/vertex conversion, bindings and native deformers","B","Add neutral asset view; native construction remains documented legacy adapter interop","SDK/adapter symbol","granny_mesh *			m_pgrnMesh;"
"src/EterGrnLib/Mesh.h","77","CGrannyMesh::LoadTriGroupNodeList","granny_mesh_binding","Mesh metadata, groups, index/vertex conversion, bindings and native deformers","B;G;H","Add neutral asset view; native construction remains documented legacy adapter interop","SDK/adapter symbol","granny_mesh_binding *	m_pgrnMeshBindingTemp;"
"src/EterGrnLib/Mesh.h","80","CGrannyMesh::LoadTriGroupNodeList","granny_mesh_deformer","Mesh metadata, groups, index/vertex conversion, bindings and native deformers","B;G","Add neutral asset view; native construction remains documented legacy adapter interop","SDK/adapter symbol","granny_mesh_deformer *	m_pgrnMeshDeformer;"
"src/EterGrnLib/Mesh.h","82","CGrannyMesh::LoadTriGroupNodeList","Granny","Mesh metadata, groups, index/vertex conversion, bindings and native deformers","C","Add neutral asset view; native construction remains documented legacy adapter interop","comment","// Granny Material Data"
"src/EterGrnLib/Mesh.h","87","CGrannyMesh::LoadTriGroupNodeList","CGrannyMaterial","Mesh metadata, groups, index/vertex conversion, bindings and native deformers","C","Add neutral asset view; native construction remains documented legacy adapter interop","legacy wrapper","TTriGroupNode *			m_triGroupNodeLists[CGrannyMaterial::TYPE_MAX_NUM];"
"src/EterGrnLib/Model.cpp","9","CGrannyModel::GetMaterialPalette","CGrannyMaterialPalette;CGrannyModel","Model geometry aggregation, source capture, rigid/skinned buffers and CPU fallback","C","Add neutral asset view; native construction remains documented legacy adapter interop","legacy wrapper","const CGrannyMaterialPalette& CGrannyModel::GetMaterialPalette() const"
"src/EterGrnLib/Model.cpp","14","CGrannyModel::GetMeshNodeList","CGrannyMaterial;CGrannyMesh;CGrannyModel","Model geometry aggregation, source capture, rigid/skinned buffers and CPU fallback","B;C","Add neutral asset view; native construction remains documented legacy adapter interop","legacy wrapper","const CGrannyModel::TMeshNode* CGrannyModel::GetMeshNodeList(CGrannyMesh::EType eMeshType, CGrannyMaterial::EType eMtrlType) const"
"src/EterGrnLib/Model.cpp","19","CGrannyModel::GetMeshPointer","CGrannyMesh;CGrannyModel","Model geometry aggregation, source capture, rigid/skinned buffers and CPU fallback","B","Add neutral asset view; native construction remains documented legacy adapter interop","legacy wrapper","CGrannyMesh * CGrannyModel::GetMeshPointer(int iMesh)"
"src/EterGrnLib/Model.cpp","27","CGrannyModel::GetMeshPointer","CGrannyMesh;CGrannyModel","Model geometry aggregation, source capture, rigid/skinned buffers and CPU fallback","B","Add neutral asset view; native construction remains documented legacy adapter interop","legacy wrapper","const CGrannyMesh* CGrannyModel::GetMeshPointer(int iMesh) const"
"src/EterGrnLib/Model.cpp","35","CGrannyModel::CanDeformPNTVertices","CGrannyModel","Model geometry aggregation, source capture, rigid/skinned buffers and CPU fallback","G","Add neutral asset view; native construction remains documented legacy adapter interop","legacy wrapper","bool CGrannyModel::CanDeformPNTVertices() const"
"src/EterGrnLib/Model.cpp","40","CGrannyModel::DeformPNTVertices","CGrannyModel;granny_mesh_binding","Model geometry aggregation, source capture, rigid/skinned buffers and CPU fallback","B;D;G;H","Add neutral asset view; native construction remains documented legacy adapter interop","SDK/adapter symbol","void CGrannyModel::DeformPNTVertices(void * dstBaseVertices, Math::Matrix * boneMatrices, const std::vector<granny_mesh_binding*>& c_rvct_pgrnMeshBinding) const"
"src/EterGrnLib/Model.cpp","50","CGrannyModel::DeformPNTVertices","CGrannyMesh","Model geometry aggregation, source capture, rigid/skinned buffers and CPU fallback","B","Add neutral asset view; native construction remains documented legacy adapter interop","legacy wrapper","CGrannyMesh & rMesh = m_meshs[iMesh];"
"src/EterGrnLib/Model.cpp","56","CGrannyModel::GetRigidVertexCount","CGrannyModel","Model geometry aggregation, source capture, rigid/skinned buffers and CPU fallback","B","Add neutral asset view; native construction remains documented legacy adapter interop","legacy wrapper","int CGrannyModel::GetRigidVertexCount() const"
"src/EterGrnLib/Model.cpp","61","CGrannyModel::GetDeformVertexCount","CGrannyModel","Model geometry aggregation, source capture, rigid/skinned buffers and CPU fallback","B;G","Add neutral asset view; native construction remains documented legacy adapter interop","legacy wrapper","int CGrannyModel::GetDeformVertexCount() const"
"src/EterGrnLib/Model.cpp","66","CGrannyModel::GetVertexCount","CGrannyModel","Model geometry aggregation, source capture, rigid/skinned buffers and CPU fallback","B","Add neutral asset view; native construction remains documented legacy adapter interop","legacy wrapper","int CGrannyModel::GetVertexCount() const"
"src/EterGrnLib/Model.cpp","71","CGrannyModel::GetMeshCount","CGrannyModel","Model geometry aggregation, source capture, rigid/skinned buffers and CPU fallback","B","Add neutral asset view; native construction remains documented legacy adapter interop","legacy wrapper","int CGrannyModel::GetMeshCount() const"
"src/EterGrnLib/Model.cpp","76","CGrannyModel::GetGrannyModelPointer","CGrannyModel;granny_model","Model geometry aggregation, source capture, rigid/skinned buffers and CPU fallback","B","Add neutral asset view; native construction remains documented legacy adapter interop","SDK/adapter symbol","granny_model* CGrannyModel::GetGrannyModelPointer()"
"src/EterGrnLib/Model.cpp","85","CGrannyModel::LockVertices","CGrannyModel","Model geometry aggregation, source capture, rigid/skinned buffers and CPU fallback","B","Add neutral asset view; native construction remains documented legacy adapter interop","legacy wrapper","bool CGrannyModel::LockVertices(void** indicies, void** vertices) const"
"src/EterGrnLib/Model.cpp","99","CGrannyModel::UnlockVertices","CGrannyModel","Model geometry aggregation, source capture, rigid/skinned buffers and CPU fallback","B","Add neutral asset view; native construction remains documented legacy adapter interop","legacy wrapper","void CGrannyModel::UnlockVertices() const"
"src/EterGrnLib/Model.cpp","105","CGrannyModel::LoadPNTVertices","CGrannyModel","Model geometry aggregation, source capture, rigid/skinned buffers and CPU fallback","B","Add neutral asset view; native construction remains documented legacy adapter interop","legacy wrapper","bool CGrannyModel::LoadPNTVertices()"
"src/EterGrnLib/Model.cpp","121","CGrannyModel::LoadPNTVertices","CGrannyMesh","Model geometry aggregation, source capture, rigid/skinned buffers and CPU fallback","B","Add neutral asset view; native construction remains documented legacy adapter interop","legacy wrapper","CGrannyMesh& rMesh = m_meshs[m];"
"src/EterGrnLib/Model.cpp","129","CGrannyModel::LoadIndices","CGrannyModel","Model geometry aggregation, source capture, rigid/skinned buffers and CPU fallback","B","Add neutral asset view; native construction remains documented legacy adapter interop","legacy wrapper","bool CGrannyModel::LoadIndices()"
"src/EterGrnLib/Model.cpp","145","CGrannyModel::LoadIndices","CGrannyMesh","Model geometry aggregation, source capture, rigid/skinned buffers and CPU fallback","B","Add neutral asset view; native construction remains documented legacy adapter interop","legacy wrapper","CGrannyMesh& rMesh = m_meshs[m];"
"src/EterGrnLib/Model.cpp","153","CGrannyModel::LoadMeshs","CGrannyModel","Model geometry aggregation, source capture, rigid/skinned buffers and CPU fallback","B","Add neutral asset view; native construction remains documented legacy adapter interop","legacy wrapper","bool CGrannyModel::LoadMeshs()"
"src/EterGrnLib/Model.cpp","161","CGrannyModel::LoadMeshs","granny_skeleton","Model geometry aggregation, source capture, rigid/skinned buffers and CPU fallback","D","Add neutral asset view; native construction remains documented legacy adapter interop","SDK/adapter symbol","granny_skeleton * pgrnSkeleton = m_pgrnModel->Skeleton;"
"src/EterGrnLib/Model.cpp","173","CGrannyModel::LoadMeshs","CGrannyMesh","Model geometry aggregation, source capture, rigid/skinned buffers and CPU fallback","B","Add neutral asset view; native construction remains documented legacy adapter interop","legacy wrapper","m_meshs = new CGrannyMesh[meshCount];"
"src/EterGrnLib/Model.cpp","179","CGrannyModel::LoadMeshs","CGrannyMesh","Model geometry aggregation, source capture, rigid/skinned buffers and CPU fallback","B","Add neutral asset view; native construction remains documented legacy adapter interop","legacy wrapper","CGrannyMesh& rMesh = m_meshs[m];"
"src/EterGrnLib/Model.cpp","180","CGrannyModel::LoadMeshs","granny_mesh","Model geometry aggregation, source capture, rigid/skinned buffers and CPU fallback","B;G;H","Add neutral asset view; native construction remains documented legacy adapter interop","SDK/adapter symbol","granny_mesh* pgrnMesh = m_pgrnModel->MeshBindings[m].Mesh;"
"src/EterGrnLib/Model.cpp","181","CGrannyModel::LoadMeshs","GrannyGetMeshVertexCount","Model geometry aggregation, source capture, rigid/skinned buffers and CPU fallback","B","Add neutral asset view; native construction remains documented legacy adapter interop","SDK/adapter symbol","const int vertexCount = GrannyGetMeshVertexCount(pgrnMesh);"
"src/EterGrnLib/Model.cpp","182","CGrannyModel::LoadMeshs","GrannyGetMeshIndexCount","Model geometry aggregation, source capture, rigid/skinned buffers and CPU fallback","B","Add neutral asset view; native construction remains documented legacy adapter interop","SDK/adapter symbol","const int indexCount = GrannyGetMeshIndexCount(pgrnMesh);"
"src/EterGrnLib/Model.cpp","189","CGrannyModel::LoadMeshs","GrannyMeshIsRigid","Model geometry aggregation, source capture, rigid/skinned buffers and CPU fallback","B","Add neutral asset view; native construction remains documented legacy adapter interop","SDK/adapter symbol","if (GrannyMeshIsRigid(pgrnMesh))"
"src/EterGrnLib/Model.cpp","212","CGrannyModel::LoadMeshs","GrannyVertexPositionName","Model geometry aggregation, source capture, rigid/skinned buffers and CPU fallback","B","Add neutral asset view; native construction remains documented legacy adapter interop","SDK/adapter symbol","if ( 0 == strcmp(pgrnMesh->PrimaryVertexData->VertexType[i].Name, GrannyVertexPositionName) )"
"src/EterGrnLib/Model.cpp","214","CGrannyModel::LoadMeshs","GrannyVertexNormalName","Model geometry aggregation, source capture, rigid/skinned buffers and CPU fallback","B","Add neutral asset view; native construction remains documented legacy adapter interop","SDK/adapter symbol","else if ( 0 == strcmp(pgrnMesh->PrimaryVertexData->VertexType[i].Name, GrannyVertexNormalName) )"
"src/EterGrnLib/Model.cpp","216","CGrannyModel::LoadMeshs","GrannyVertexTextureCoordinatesName","Model geometry aggregation, source capture, rigid/skinned buffers and CPU fallback","B;C","Add neutral asset view; native construction remains documented legacy adapter interop","SDK/adapter symbol","else if ( 0 == strcmp(pgrnMesh->PrimaryVertexData->VertexType[i].Name, GrannyVertexTextureCoordinatesName""0"") )"
"src/EterGrnLib/Model.cpp","218","CGrannyModel::LoadMeshs","GrannyVertexTextureCoordinatesName","Model geometry aggregation, source capture, rigid/skinned buffers and CPU fallback","B;C","Add neutral asset view; native construction remains documented legacy adapter interop","SDK/adapter symbol","else if ( 0 == strcmp(pgrnMesh->PrimaryVertexData->VertexType[i].Name, GrannyVertexTextureCoordinatesName""1"") )"
"src/EterGrnLib/Model.cpp","225","CGrannyModel::LoadMeshs","CGrannyMaterial","Model geometry aggregation, source capture, rigid/skinned buffers and CPU fallback","C","Add neutral asset view; native construction remains documented legacy adapter interop","legacy wrapper","if (rMesh.GetTriGroupNodeList(CGrannyMaterial::TYPE_DIFFUSE_PNT))"
"src/EterGrnLib/Model.cpp","228","CGrannyModel::LoadMeshs","CGrannyMaterial","Model geometry aggregation, source capture, rigid/skinned buffers and CPU fallback","C","Add neutral asset view; native construction remains documented legacy adapter interop","legacy wrapper","if (rMesh.GetTriGroupNodeList(CGrannyMaterial::TYPE_BLEND_PNT))"
"src/EterGrnLib/Model.cpp","240","CGrannyModel::LoadMeshs","CGrannyMesh","Model geometry aggregation, source capture, rigid/skinned buffers and CPU fallback","B","Add neutral asset view; native construction remains documented legacy adapter interop","legacy wrapper","CGrannyMesh& rMesh = m_meshs[n];"
"src/EterGrnLib/Model.cpp","241","CGrannyModel::LoadMeshs","granny_mesh","Model geometry aggregation, source capture, rigid/skinned buffers and CPU fallback","B;G;H","Add neutral asset view; native construction remains documented legacy adapter interop","SDK/adapter symbol","granny_mesh* pgrnMesh = m_pgrnModel->MeshBindings[n].Mesh;"
"src/EterGrnLib/Model.cpp","243","CGrannyModel::LoadMeshs","CGrannyMesh;GrannyMeshIsRigid","Model geometry aggregation, source capture, rigid/skinned buffers and CPU fallback","B;G","Add neutral asset view; native construction remains documented legacy adapter interop","SDK/adapter symbol","CGrannyMesh::EType eMeshType = GrannyMeshIsRigid(pgrnMesh) ? CGrannyMesh::TYPE_RIGID : CGrannyMesh::TYPE_DEFORM;"
"src/EterGrnLib/Model.cpp","245","CGrannyModel::LoadMeshs","CGrannyMaterial","Model geometry aggregation, source capture, rigid/skinned buffers and CPU fallback","C","Add neutral asset view; native construction remains documented legacy adapter interop","legacy wrapper","if (rMesh.GetTriGroupNodeList(CGrannyMaterial::TYPE_DIFFUSE_PNT))"
"src/EterGrnLib/Model.cpp","246","CGrannyModel::LoadMeshs","CGrannyMaterial","Model geometry aggregation, source capture, rigid/skinned buffers and CPU fallback","C","Add neutral asset view; native construction remains documented legacy adapter interop","legacy wrapper","AppendMeshNode(eMeshType, CGrannyMaterial::TYPE_DIFFUSE_PNT, n);"
"src/EterGrnLib/Model.cpp","248","CGrannyModel::LoadMeshs","CGrannyMaterial","Model geometry aggregation, source capture, rigid/skinned buffers and CPU fallback","C","Add neutral asset view; native construction remains documented legacy adapter interop","legacy wrapper","if (rMesh.GetTriGroupNodeList(CGrannyMaterial::TYPE_BLEND_PNT))"
"src/EterGrnLib/Model.cpp","249","CGrannyModel::LoadMeshs","CGrannyMaterial","Model geometry aggregation, source capture, rigid/skinned buffers and CPU fallback","C","Add neutral asset view; native construction remains documented legacy adapter interop","legacy wrapper","AppendMeshNode(eMeshType, CGrannyMaterial::TYPE_BLEND_PNT, n);"
"src/EterGrnLib/Model.cpp","257","CGrannyModel::LoadMeshs","CGrannyMesh","Model geometry aggregation, source capture, rigid/skinned buffers and CPU fallback","B","Add neutral asset view; native construction remains documented legacy adapter interop","legacy wrapper","CGrannyMesh& rMesh = m_meshs[n];"
"src/EterGrnLib/Model.cpp","270","CGrannyModel::CheckMeshIndex","CGrannyModel","Model geometry aggregation, source capture, rigid/skinned buffers and CPU fallback","B","Add neutral asset view; native construction remains documented legacy adapter interop","legacy wrapper","BOOL CGrannyModel::CheckMeshIndex(int iIndex) const"
"src/EterGrnLib/Model.cpp","280","CGrannyModel::AppendMeshNode","CGrannyMaterial;CGrannyMesh;CGrannyModel","Model geometry aggregation, source capture, rigid/skinned buffers and CPU fallback","B;C","Add neutral asset view; native construction remains documented legacy adapter interop","legacy wrapper","void CGrannyModel::AppendMeshNode(CGrannyMesh::EType eMeshType, CGrannyMaterial::EType eMtrlType, int iMesh)"
"src/EterGrnLib/Model.cpp","292","CGrannyModel::CreateFromGrannyModelPointer","CGrannyModel;granny_model","Model geometry aggregation, source capture, rigid/skinned buffers and CPU fallback","B","Add neutral asset view; native construction remains documented legacy adapter interop","SDK/adapter symbol","bool CGrannyModel::CreateFromGrannyModelPointer(granny_model* pgrnModel)"
"src/EterGrnLib/Model.cpp","322","CGrannyModel::GetIdxCount","CGrannyModel","Model geometry aggregation, source capture, rigid/skinned buffers and CPU fallback","B","Add neutral asset view; native construction remains documented legacy adapter interop","legacy wrapper","int CGrannyModel::GetIdxCount()"
"src/EterGrnLib/Model.cpp","327","CGrannyModel::CreateDeviceObjects","CGrannyModel","Model geometry aggregation, source capture, rigid/skinned buffers and CPU fallback","B","Add neutral asset view; native construction remains documented legacy adapter interop","legacy wrapper","bool CGrannyModel::CreateDeviceObjects()"
"src/EterGrnLib/Model.cpp","341","CGrannyModel::CreateDeviceObjects","CGrannyMesh","Model geometry aggregation, source capture, rigid/skinned buffers and CPU fallback","B","Add neutral asset view; native construction remains documented legacy adapter interop","legacy wrapper","CGrannyMesh& rMesh = m_meshs[i];"
"src/EterGrnLib/Model.cpp","348","CGrannyModel::DestroyDeviceObjects","CGrannyModel","Model geometry aggregation, source capture, rigid/skinned buffers and CPU fallback","B","Add neutral asset view; native construction remains documented legacy adapter interop","legacy wrapper","void CGrannyModel::DestroyDeviceObjects()"
"src/EterGrnLib/Model.cpp","354","CGrannyModel::IsEmpty","CGrannyModel","Model geometry aggregation, source capture, rigid/skinned buffers and CPU fallback","B","Add neutral asset view; native construction remains documented legacy adapter interop","legacy wrapper","bool CGrannyModel::IsEmpty() const"
"src/EterGrnLib/Model.cpp","362","CGrannyModel::Destroy","CGrannyModel","Model geometry aggregation, source capture, rigid/skinned buffers and CPU fallback","B","Add neutral asset view; native construction remains documented legacy adapter interop","legacy wrapper","void CGrannyModel::Destroy()"
"src/EterGrnLib/Model.cpp","378","CGrannyModel::__LoadVertices","CGrannyModel","Model geometry aggregation, source capture, rigid/skinned buffers and CPU fallback","B","Add neutral asset view; native construction remains documented legacy adapter interop","legacy wrapper","bool CGrannyModel::__LoadVertices()"
"src/EterGrnLib/Model.cpp","397","CGrannyModel::__LoadVertices","CGrannyMesh","Model geometry aggregation, source capture, rigid/skinned buffers and CPU fallback","B","Add neutral asset view; native construction remains documented legacy adapter interop","legacy wrapper","CGrannyMesh& rMesh = m_meshs[m];"
"src/EterGrnLib/Model.cpp","405","CGrannyModel::Initialize","CGrannyModel","Model geometry aggregation, source capture, rigid/skinned buffers and CPU fallback","B","Add neutral asset view; native construction remains documented legacy adapter interop","legacy wrapper","void CGrannyModel::Initialize()"
"src/EterGrnLib/Model.cpp","430","CGrannyModel::CaptureStaticObjectSource","CGrannyModel","Model geometry aggregation, source capture, rigid/skinned buffers and CPU fallback","B","Add neutral asset view; native construction remains documented legacy adapter interop","legacy wrapper","void CGrannyModel::CaptureStaticObjectSource()"
"src/EterGrnLib/Model.cpp","441","CGrannyModel::CaptureStaticObjectSource","Granny","Model geometry aggregation, source capture, rigid/skinned buffers and CPU fallback","A","Add neutral asset view; native construction remains documented legacy adapter interop","comment","// Same original conversion and offsets, while Granny file sections are alive."
"src/EterGrnLib/Model.cpp","449","CGrannyModel::CaptureActorSource","CGrannyModel","Model geometry aggregation, source capture, rigid/skinned buffers and CPU fallback","H","Add neutral asset view; native construction remains documented legacy adapter interop","legacy wrapper","void CGrannyModel::CaptureActorSource(bool attachment)"
"src/EterGrnLib/Model.cpp","468","CGrannyModel::CGrannyModel","CGrannyModel","Model geometry aggregation, source capture, rigid/skinned buffers and CPU fallback","B","Add neutral asset view; native construction remains documented legacy adapter interop","legacy wrapper","CGrannyModel::CGrannyModel()"
"src/EterGrnLib/Model.cpp","473","CGrannyModel::~CGrannyModel","CGrannyModel","Model geometry aggregation, source capture, rigid/skinned buffers and CPU fallback","B","Add neutral asset view; native construction remains documented legacy adapter interop","legacy wrapper","CGrannyModel::~CGrannyModel()"
"src/EterGrnLib/Model.h","11","CGrannyModel","CGrannyModel","Model geometry aggregation, source capture, rigid/skinned buffers and CPU fallback","B","Add neutral asset view; native construction remains documented legacy adapter interop","legacy wrapper","class CGrannyModel : public CReferenceObject"
"src/EterGrnLib/Model.h","17","CGrannyModel","CGrannyMesh","Model geometry aggregation, source capture, rigid/skinned buffers and CPU fallback","B","Add neutral asset view; native construction remains documented legacy adapter interop","legacy wrapper","const CGrannyMesh * pMesh;"
"src/EterGrnLib/Model.h","22","CGrannyModel","CGrannyModel","Model geometry aggregation, source capture, rigid/skinned buffers and CPU fallback","B","Add neutral asset view; native construction remains documented legacy adapter interop","legacy wrapper","CGrannyModel();"
"src/EterGrnLib/Model.h","23","CGrannyModel","CGrannyModel","Model geometry aggregation, source capture, rigid/skinned buffers and CPU fallback","B","Add neutral asset view; native construction remains documented legacy adapter interop","legacy wrapper","virtual ~CGrannyModel();"
"src/EterGrnLib/Model.h","26","CGrannyModel::CreateFromGrannyModelPointer","granny_model","Model geometry aggregation, source capture, rigid/skinned buffers and CPU fallback","B","Add neutral asset view; native construction remains documented legacy adapter interop","SDK/adapter symbol","bool CreateFromGrannyModelPointer(granny_model* pgrnModel);"
"src/EterGrnLib/Model.h","37","CGrannyModel::DeformPNTVertices","granny_mesh_binding","Model geometry aggregation, source capture, rigid/skinned buffers and CPU fallback","B;G;H","Add neutral asset view; native construction remains documented legacy adapter interop","SDK/adapter symbol","void DeformPNTVertices(void* dstBaseVertices, Math::Matrix* boneMatrices, const std::vector<granny_mesh_binding*>& c_rvct_pgrnMeshBinding) const;"
"src/EterGrnLib/Model.h","41","CGrannyModel::GetMeshCount","CGrannyMesh","Model geometry aggregation, source capture, rigid/skinned buffers and CPU fallback","B","Add neutral asset view; native construction remains documented legacy adapter interop","legacy wrapper","CGrannyMesh * GetMeshPointer(int iMesh);"
"src/EterGrnLib/Model.h","42","CGrannyModel::GetMeshCount","granny_model","Model geometry aggregation, source capture, rigid/skinned buffers and CPU fallback","B","Add neutral asset view; native construction remains documented legacy adapter interop","SDK/adapter symbol","granny_model * GetGrannyModelPointer();"
"src/EterGrnLib/Model.h","43","CGrannyModel::GetMeshCount","CGrannyMesh","Model geometry aggregation, source capture, rigid/skinned buffers and CPU fallback","B","Add neutral asset view; native construction remains documented legacy adapter interop","legacy wrapper","const CGrannyMesh* GetMeshPointer(int iMesh) const;"
"src/EterGrnLib/Model.h","46","CGrannyModel::GetMeshCount","CGrannyMaterial;CGrannyMesh;CGrannyModel","Model geometry aggregation, source capture, rigid/skinned buffers and CPU fallback","B;C","Add neutral asset view; native construction remains documented legacy adapter interop","legacy wrapper","const CGrannyModel::TMeshNode*  GetMeshNodeList(CGrannyMesh::EType eMeshType, CGrannyMaterial::EType eMtrlType) const;"
"src/EterGrnLib/Model.h","51","CGrannyModel::UnlockVertices","CGrannyMaterialPalette","Model geometry aggregation, source capture, rigid/skinned buffers and CPU fallback","C","Add neutral asset view; native construction remains documented legacy adapter interop","legacy wrapper","const CGrannyMaterialPalette& GetMaterialPalette() const;"
"src/EterGrnLib/Model.h","54","CGrannyModel::CaptureStaticObjectSource","Granny","Model geometry aggregation, source capture, rigid/skinned buffers and CPU fallback","B;G","Add neutral asset view; native construction remains documented legacy adapter interop","comment","// ZiiNAN: Capture before Granny frees its deformable index section."
"src/EterGrnLib/Model.h","66","CGrannyModel::AppendMeshNode","CGrannyMaterial;CGrannyMesh","Model geometry aggregation, source capture, rigid/skinned buffers and CPU fallback","B;C","Add neutral asset view; native construction remains documented legacy adapter interop","legacy wrapper","void AppendMeshNode(CGrannyMesh::EType eMeshType, CGrannyMaterial::EType eMtrlType, int iMesh);"
"src/EterGrnLib/Model.h","69","CGrannyModel::AppendMeshNode","Granny","Model geometry aggregation, source capture, rigid/skinned buffers and CPU fallback","B","Add neutral asset view; native construction remains documented legacy adapter interop","comment","// Granny Data"
"src/EterGrnLib/Model.h","70","CGrannyModel::AppendMeshNode","granny_model","Model geometry aggregation, source capture, rigid/skinned buffers and CPU fallback","B","Add neutral asset view; native construction remains documented legacy adapter interop","SDK/adapter symbol","granny_model *			m_pgrnModel;"
"src/EterGrnLib/Model.h","73","CGrannyModel::AppendMeshNode","CGrannyMesh","Model geometry aggregation, source capture, rigid/skinned buffers and CPU fallback","B","Add neutral asset view; native construction remains documented legacy adapter interop","legacy wrapper","CGrannyMesh *			m_meshs;"
"src/EterGrnLib/Model.h","79","CGrannyModel::AppendMeshNode","CGrannyMaterial;CGrannyMesh","Model geometry aggregation, source capture, rigid/skinned buffers and CPU fallback","B;C","Add neutral asset view; native construction remains documented legacy adapter interop","legacy wrapper","TMeshNode *				m_meshNodeLists[CGrannyMesh::TYPE_MAX_NUM][CGrannyMaterial::TYPE_MAX_NUM];"
"src/EterGrnLib/Model.h","91","CGrannyModel::AppendMeshNode","CGrannyMaterialPalette","Model geometry aggregation, source capture, rigid/skinned buffers and CPU fallback","C","Add neutral asset view; native construction remains documented legacy adapter interop","legacy wrapper","CGrannyMaterialPalette	m_kMtrlPal;"
"src/EterGrnLib/ModelInstance.cpp","7","CGrannyModelInstance::GetModel","CGrannyModel;CGrannyModelInstance","Legacy instance API, model/skeleton/animation ownership and device lifecycle","H","Consume neutral runtime metadata/pose/attachment API; retain only justified legacy interop","legacy wrapper","CGrannyModel* CGrannyModelInstance::GetModel()"
"src/EterGrnLib/ModelInstance.cpp","12","CGrannyModelInstance::SetMaterialImagePointer","CGrannyModelInstance","Legacy instance API, model/skeleton/animation ownership and device lifecycle","C","Consume neutral runtime metadata/pose/attachment API; retain only justified legacy interop","legacy wrapper","void CGrannyModelInstance::SetMaterialImagePointer(const char* c_szImageName, CGraphicImage* pImage)"
"src/EterGrnLib/ModelInstance.cpp","17","CGrannyModelInstance::SetMaterialData","CGrannyModelInstance","Legacy instance API, model/skeleton/animation ownership and device lifecycle","C","Consume neutral runtime metadata/pose/attachment API; retain only justified legacy interop","legacy wrapper","void CGrannyModelInstance::SetMaterialData(const char* c_szImageName, const SMaterialData& c_rkMaterialData)"
"src/EterGrnLib/ModelInstance.cpp","24","CGrannyModelInstance::SetSpecularInfo","CGrannyModelInstance","Legacy instance API, model/skeleton/animation ownership and device lifecycle","H","Consume neutral runtime metadata/pose/attachment API; retain only justified legacy interop","legacy wrapper","void CGrannyModelInstance::SetSpecularInfo(const char* c_szMtrlName, BOOL bEnable, float fPower)"
"src/EterGrnLib/ModelInstance.cpp","29","CGrannyModelInstance::SetLocalTime","CGrannyModelInstance","Legacy instance API, model/skeleton/animation ownership and device lifecycle","H","Consume neutral runtime metadata/pose/attachment API; retain only justified legacy interop","legacy wrapper","void CGrannyModelInstance::SetLocalTime(float fLocalTime)"
"src/EterGrnLib/ModelInstance.cpp","34","CGrannyModelInstance::ResetLocalTime","CGrannyModelInstance","Legacy instance API, model/skeleton/animation ownership and device lifecycle","H","Consume neutral runtime metadata/pose/attachment API; retain only justified legacy interop","legacy wrapper","int CGrannyModelInstance::ResetLocalTime()"
"src/EterGrnLib/ModelInstance.cpp","40","CGrannyModelInstance::GetLocalTime","CGrannyModelInstance","Legacy instance API, model/skeleton/animation ownership and device lifecycle","H","Consume neutral runtime metadata/pose/attachment API; retain only justified legacy interop","legacy wrapper","float CGrannyModelInstance::GetLocalTime()"
"src/EterGrnLib/ModelInstance.cpp","45","CGrannyModelInstance::SetParentModelInstance","CGrannyModelInstance","Legacy instance API, model/skeleton/animation ownership and device lifecycle","D","Consume neutral runtime metadata/pose/attachment API; retain only justified legacy interop","legacy wrapper","void CGrannyModelInstance::SetParentModelInstance(const CGrannyModelInstance* c_pParentModelInstance, const char * c_szBoneName)"
"src/EterGrnLib/ModelInstance.cpp","54","CGrannyModelInstance::SetParentModelInstance","CGrannyModelInstance","Legacy instance API, model/skeleton/animation ownership and device lifecycle","D","Consume neutral runtime metadata/pose/attachment API; retain only justified legacy interop","legacy wrapper","void CGrannyModelInstance::SetParentModelInstance(const CGrannyModelInstance* c_pParentModelInstance, int iBone)"
"src/EterGrnLib/ModelInstance.cpp","60","CGrannyModelInstance::IsEmpty","CGrannyModelInstance","Legacy instance API, model/skeleton/animation ownership and device lifecycle","H","Consume neutral runtime metadata/pose/attachment API; retain only justified legacy interop","legacy wrapper","bool CGrannyModelInstance::IsEmpty()"
"src/EterGrnLib/ModelInstance.cpp","74","CGrannyModelInstance::CreateDeviceObjects","CGrannyModelInstance","Legacy instance API, model/skeleton/animation ownership and device lifecycle","H","Consume neutral runtime metadata/pose/attachment API; retain only justified legacy interop","legacy wrapper","bool CGrannyModelInstance::CreateDeviceObjects()"
"src/EterGrnLib/ModelInstance.cpp","81","CGrannyModelInstance::DestroyDeviceObjects","CGrannyModelInstance","Legacy instance API, model/skeleton/animation ownership and device lifecycle","H","Consume neutral runtime metadata/pose/attachment API; retain only justified legacy interop","legacy wrapper","void CGrannyModelInstance::DestroyDeviceObjects()"
"src/EterGrnLib/ModelInstance.cpp","86","CGrannyModelInstance::__Initialize","CGrannyModelInstance","Legacy instance API, model/skeleton/animation ownership and device lifecycle","H","Consume neutral runtime metadata/pose/attachment API; retain only justified legacy interop","legacy wrapper","void CGrannyModelInstance::__Initialize()"
"src/EterGrnLib/ModelInstance.cpp","118","CGrannyModelInstance::CGrannyModelInstance","CGrannyModelInstance","Legacy instance API, model/skeleton/animation ownership and device lifecycle","H","Consume neutral runtime metadata/pose/attachment API; retain only justified legacy interop","legacy wrapper","CGrannyModelInstance::CGrannyModelInstance()"
"src/EterGrnLib/ModelInstance.cpp","124","CGrannyModelInstance::~CGrannyModelInstance","CGrannyModelInstance","Legacy instance API, model/skeleton/animation ownership and device lifecycle","H","Consume neutral runtime metadata/pose/attachment API; retain only justified legacy interop","legacy wrapper","CGrannyModelInstance::~CGrannyModelInstance()"
"src/EterGrnLib/ModelInstance.cpp","129","CGrannyModelInstance::~CGrannyModelInstance","CGrannyModelInstance","Legacy instance API, model/skeleton/animation ownership and device lifecycle","H","Consume neutral runtime metadata/pose/attachment API; retain only justified legacy interop","legacy wrapper","CDynamicPool<CGrannyModelInstance> CGrannyModelInstance::ms_kPool;"
"src/EterGrnLib/ModelInstance.cpp","131","CGrannyModelInstance::New","CGrannyModelInstance","Legacy instance API, model/skeleton/animation ownership and device lifecycle","H","Consume neutral runtime metadata/pose/attachment API; retain only justified legacy interop","legacy wrapper","CGrannyModelInstance* CGrannyModelInstance::New()"
"src/EterGrnLib/ModelInstance.cpp","136","CGrannyModelInstance::Delete","CGrannyModelInstance","Legacy instance API, model/skeleton/animation ownership and device lifecycle","H","Consume neutral runtime metadata/pose/attachment API; retain only justified legacy interop","legacy wrapper","void CGrannyModelInstance::Delete(CGrannyModelInstance* pkInst)"
"src/EterGrnLib/ModelInstance.cpp","142","CGrannyModelInstance::DestroySystem","CGrannyModelInstance","Legacy instance API, model/skeleton/animation ownership and device lifecycle","H","Consume neutral runtime metadata/pose/attachment API; retain only justified legacy interop","legacy wrapper","void CGrannyModelInstance::DestroySystem()"
"src/EterGrnLib/ModelInstance.h","10","CGrannyModelInstance","CGrannyModelInstance","Legacy instance API, model/skeleton/animation ownership and device lifecycle","H","Consume neutral runtime metadata/pose/attachment API; retain only justified legacy interop","legacy wrapper","class CGrannyModelInstance : public CGraphicCollisionObject"
"src/EterGrnLib/ModelInstance.h","21","CGrannyModelInstance::DestroySystem","CGrannyModelInstance","Legacy instance API, model/skeleton/animation ownership and device lifecycle","H","Consume neutral runtime metadata/pose/attachment API; retain only justified legacy interop","legacy wrapper","static CGrannyModelInstance* New();"
"src/EterGrnLib/ModelInstance.h","22","CGrannyModelInstance::Delete","CGrannyModelInstance","Legacy instance API, model/skeleton/animation ownership and device lifecycle","H","Consume neutral runtime metadata/pose/attachment API; retain only justified legacy interop","legacy wrapper","static void Delete(CGrannyModelInstance* pkInst);"
"src/EterGrnLib/ModelInstance.h","24","CGrannyModelInstance::Delete","CGrannyModelInstance","Legacy instance API, model/skeleton/animation ownership and device lifecycle","H","Consume neutral runtime metadata/pose/attachment API; retain only justified legacy interop","legacy wrapper","static CDynamicPool<CGrannyModelInstance>		ms_kPool;"
"src/EterGrnLib/ModelInstance.h","29","FCreateDeviceObjects::operator","CGrannyModelInstance","Legacy instance API, model/skeleton/animation ownership and device lifecycle","H","Consume neutral runtime metadata/pose/attachment API; retain only justified legacy interop","legacy wrapper","void operator() (CGrannyModelInstance * pModelInstance)"
"src/EterGrnLib/ModelInstance.h","35","FDestroyDeviceObjects::operator","CGrannyModelInstance","Legacy instance API, model/skeleton/animation ownership and device lifecycle","H","Consume neutral runtime metadata/pose/attachment API; retain only justified legacy interop","legacy wrapper","void operator() (CGrannyModelInstance * pModelInstance)"
"src/EterGrnLib/ModelInstance.h","40","FDestroyDeviceObjects::operator","CGrannyModelInstance","Legacy instance API, model/skeleton/animation ownership and device lifecycle","H","Consume neutral runtime metadata/pose/attachment API; retain only justified legacy interop","legacy wrapper","CGrannyModelInstance();"
"src/EterGrnLib/ModelInstance.h","41","FDestroyDeviceObjects::operator","CGrannyModelInstance","Legacy instance API, model/skeleton/animation ownership and device lifecycle","H","Consume neutral runtime metadata/pose/attachment API; retain only justified legacy interop","legacy wrapper","virtual ~CGrannyModelInstance();"
"src/EterGrnLib/ModelInstance.h","71","FDestroyDeviceObjects::RenderWithoutTexture","CGrannyModel","Legacy instance API, model/skeleton/animation ownership and device lifecycle","H","Consume neutral runtime metadata/pose/attachment API; retain only justified legacy interop","legacy wrapper","CGrannyModel* GetModel();"
"src/EterGrnLib/ModelInstance.h","78","FDestroyDeviceObjects::GetSkinningPalette","CGrannyMaterialPalette","Legacy instance API, model/skeleton/animation ownership and device lifecycle","C","Consume neutral runtime metadata/pose/attachment API; retain only justified legacy interop","legacy wrapper","CGrannyMaterialPalette& GetStaticObjectMaterialPalette() { return m_kMtrlPal; }"
"src/EterGrnLib/ModelInstance.h","87","FDestroyDeviceObjects::SetMainModelPointer","CGrannyModel","Legacy instance API, model/skeleton/animation ownership and device lifecycle","B","Consume neutral runtime metadata/pose/attachment API; retain only justified legacy interop","legacy wrapper","void	SetMainModelPointer(CGrannyModel* pkModel, CGraphicVertexBuffer* pkSharedDefromableVertexBuffer);"
"src/EterGrnLib/ModelInstance.h","88","FDestroyDeviceObjects::SetLinkedModelPointer","CGrannyModel;CGrannyModelInstance","Legacy instance API, model/skeleton/animation ownership and device lifecycle","B;D","Consume neutral runtime metadata/pose/attachment API; retain only justified legacy interop","legacy wrapper","void	SetLinkedModelPointer(CGrannyModel* pkModel, CGraphicVertexBuffer* pkSharedDefromableVertexBuffer, CGrannyModelInstance** ppkSkeletonInst, bool refreshLinkedLodBinding = false);"
"src/EterGrnLib/ModelInstance.h","91","FDestroyDeviceObjects::SetMotionPointer","CGrannyMotion","Legacy instance API, model/skeleton/animation ownership and device lifecycle","E","Consume neutral runtime metadata/pose/attachment API; retain only justified legacy interop","legacy wrapper","void	SetMotionPointer(const CGrannyMotion* pMotion, float blendTime=0.0f, int loopCount=0, float speedRatio=1.0f);"
"src/EterGrnLib/ModelInstance.h","92","FDestroyDeviceObjects::ChangeMotionPointer","CGrannyMotion","Legacy instance API, model/skeleton/animation ownership and device lifecycle","E","Consume neutral runtime metadata/pose/attachment API; retain only justified legacy interop","legacy wrapper","void	ChangeMotionPointer(const CGrannyMotion* pMotion, int loopCount=0, float speedRatio=1.0f);"
"src/EterGrnLib/ModelInstance.h","96","FDestroyDeviceObjects::CopyMotion","CGrannyModelInstance","Legacy instance API, model/skeleton/animation ownership and device lifecycle","E","Consume neutral runtime metadata/pose/attachment API; retain only justified legacy interop","legacy wrapper","void	CopyMotion(CGrannyModelInstance * pModelInstance, bool bIsFreeSourceControl=false);"
"src/EterGrnLib/ModelInstance.h","115","FDestroyDeviceObjects::SetParentModelInstance","CGrannyModelInstance","Legacy instance API, model/skeleton/animation ownership and device lifecycle","D","Consume neutral runtime metadata/pose/attachment API; retain only justified legacy interop","legacy wrapper","void			SetParentModelInstance(const CGrannyModelInstance* c_pParentModelInstance, const char * c_szBoneName);"
"src/EterGrnLib/ModelInstance.h","116","FDestroyDeviceObjects::SetParentModelInstance","CGrannyModelInstance","Legacy instance API, model/skeleton/animation ownership and device lifecycle","D","Consume neutral runtime metadata/pose/attachment API; retain only justified legacy interop","legacy wrapper","void			SetParentModelInstance(const CGrannyModelInstance* c_pParentModelInstance, int iBone);"
"src/EterGrnLib/ModelInstance.h","141","FDestroyDeviceObjects::__CreateWorldPose","CGrannyModelInstance","Legacy instance API, model/skeleton/animation ownership and device lifecycle","H","Consume neutral runtime metadata/pose/attachment API; retain only justified legacy interop","legacy wrapper","void	__CreateWorldPose(CGrannyModelInstance* pkSrcModelInst);"
"src/EterGrnLib/ModelInstance.h","143","FDestroyDeviceObjects::__CreateMeshBindingVector","CGrannyModelInstance","Legacy instance API, model/skeleton/animation ownership and device lifecycle","H","Consume neutral runtime metadata/pose/attachment API; retain only justified legacy interop","legacy wrapper","bool	__CreateMeshBindingVector(CGrannyModelInstance* pkDstModelInst);"
"src/EterGrnLib/ModelInstance.h","153","FDestroyDeviceObjects::__SetSharedDeformableVertexBuffer","granny_world_pose","Legacy instance API, model/skeleton/animation ownership and device lifecycle","F","Consume neutral runtime metadata/pose/attachment API; retain only justified legacy interop","SDK/adapter symbol","granny_world_pose* __GetWorldPosePtr() const;"
"src/EterGrnLib/ModelInstance.h","165","FDestroyDeviceObjects::RenderMeshNodeListWithOneTexture","CGrannyMaterial;CGrannyMesh","Legacy instance API, model/skeleton/animation ownership and device lifecycle","B;C","Consume neutral runtime metadata/pose/attachment API; retain only justified legacy interop","legacy wrapper","void	RenderMeshNodeListWithOneTexture(CGrannyMesh::EType eMeshType, CGrannyMaterial::EType eMtrlType);"
"src/EterGrnLib/ModelInstance.h","166","FDestroyDeviceObjects::RenderMeshNodeListWithTwoTexture","CGrannyMaterial;CGrannyMesh","Legacy instance API, model/skeleton/animation ownership and device lifecycle","B;C","Consume neutral runtime metadata/pose/attachment API; retain only justified legacy interop","legacy wrapper","void	RenderMeshNodeListWithTwoTexture(CGrannyMesh::EType eMeshType, CGrannyMaterial::EType eMtrlType);"
"src/EterGrnLib/ModelInstance.h","167","FDestroyDeviceObjects::RenderMeshNodeListWithoutTexture","CGrannyMaterial;CGrannyMesh","Legacy instance API, model/skeleton/animation ownership and device lifecycle","B;C","Consume neutral runtime metadata/pose/attachment API; retain only justified legacy interop","legacy wrapper","void	RenderMeshNodeListWithoutTexture(CGrannyMesh::EType eMeshType, CGrannyMaterial::EType eMtrlType);"
"src/EterGrnLib/ModelInstance.h","171","FDestroyDeviceObjects::RenderMeshNodeListWithoutTexture","CGrannyModel","Legacy instance API, model/skeleton/animation ownership and device lifecycle","H","Consume neutral runtime metadata/pose/attachment API; retain only justified legacy interop","legacy wrapper","CGrannyModel *					m_pModel;"
"src/EterGrnLib/ModelInstance.h","173","FDestroyDeviceObjects::RenderMeshNodeListWithoutTexture","Granny","Legacy instance API, model/skeleton/animation ownership and device lifecycle","H","Consume neutral runtime metadata/pose/attachment API; retain only justified legacy interop","comment","// Granny Data"
"src/EterGrnLib/ModelInstance.h","174","FDestroyDeviceObjects::RenderMeshNodeListWithoutTexture","granny_model_instance","Legacy instance API, model/skeleton/animation ownership and device lifecycle","H","Consume neutral runtime metadata/pose/attachment API; retain only justified legacy interop","SDK/adapter symbol","granny_model_instance *			m_pgrnModelInstance;"
"src/EterGrnLib/ModelInstance.h","176","FDestroyDeviceObjects::RenderMeshNodeListWithoutTexture","granny_world_pose","Legacy instance API, model/skeleton/animation ownership and device lifecycle","F","Consume neutral runtime metadata/pose/attachment API; retain only justified legacy interop","comment","//granny_world_pose *				m_pgrnWorldPose;		// 현재 월드 포즈 포인터"
"src/EterGrnLib/ModelInstance.h","178","FDestroyDeviceObjects::RenderMeshNodeListWithoutTexture","granny_control","Legacy instance API, model/skeleton/animation ownership and device lifecycle","E","Consume neutral runtime metadata/pose/attachment API; retain only justified legacy interop","SDK/adapter symbol","granny_control *				m_pgrnCtrl;"
"src/EterGrnLib/ModelInstance.h","179","FDestroyDeviceObjects::RenderMeshNodeListWithoutTexture","granny_animation","Legacy instance API, model/skeleton/animation ownership and device lifecycle","E","Consume neutral runtime metadata/pose/attachment API; retain only justified legacy interop","SDK/adapter symbol","granny_animation *				m_pgrnAni;"
"src/EterGrnLib/ModelInstance.h","186","FDestroyDeviceObjects::RenderMeshNodeListWithoutTexture","CGrannyModelInstance","Legacy instance API, model/skeleton/animation ownership and device lifecycle","H","Consume neutral runtime metadata/pose/attachment API; retain only justified legacy interop","legacy wrapper","const CGrannyModelInstance *	mc_pParentInstance;"
"src/EterGrnLib/ModelInstance.h","195","FDestroyDeviceObjects::RenderMeshNodeListWithoutTexture","CGrannyMaterialPalette","Legacy instance API, model/skeleton/animation ownership and device lifecycle","C","Consume neutral runtime metadata/pose/attachment API; retain only justified legacy interop","legacy wrapper","CGrannyMaterialPalette			m_kMtrlPal;"
"src/EterGrnLib/ModelInstance.h","206","FDestroyDeviceObjects::RenderMeshNodeListWithoutTexture","granny_world_pose","Legacy instance API, model/skeleton/animation ownership and device lifecycle","F","Consume neutral runtime metadata/pose/attachment API; retain only justified legacy interop","SDK/adapter symbol","granny_world_pose*					m_pgrnWorldPoseReal;	// 실제 메모리는 여기에 할당"
"src/EterGrnLib/ModelInstance.h","207","FDestroyDeviceObjects::RenderMeshNodeListWithoutTexture","granny_mesh_binding","Legacy instance API, model/skeleton/animation ownership and device lifecycle","B;G;H","Consume neutral runtime metadata/pose/attachment API; retain only justified legacy interop","SDK/adapter symbol","std::vector<granny_mesh_binding*>	m_vct_pgrnMeshBinding;"
"src/EterGrnLib/ModelInstance.h","216","FDestroyDeviceObjects::RenderMeshNodeListWithoutTexture","CGrannyModelInstance","Legacy instance API, model/skeleton/animation ownership and device lifecycle","D","Consume neutral runtime metadata/pose/attachment API; retain only justified legacy interop","legacy wrapper","CGrannyModelInstance** m_ppkSkeletonInst;"
"src/EterGrnLib/ModelInstanceCollisionDetection.cpp","5","CGrannyModelInstance::MakeBoundBox","CGrannyModelInstance","Bone/mesh matrix collision and bounds queries","H","Consume neutral runtime metadata/pose/attachment API; retain only justified legacy interop","legacy wrapper","void CGrannyModelInstance::MakeBoundBox(TBoundBox* pBoundBox,"
"src/EterGrnLib/ModelInstanceCollisionDetection.cpp","35","CGrannyModelInstance::Intersect","CGrannyModelInstance","Bone/mesh matrix collision and bounds queries","H","Consume neutral runtime metadata/pose/attachment API; retain only justified legacy interop","legacy wrapper","bool CGrannyModelInstance::Intersect(const Math::Matrix * c_pMatrix,"
"src/EterGrnLib/ModelInstanceCollisionDetection.cpp","57","CGrannyModelInstance::Intersect","CGrannyMesh","Bone/mesh matrix collision and bounds queries","B","Consume neutral runtime metadata/pose/attachment API; retain only justified legacy interop","comment","//const CGrannyMesh * pMesh = m_pModel->GetMeshPointer(m);"
"src/EterGrnLib/ModelInstanceCollisionDetection.cpp","58","CGrannyModelInstance::Intersect","granny_mesh","Bone/mesh matrix collision and bounds queries","B;G;H","Consume neutral runtime metadata/pose/attachment API; retain only justified legacy interop","SDK/adapter symbol","const granny_mesh * pgrnMesh = m_pModel->GetGrannyModelPointer()->MeshBindings[m].Mesh;"
"src/EterGrnLib/ModelInstanceCollisionDetection.cpp","62","CGrannyModelInstance::Intersect","granny_bone_binding","Bone/mesh matrix collision and bounds queries","B;D","Consume neutral runtime metadata/pose/attachment API; retain only justified legacy interop","SDK/adapter symbol","const granny_bone_binding& rgrnBoneBinding = pgrnMesh->BoneBindings[b];"
"src/EterGrnLib/ModelInstanceCollisionDetection.cpp","67","CGrannyModelInstance::Intersect","GrannyGetWorldPose4x4","Bone/mesh matrix collision and bounds queries","B;D;F","Consume neutral runtime metadata/pose/attachment API; retain only justified legacy interop","SDK/adapter symbol","float * Transform = GrannyGetWorldPose4x4(__GetWorldPosePtr(), __GetMeshBoneIndices(m)[b]);"
"src/EterGrnLib/ModelInstanceCollisionDetection.cpp","97","CGrannyModelInstance::GetBoundBox","CGrannyModelInstance","Bone/mesh matrix collision and bounds queries","H","Consume neutral runtime metadata/pose/attachment API; retain only justified legacy interop","legacy wrapper","void CGrannyModelInstance::GetBoundBox(Math::Vector3* vtMin, Math::Vector3* vtMax)"
"src/EterGrnLib/ModelInstanceCollisionDetection.cpp","110","CGrannyModelInstance::GetBoundBox","CGrannyMesh","Bone/mesh matrix collision and bounds queries","B","Consume neutral runtime metadata/pose/attachment API; retain only justified legacy interop","comment","//const CGrannyMesh* pMesh = m_pModel->GetMeshPointer(m);"
"src/EterGrnLib/ModelInstanceCollisionDetection.cpp","111","CGrannyModelInstance::GetBoundBox","granny_mesh","Bone/mesh matrix collision and bounds queries","B;G;H","Consume neutral runtime metadata/pose/attachment API; retain only justified legacy interop","SDK/adapter symbol","const granny_mesh* pgrnMesh = m_pModel->GetGrannyModelPointer()->MeshBindings[m].Mesh;"
"src/EterGrnLib/ModelInstanceCollisionDetection.cpp","118","CGrannyModelInstance::GetBoundBox","granny_bone_binding","Bone/mesh matrix collision and bounds queries","B;D","Consume neutral runtime metadata/pose/attachment API; retain only justified legacy interop","SDK/adapter symbol","const granny_bone_binding& rgrnBoneBinding = pgrnMesh->BoneBindings[b];"
"src/EterGrnLib/ModelInstanceCollisionDetection.cpp","121","CGrannyModelInstance::GetBoundBox","GrannyGetWorldPose4x4","Bone/mesh matrix collision and bounds queries","B;D;F","Consume neutral runtime metadata/pose/attachment API; retain only justified legacy interop","SDK/adapter symbol","GrannyGetWorldPose4x4(__GetWorldPosePtr(), boneIndices[b]),"
"src/EterGrnLib/ModelInstanceCollisionDetection.cpp","127","CGrannyModelInstance::GetMeshMatrixPointer","CGrannyModelInstance","Bone/mesh matrix collision and bounds queries","B","Consume neutral runtime metadata/pose/attachment API; retain only justified legacy interop","legacy wrapper","bool CGrannyModelInstance::GetMeshMatrixPointer(int iMesh, const Math::Matrix ** c_ppMatrix) const"
"src/EterGrnLib/ModelInstanceCollisionDetection.cpp","138","CGrannyModelInstance::GetMeshMatrixPointer","CGrannyMesh","Bone/mesh matrix collision and bounds queries","B","Consume neutral runtime metadata/pose/attachment API; retain only justified legacy interop","comment","//const CGrannyMesh * pMesh = m_pModel->GetMeshPointer(iMesh);"
"src/EterGrnLib/ModelInstanceCollisionDetection.cpp","139","CGrannyModelInstance::GetMeshMatrixPointer","GrannyGetWorldPose4x4","Bone/mesh matrix collision and bounds queries","B;D;F","Consume neutral runtime metadata/pose/attachment API; retain only justified legacy interop","SDK/adapter symbol","*c_ppMatrix = (Math::Matrix *)GrannyGetWorldPose4x4(__GetWorldPosePtr(), __GetMeshBoneIndices(iMesh)[0]);"
"src/EterGrnLib/ModelInstanceModel.cpp","5","CGrannyModelInstance::Clear","CGrannyModelInstance","Model instance ownership, skeleton links, mesh bindings and remap lifetime","H","Consume neutral runtime metadata/pose/attachment API; retain only justified legacy interop","legacy wrapper","void CGrannyModelInstance::Clear()"
"src/EterGrnLib/ModelInstanceModel.cpp","30","CGrannyModelInstance::SetMainModelPointer","CGrannyModel;CGrannyModelInstance","Model instance ownership, skeleton links, mesh bindings and remap lifetime","B;G","Consume neutral runtime metadata/pose/attachment API; retain only justified legacy interop","legacy wrapper","void CGrannyModelInstance::SetMainModelPointer(CGrannyModel* pModel, CGraphicVertexBuffer* pkSharedDeformableVertexBuffer)"
"src/EterGrnLib/ModelInstanceModel.cpp","35","CGrannyModelInstance::SetLinkedModelPointer","CGrannyModel;CGrannyModelInstance","Model instance ownership, skeleton links, mesh bindings and remap lifetime","B;D;G","Consume neutral runtime metadata/pose/attachment API; retain only justified legacy interop","legacy wrapper","void CGrannyModelInstance::SetLinkedModelPointer(CGrannyModel* pkModel, CGraphicVertexBuffer* pkSharedDeformableVertexBuffer, CGrannyModelInstance** ppkSkeletonInst, bool refreshLinkedLodBinding)"
"src/EterGrnLib/ModelInstanceModel.cpp","77","CGrannyModelInstance::__GetWorldPosePtr","CGrannyModelInstance;granny_world_pose","Model instance ownership, skeleton links, mesh bindings and remap lifetime","F","Consume neutral runtime metadata/pose/attachment API; retain only justified legacy interop","SDK/adapter symbol","granny_world_pose* CGrannyModelInstance::__GetWorldPosePtr() const"
"src/EterGrnLib/ModelInstanceModel.cpp","89","CGrannyModelInstance::__GetMeshBoneIndices","CGrannyModelInstance","Model instance ownership, skeleton links, mesh bindings and remap lifetime","B;D;G;H","Consume neutral runtime metadata/pose/attachment API; retain only justified legacy interop","legacy wrapper","int* CGrannyModelInstance::__GetMeshBoneIndices(unsigned int iMeshBinding) const"
"src/EterGrnLib/ModelInstanceModel.cpp","92","CGrannyModelInstance::__GetMeshBoneIndices","GrannyGetMeshBindingToBoneIndices","Model instance ownership, skeleton links, mesh bindings and remap lifetime","B;D;G;H","Consume neutral runtime metadata/pose/attachment API; retain only justified legacy interop","SDK/adapter symbol","return (int*)GrannyGetMeshBindingToBoneIndices(m_vct_pgrnMeshBinding[iMeshBinding]);"
"src/EterGrnLib/ModelInstanceModel.cpp","95","CGrannyModelInstance::__CreateMeshBindingVector","CGrannyModelInstance","Model instance ownership, skeleton links, mesh bindings and remap lifetime","B;G;H","Consume neutral runtime metadata/pose/attachment API; retain only justified legacy interop","legacy wrapper","bool CGrannyModelInstance::__CreateMeshBindingVector(CGrannyModelInstance* pkDstModelInst)"
"src/EterGrnLib/ModelInstanceModel.cpp","102","CGrannyModelInstance::__CreateMeshBindingVector","granny_model","Model instance ownership, skeleton links, mesh bindings and remap lifetime","H","Consume neutral runtime metadata/pose/attachment API; retain only justified legacy interop","SDK/adapter symbol","granny_model* pgrnModel = m_pModel->GetGrannyModelPointer();"
"src/EterGrnLib/ModelInstanceModel.cpp","106","CGrannyModelInstance::__CreateMeshBindingVector","granny_skeleton","Model instance ownership, skeleton links, mesh bindings and remap lifetime","D","Consume neutral runtime metadata/pose/attachment API; retain only justified legacy interop","SDK/adapter symbol","granny_skeleton* pgrnDstSkeleton = pgrnModel->Skeleton;"
"src/EterGrnLib/ModelInstanceModel.cpp","112","CGrannyModelInstance::__CreateMeshBindingVector","granny_int32","Model instance ownership, skeleton links, mesh bindings and remap lifetime","B;G;H","Consume neutral runtime metadata/pose/attachment API; retain only justified legacy interop","SDK/adapter symbol","granny_int32 iMeshBinding;"
"src/EterGrnLib/ModelInstanceModel.cpp","114","CGrannyModelInstance::__CreateMeshBindingVector","GrannyNewMeshBinding","Model instance ownership, skeleton links, mesh bindings and remap lifetime","B;D;G;H","Consume neutral runtime metadata/pose/attachment API; retain only justified legacy interop","SDK/adapter symbol","m_vct_pgrnMeshBinding.push_back(GrannyNewMeshBinding(pgrnModel->MeshBindings[iMeshBinding].Mesh, pgrnModel->Skeleton, pgrnDstSkeleton));"
"src/EterGrnLib/ModelInstanceModel.cpp","121","CGrannyModelInstance::__DestroyMeshBindingVector","CGrannyModelInstance","Model instance ownership, skeleton links, mesh bindings and remap lifetime","B;G;H","Consume neutral runtime metadata/pose/attachment API; retain only justified legacy interop","legacy wrapper","void CGrannyModelInstance::__DestroyMeshBindingVector()"
"src/EterGrnLib/ModelInstanceModel.cpp","123","std::for_each","GrannyFreeMeshBinding","Model instance ownership, skeleton links, mesh bindings and remap lifetime","B;G;H","Consume neutral runtime metadata/pose/attachment API; retain only justified legacy interop","SDK/adapter symbol","std::for_each(m_vct_pgrnMeshBinding.begin(), m_vct_pgrnMeshBinding.end(), GrannyFreeMeshBinding);"
"src/EterGrnLib/ModelInstanceModel.cpp","130","CGrannyModelInstance::__CreateWorldPose","CGrannyModelInstance","Model instance ownership, skeleton links, mesh bindings and remap lifetime","D;F","Consume neutral runtime metadata/pose/attachment API; retain only justified legacy interop","legacy wrapper","void CGrannyModelInstance::__CreateWorldPose(CGrannyModelInstance* pkSkeletonInst)"
"src/EterGrnLib/ModelInstanceModel.cpp","140","CGrannyModelInstance::__CreateWorldPose","granny_skeleton;GrannyGetSourceSkeleton","Model instance ownership, skeleton links, mesh bindings and remap lifetime","D","Consume neutral runtime metadata/pose/attachment API; retain only justified legacy interop","SDK/adapter symbol","granny_skeleton * pgrnSkeleton = GrannyGetSourceSkeleton(m_pgrnModelInstance);"
"src/EterGrnLib/ModelInstanceModel.cpp","143","CGrannyModelInstance::__CreateWorldPose","GrannyNewWorldPose","Model instance ownership, skeleton links, mesh bindings and remap lifetime","D;F","Consume neutral runtime metadata/pose/attachment API; retain only justified legacy interop","SDK/adapter symbol","m_pgrnWorldPoseReal = GrannyNewWorldPose(pgrnSkeleton->BoneCount);"
"src/EterGrnLib/ModelInstanceModel.cpp","147","CGrannyModelInstance::__DestroyWorldPose","CGrannyModelInstance","Model instance ownership, skeleton links, mesh bindings and remap lifetime","F","Consume neutral runtime metadata/pose/attachment API; retain only justified legacy interop","legacy wrapper","void CGrannyModelInstance::__DestroyWorldPose()"
"src/EterGrnLib/ModelInstanceModel.cpp","152","CGrannyModelInstance::__DestroyWorldPose","GrannyFreeWorldPose","Model instance ownership, skeleton links, mesh bindings and remap lifetime","F","Consume neutral runtime metadata/pose/attachment API; retain only justified legacy interop","SDK/adapter symbol","GrannyFreeWorldPose(m_pgrnWorldPoseReal);"
"src/EterGrnLib/ModelInstanceModel.cpp","156","CGrannyModelInstance::__CreateModelInstance","CGrannyModelInstance","Model instance ownership, skeleton links, mesh bindings and remap lifetime","H","Consume neutral runtime metadata/pose/attachment API; retain only justified legacy interop","legacy wrapper","void CGrannyModelInstance::__CreateModelInstance()"
"src/EterGrnLib/ModelInstanceModel.cpp","161","CGrannyModelInstance::__CreateModelInstance","granny_model","Model instance ownership, skeleton links, mesh bindings and remap lifetime","H","Consume neutral runtime metadata/pose/attachment API; retain only justified legacy interop","SDK/adapter symbol","const granny_model * pgrnModel = m_pModel->GetGrannyModelPointer();"
"src/EterGrnLib/ModelInstanceModel.cpp","162","CGrannyModelInstance::__CreateModelInstance","GrannyInstantiateModel","Model instance ownership, skeleton links, mesh bindings and remap lifetime","H","Consume neutral runtime metadata/pose/attachment API; retain only justified legacy interop","SDK/adapter symbol","m_pgrnModelInstance = GrannyInstantiateModel(pgrnModel);"
"src/EterGrnLib/ModelInstanceModel.cpp","165","CGrannyModelInstance::__DestroyModelInstance","CGrannyModelInstance","Model instance ownership, skeleton links, mesh bindings and remap lifetime","H","Consume neutral runtime metadata/pose/attachment API; retain only justified legacy interop","legacy wrapper","void CGrannyModelInstance::__DestroyModelInstance()"
"src/EterGrnLib/ModelInstanceModel.cpp","170","CGrannyModelInstance::__DestroyModelInstance","GrannyFreeModelInstance","Model instance ownership, skeleton links, mesh bindings and remap lifetime","H","Consume neutral runtime metadata/pose/attachment API; retain only justified legacy interop","SDK/adapter symbol","GrannyFreeModelInstance(m_pgrnModelInstance);"
"src/EterGrnLib/ModelInstanceModel.cpp","174","CGrannyModelInstance::__CreateMeshMatrices","CGrannyModelInstance","Model instance ownership, skeleton links, mesh bindings and remap lifetime","B","Consume neutral runtime metadata/pose/attachment API; retain only justified legacy interop","legacy wrapper","void CGrannyModelInstance::__CreateMeshMatrices()"
"src/EterGrnLib/ModelInstanceModel.cpp","185","CGrannyModelInstance::__DestroyMeshMatrices","CGrannyModelInstance","Model instance ownership, skeleton links, mesh bindings and remap lifetime","B","Consume neutral runtime metadata/pose/attachment API; retain only justified legacy interop","legacy wrapper","void CGrannyModelInstance::__DestroyMeshMatrices()"
"src/EterGrnLib/ModelInstanceModel.cpp","194","CGrannyModelInstance::GetDeformableVertexCount","CGrannyModelInstance","Model instance ownership, skeleton links, mesh bindings and remap lifetime","B;G","Consume neutral runtime metadata/pose/attachment API; retain only justified legacy interop","legacy wrapper","DWORD CGrannyModelInstance::GetDeformableVertexCount()"
"src/EterGrnLib/ModelInstanceModel.cpp","202","CGrannyModelInstance::GetVertexCount","CGrannyModelInstance","Model instance ownership, skeleton links, mesh bindings and remap lifetime","B","Consume neutral runtime metadata/pose/attachment API; retain only justified legacy interop","legacy wrapper","DWORD CGrannyModelInstance::GetVertexCount()"
"src/EterGrnLib/ModelInstanceModel.cpp","212","CGrannyModelInstance::__SetSharedDeformableVertexBuffer","CGrannyModelInstance","Model instance ownership, skeleton links, mesh bindings and remap lifetime","B;G","Consume neutral runtime metadata/pose/attachment API; retain only justified legacy interop","legacy wrapper","void CGrannyModelInstance::__SetSharedDeformableVertexBuffer(CGraphicVertexBuffer* pkSharedDeformableVertexBuffer)"
"src/EterGrnLib/ModelInstanceModel.cpp","217","CGrannyModelInstance::__IsDeformableVertexBuffer","CGrannyModelInstance","Model instance ownership, skeleton links, mesh bindings and remap lifetime","B;G","Consume neutral runtime metadata/pose/attachment API; retain only justified legacy interop","legacy wrapper","bool CGrannyModelInstance::__IsDeformableVertexBuffer()"
"src/EterGrnLib/ModelInstanceModel.cpp","227","CGrannyModelInstance::__GetDeformableVertexBufferRef","CGrannyModelInstance","Model instance ownership, skeleton links, mesh bindings and remap lifetime","B;G","Consume neutral runtime metadata/pose/attachment API; retain only justified legacy interop","legacy wrapper","CGraphicVertexBuffer& CGrannyModelInstance::__GetDeformableVertexBufferRef()"
"src/EterGrnLib/ModelInstanceModel.cpp","235","CGrannyModelInstance::__CreateDynamicVertexBuffer","CGrannyModelInstance","Model instance ownership, skeleton links, mesh bindings and remap lifetime","B","Consume neutral runtime metadata/pose/attachment API; retain only justified legacy interop","legacy wrapper","void CGrannyModelInstance::__CreateDynamicVertexBuffer()"
"src/EterGrnLib/ModelInstanceModel.cpp","251","CGrannyModelInstance::__DestroyDynamicVertexBuffer","CGrannyModelInstance","Model instance ownership, skeleton links, mesh bindings and remap lifetime","B","Consume neutral runtime metadata/pose/attachment API; retain only justified legacy interop","legacy wrapper","void CGrannyModelInstance::__DestroyDynamicVertexBuffer()"
"src/EterGrnLib/ModelInstanceModel.cpp","259","CGrannyModelInstance::GetBoneIndexByName","CGrannyModelInstance","Model instance ownership, skeleton links, mesh bindings and remap lifetime","B;D;H","Consume neutral runtime metadata/pose/attachment API; retain only justified legacy interop","legacy wrapper","bool CGrannyModelInstance::GetBoneIndexByName(const char * c_szBoneName, int * pBoneIndex) const"
"src/EterGrnLib/ModelInstanceModel.cpp","263","CGrannyModelInstance::GetBoneIndexByName","granny_skeleton;GrannyGetSourceSkeleton","Model instance ownership, skeleton links, mesh bindings and remap lifetime","D","Consume neutral runtime metadata/pose/attachment API; retain only justified legacy interop","SDK/adapter symbol","granny_skeleton * pgrnSkeleton = GrannyGetSourceSkeleton(m_pgrnModelInstance);"
"src/EterGrnLib/ModelInstanceModel.cpp","265","CGrannyModelInstance::GetBoneIndexByName","GrannyFindBoneByName","Model instance ownership, skeleton links, mesh bindings and remap lifetime","B;D;H","Consume neutral runtime metadata/pose/attachment API; retain only justified legacy interop","SDK/adapter symbol","if (!GrannyFindBoneByName(pgrnSkeleton, c_szBoneName, pBoneIndex))"
"src/EterGrnLib/ModelInstanceModel.cpp","271","CGrannyModelInstance::GetBoneMatrixPointer","CGrannyModelInstance","Model instance ownership, skeleton links, mesh bindings and remap lifetime","D","Consume neutral runtime metadata/pose/attachment API; retain only justified legacy interop","legacy wrapper","const float * CGrannyModelInstance::GetBoneMatrixPointer(int iBone) const"
"src/EterGrnLib/ModelInstanceModel.cpp","273","CGrannyModelInstance::GetBoneMatrixPointer","GrannyGetWorldPose4x4","Model instance ownership, skeleton links, mesh bindings and remap lifetime","D;F","Consume neutral runtime metadata/pose/attachment API; retain only justified legacy interop","SDK/adapter symbol","const float* bones = GrannyGetWorldPose4x4(__GetWorldPosePtr(), iBone);"
"src/EterGrnLib/ModelInstanceModel.cpp","276","CGrannyModelInstance::GetBoneMatrixPointer","granny_model","Model instance ownership, skeleton links, mesh bindings and remap lifetime","H","Consume neutral runtime metadata/pose/attachment API; retain only justified legacy interop","SDK/adapter symbol","granny_model* pModel = m_pModel->GetGrannyModelPointer();"
"src/EterGrnLib/ModelInstanceModel.cpp","277","CGrannyModelInstance::GetBoneMatrixPointer","GrannyModelInstance","Model instance ownership, skeleton links, mesh bindings and remap lifetime","B;D;H","Consume neutral runtime metadata/pose/attachment API; retain only justified legacy interop","comment","//TraceError(""GrannyModelInstance(%s).GetBoneMatrixPointer(boneIndex(%d)).NOT_FOUND_BONE"", pModel->Name, iBone);"
"src/EterGrnLib/ModelInstanceModel.cpp","283","CGrannyModelInstance::GetCompositeBoneMatrixPointer","CGrannyModelInstance","Model instance ownership, skeleton links, mesh bindings and remap lifetime","D","Consume neutral runtime metadata/pose/attachment API; retain only justified legacy interop","legacy wrapper","const float * CGrannyModelInstance::GetCompositeBoneMatrixPointer(int iBone) const"
"src/EterGrnLib/ModelInstanceModel.cpp","285","CGrannyModelInstance::GetCompositeBoneMatrixPointer","GrannyGetWorldPose4x4","Model instance ownership, skeleton links, mesh bindings and remap lifetime","F","Consume neutral runtime metadata/pose/attachment API; retain only justified legacy interop","comment","// NOTE : GrannyGetWorldPose4x4는 스케일 값등이 잘못나올 수 있음.. 그래니가 속도를 위해"
"src/EterGrnLib/ModelInstanceModel.cpp","286","CGrannyModelInstance::GetCompositeBoneMatrixPointer","GrannyGetWorldPose4x4","Model instance ownership, skeleton links, mesh bindings and remap lifetime","F","Consume neutral runtime metadata/pose/attachment API; retain only justified legacy interop","comment","//        GrannyGetWorldPose4x4에 모든 matrix 원소를 제 값으로 넣지 않음"
"src/EterGrnLib/ModelInstanceModel.cpp","287","CGrannyModelInstance::GetCompositeBoneMatrixPointer","GrannyGetWorldPoseComposite4x4","Model instance ownership, skeleton links, mesh bindings and remap lifetime","D;F","Consume neutral runtime metadata/pose/attachment API; retain only justified legacy interop","SDK/adapter symbol","return GrannyGetWorldPoseComposite4x4(__GetWorldPosePtr(), iBone);"
"src/EterGrnLib/ModelInstanceModel.cpp","290","CGrannyModelInstance::ReloadTexture","CGrannyModelInstance","Model instance ownership, skeleton links, mesh bindings and remap lifetime","C","Consume neutral runtime metadata/pose/attachment API; retain only justified legacy interop","legacy wrapper","void CGrannyModelInstance::ReloadTexture()"
"src/EterGrnLib/ModelInstanceModel.cpp","292","CGrannyModelInstance::ReloadTexture","CGrannyModelInstance","Model instance ownership, skeleton links, mesh bindings and remap lifetime","C","Consume neutral runtime metadata/pose/attachment API; retain only justified legacy interop","legacy wrapper","assert(""현재 사용하지 않음 - CGrannyModelInstance::ReloadTexture()"");"
"src/EterGrnLib/ModelInstanceModel.cpp","295","CGrannyModelInstance::ReloadTexture","CGrannyMaterialPalette","Model instance ownership, skeleton links, mesh bindings and remap lifetime","C","Consume neutral runtime metadata/pose/attachment API; retain only justified legacy interop","legacy wrapper","const CGrannyMaterialPalette & c_rGrannyMaterialPalette = m_pModel->GetMaterialPalette();"
"src/EterGrnLib/ModelInstanceModel.cpp","299","CGrannyModelInstance::ReloadTexture","CGrannyMaterial","Model instance ownership, skeleton links, mesh bindings and remap lifetime","B;C","Consume neutral runtime metadata/pose/attachment API; retain only justified legacy interop","legacy wrapper","const CGrannyMaterial & c_rGrannyMaterial = c_rGrannyMaterialPalette.GetMaterialRef(dwMtrIndex);"
"src/EterGrnLib/ModelInstanceMotion.cpp","5","CGrannyModelInstance::CopyMotion","CGrannyModelInstance","Existing Granny animation control/mixing and clip playback","E","Expose neutral pose/animation facade; preserve native evaluation in adapter","legacy wrapper","void CGrannyModelInstance::CopyMotion(CGrannyModelInstance * pModelInstance, bool bIsFreeSourceControl)"
"src/EterGrnLib/ModelInstanceMotion.cpp","11","CGrannyModelInstance::CopyMotion","GrannyFreeControl","Existing Granny animation control/mixing and clip playback","E","Expose neutral pose/animation facade; preserve native evaluation in adapter","SDK/adapter symbol","GrannyFreeControl(m_pgrnCtrl);"
"src/EterGrnLib/ModelInstanceMotion.cpp","15","CGrannyModelInstance::CopyMotion","GrannyPlayControlledAnimation","Existing Granny animation control/mixing and clip playback","E","Expose neutral pose/animation facade; preserve native evaluation in adapter","SDK/adapter symbol","m_pgrnCtrl = GrannyPlayControlledAnimation(localTime, m_pgrnAni, m_pgrnModelInstance);"
"src/EterGrnLib/ModelInstanceMotion.cpp","20","CGrannyModelInstance::CopyMotion","GrannyGetControlSpeed;GrannySetControlSpeed","Existing Granny animation control/mixing and clip playback","E","Expose neutral pose/animation facade; preserve native evaluation in adapter","SDK/adapter symbol","GrannySetControlSpeed(m_pgrnCtrl, GrannyGetControlSpeed(pModelInstance->m_pgrnCtrl));"
"src/EterGrnLib/ModelInstanceMotion.cpp","21","CGrannyModelInstance::CopyMotion","GrannyGetControlLoopCount;GrannySetControlLoopCount","Existing Granny animation control/mixing and clip playback","E","Expose neutral pose/animation facade; preserve native evaluation in adapter","SDK/adapter symbol","GrannySetControlLoopCount(m_pgrnCtrl, GrannyGetControlLoopCount(pModelInstance->m_pgrnCtrl));"
"src/EterGrnLib/ModelInstanceMotion.cpp","23","CGrannyModelInstance::CopyMotion","GrannySetControlEaseIn","Existing Granny animation control/mixing and clip playback","E","Expose neutral pose/animation facade; preserve native evaluation in adapter","SDK/adapter symbol","GrannySetControlEaseIn(m_pgrnCtrl, true);"
"src/EterGrnLib/ModelInstanceMotion.cpp","24","CGrannyModelInstance::CopyMotion","GrannySetControlEaseOut","Existing Granny animation control/mixing and clip playback","E","Expose neutral pose/animation facade; preserve native evaluation in adapter","SDK/adapter symbol","GrannySetControlEaseOut(m_pgrnCtrl, false);"
"src/EterGrnLib/ModelInstanceMotion.cpp","26","CGrannyModelInstance::CopyMotion","GrannyGetControlRawLocalClock;GrannySetControlRawLocalClock","Existing Granny animation control/mixing and clip playback","E","Expose neutral pose/animation facade; preserve native evaluation in adapter","SDK/adapter symbol","GrannySetControlRawLocalClock(m_pgrnCtrl, GrannyGetControlRawLocalClock(pModelInstance->m_pgrnCtrl));"
"src/EterGrnLib/ModelInstanceMotion.cpp","28","CGrannyModelInstance::CopyMotion","GrannyFreeControlOnceUnused","Existing Granny animation control/mixing and clip playback","E","Expose neutral pose/animation facade; preserve native evaluation in adapter","SDK/adapter symbol","GrannyFreeControlOnceUnused(m_pgrnCtrl);"
"src/EterGrnLib/ModelInstanceMotion.cpp","32","CGrannyModelInstance::CopyMotion","GrannyFreeControl","Existing Granny animation control/mixing and clip playback","E","Expose neutral pose/animation facade; preserve native evaluation in adapter","SDK/adapter symbol","GrannyFreeControl(pModelInstance->m_pgrnCtrl);"
"src/EterGrnLib/ModelInstanceMotion.cpp","37","CGrannyModelInstance::IsMotionPlaying","CGrannyModelInstance","Existing Granny animation control/mixing and clip playback","E","Expose neutral pose/animation facade; preserve native evaluation in adapter","legacy wrapper","bool CGrannyModelInstance::IsMotionPlaying()"
"src/EterGrnLib/ModelInstanceMotion.cpp","42","CGrannyModelInstance::IsMotionPlaying","GrannyControlIsComplete","Existing Granny animation control/mixing and clip playback","E","Expose neutral pose/animation facade; preserve native evaluation in adapter","SDK/adapter symbol","if (GrannyControlIsComplete(m_pgrnCtrl))"
"src/EterGrnLib/ModelInstanceMotion.cpp","48","CGrannyModelInstance::SetMotionPointer","CGrannyModelInstance;CGrannyMotion","Existing Granny animation control/mixing and clip playback","E","Expose neutral pose/animation facade; preserve native evaluation in adapter","legacy wrapper","void CGrannyModelInstance::SetMotionPointer(const CGrannyMotion * pMotion, float blendTime, int loopCount, float speedRatio)"
"src/EterGrnLib/ModelInstanceMotion.cpp","55","CGrannyModelInstance::SetMotionPointer","granny_model_instance","Existing Granny animation control/mixing and clip playback","E","Expose neutral pose/animation facade; preserve native evaluation in adapter","SDK/adapter symbol","granny_model_instance * pgrnModelInstance = m_pgrnModelInstance;"
"src/EterGrnLib/ModelInstanceMotion.cpp","64","CGrannyModelInstance::SetMotionPointer","GrannyGetControlDurationLeft","Existing Granny animation control/mixing and clip playback","E","Expose neutral pose/animation facade; preserve native evaluation in adapter","comment","//float durationLeft = GrannyGetControlDurationLeft(m_pgrnCtrl);"
"src/EterGrnLib/ModelInstanceMotion.cpp","66","CGrannyModelInstance::SetMotionPointer","GrannyEaseControlOut","Existing Granny animation control/mixing and clip playback","E","Expose neutral pose/animation facade; preserve native evaluation in adapter","comment","//float oldCtrlFinishTime = GrannyEaseControlOut(m_pgrnCtrl, blendTime); //easeOutTime);"
"src/EterGrnLib/ModelInstanceMotion.cpp","67","CGrannyModelInstance::SetMotionPointer","GrannySetControlEaseOutCurve","Existing Granny animation control/mixing and clip playback","E","Expose neutral pose/animation facade; preserve native evaluation in adapter","SDK/adapter symbol","GrannySetControlEaseOutCurve(m_pgrnCtrl, localTime, localTime + blendTime, 1.0f, 1.0f, 0.0f, 0.0f);"
"src/EterGrnLib/ModelInstanceMotion.cpp","69","CGrannyModelInstance::SetMotionPointer","GrannySetControlEaseIn","Existing Granny animation control/mixing and clip playback","E","Expose neutral pose/animation facade; preserve native evaluation in adapter","SDK/adapter symbol","GrannySetControlEaseIn(m_pgrnCtrl, false);"
"src/EterGrnLib/ModelInstanceMotion.cpp","70","CGrannyModelInstance::SetMotionPointer","GrannySetControlEaseOut","Existing Granny animation control/mixing and clip playback","E","Expose neutral pose/animation facade; preserve native evaluation in adapter","SDK/adapter symbol","GrannySetControlEaseOut(m_pgrnCtrl, true);"
"src/EterGrnLib/ModelInstanceMotion.cpp","73","CGrannyModelInstance::SetMotionPointer","GrannyCompleteControlAt","Existing Granny animation control/mixing and clip playback","E","Expose neutral pose/animation facade; preserve native evaluation in adapter","SDK/adapter symbol","GrannyCompleteControlAt(m_pgrnCtrl, localTime + blendTime);"
"src/EterGrnLib/ModelInstanceMotion.cpp","74","CGrannyModelInstance::SetMotionPointer","GrannyCompleteControlAt","Existing Granny animation control/mixing and clip playback","E","Expose neutral pose/animation facade; preserve native evaluation in adapter","comment","//GrannyCompleteControlAt(m_pgrnCtrl, oldCtrlFinishTime);"
"src/EterGrnLib/ModelInstanceMotion.cpp","75","CGrannyModelInstance::SetMotionPointer","GrannyCompleteControlAt","Existing Granny animation control/mixing and clip playback","E","Expose neutral pose/animation facade; preserve native evaluation in adapter","comment","//GrannyCompleteControlAt(m_pgrnCtrl, localTime);"
"src/EterGrnLib/ModelInstanceMotion.cpp","76","CGrannyModelInstance::SetMotionPointer","GrannyFreeControlIfComplete","Existing Granny animation control/mixing and clip playback","E","Expose neutral pose/animation facade; preserve native evaluation in adapter","SDK/adapter symbol","GrannyFreeControlIfComplete(m_pgrnCtrl);"
"src/EterGrnLib/ModelInstanceMotion.cpp","84","CGrannyModelInstance::SetMotionPointer","GrannyPlayControlledAnimation","Existing Granny animation control/mixing and clip playback","E","Expose neutral pose/animation facade; preserve native evaluation in adapter","SDK/adapter symbol","m_pgrnCtrl = GrannyPlayControlledAnimation(localTime, m_pgrnAni, pgrnModelInstance);"
"src/EterGrnLib/ModelInstanceMotion.cpp","88","CGrannyModelInstance::SetMotionPointer","GrannySetControlSpeed","Existing Granny animation control/mixing and clip playback","E","Expose neutral pose/animation facade; preserve native evaluation in adapter","SDK/adapter symbol","GrannySetControlSpeed(m_pgrnCtrl, speedRatio);"
"src/EterGrnLib/ModelInstanceMotion.cpp","89","CGrannyModelInstance::SetMotionPointer","GrannySetControlLoopCount","Existing Granny animation control/mixing and clip playback","E","Expose neutral pose/animation facade; preserve native evaluation in adapter","SDK/adapter symbol","GrannySetControlLoopCount(m_pgrnCtrl, loopCount);"
"src/EterGrnLib/ModelInstanceMotion.cpp","93","CGrannyModelInstance::SetMotionPointer","GrannySetControlEaseIn","Existing Granny animation control/mixing and clip playback","E","Expose neutral pose/animation facade; preserve native evaluation in adapter","SDK/adapter symbol","GrannySetControlEaseIn(m_pgrnCtrl, false);"
"src/EterGrnLib/ModelInstanceMotion.cpp","94","CGrannyModelInstance::SetMotionPointer","GrannySetControlEaseOut","Existing Granny animation control/mixing and clip playback","E","Expose neutral pose/animation facade; preserve native evaluation in adapter","SDK/adapter symbol","GrannySetControlEaseOut(m_pgrnCtrl, false);"
"src/EterGrnLib/ModelInstanceMotion.cpp","98","CGrannyModelInstance::SetMotionPointer","GrannySetControlEaseIn","Existing Granny animation control/mixing and clip playback","E","Expose neutral pose/animation facade; preserve native evaluation in adapter","SDK/adapter symbol","GrannySetControlEaseIn(m_pgrnCtrl, true);"
"src/EterGrnLib/ModelInstanceMotion.cpp","99","CGrannyModelInstance::SetMotionPointer","GrannySetControlEaseOut","Existing Granny animation control/mixing and clip playback","E","Expose neutral pose/animation facade; preserve native evaluation in adapter","SDK/adapter symbol","GrannySetControlEaseOut(m_pgrnCtrl, false);"
"src/EterGrnLib/ModelInstanceMotion.cpp","101","CGrannyModelInstance::SetMotionPointer","GrannySetControlEaseInCurve","Existing Granny animation control/mixing and clip playback","E","Expose neutral pose/animation facade; preserve native evaluation in adapter","SDK/adapter symbol","GrannySetControlEaseInCurve(m_pgrnCtrl, localTime, localTime + blendTime, 0.0f, 0.0f, 1.0f, 1.0f);"
"src/EterGrnLib/ModelInstanceMotion.cpp","104","CGrannyModelInstance::SetMotionPointer","GrannyEaseControlIn","Existing Granny animation control/mixing and clip playback","E","Expose neutral pose/animation facade; preserve native evaluation in adapter","comment","//GrannyEaseControlIn(m_pgrnCtrl, blendTime, false);"
"src/EterGrnLib/ModelInstanceMotion.cpp","105","CGrannyModelInstance::SetMotionPointer","GrannyFreeControlOnceUnused","Existing Granny animation control/mixing and clip playback","E","Expose neutral pose/animation facade; preserve native evaluation in adapter","SDK/adapter symbol","GrannyFreeControlOnceUnused(m_pgrnCtrl);"
"src/EterGrnLib/ModelInstanceMotion.cpp","109","CGrannyModelInstance::ChangeMotionPointer","CGrannyModelInstance;CGrannyMotion","Existing Granny animation control/mixing and clip playback","E","Expose neutral pose/animation facade; preserve native evaluation in adapter","legacy wrapper","void CGrannyModelInstance::ChangeMotionPointer(const CGrannyMotion* pMotion, int loopCount, float speedRatio)"
"src/EterGrnLib/ModelInstanceMotion.cpp","111","CGrannyModelInstance::ChangeMotionPointer","granny_model_instance","Existing Granny animation control/mixing and clip playback","E","Expose neutral pose/animation facade; preserve native evaluation in adapter","SDK/adapter symbol","granny_model_instance * pgrnModelInstance = m_pgrnModelInstance;"
"src/EterGrnLib/ModelInstanceMotion.cpp","121","CGrannyModelInstance::ChangeMotionPointer","GrannySetControlEaseIn","Existing Granny animation control/mixing and clip playback","E","Expose neutral pose/animation facade; preserve native evaluation in adapter","SDK/adapter symbol","GrannySetControlEaseIn(m_pgrnCtrl, false);"
"src/EterGrnLib/ModelInstanceMotion.cpp","122","CGrannyModelInstance::ChangeMotionPointer","GrannySetControlEaseOut","Existing Granny animation control/mixing and clip playback","E","Expose neutral pose/animation facade; preserve native evaluation in adapter","SDK/adapter symbol","GrannySetControlEaseOut(m_pgrnCtrl, false);"
"src/EterGrnLib/ModelInstanceMotion.cpp","123","CGrannyModelInstance::ChangeMotionPointer","GrannyCompleteControlAt","Existing Granny animation control/mixing and clip playback","E","Expose neutral pose/animation facade; preserve native evaluation in adapter","SDK/adapter symbol","GrannyCompleteControlAt(m_pgrnCtrl, localTime);"
"src/EterGrnLib/ModelInstanceMotion.cpp","124","CGrannyModelInstance::ChangeMotionPointer","GrannyFreeControlIfComplete","Existing Granny animation control/mixing and clip playback","E","Expose neutral pose/animation facade; preserve native evaluation in adapter","SDK/adapter symbol","GrannyFreeControlIfComplete(m_pgrnCtrl);"
"src/EterGrnLib/ModelInstanceMotion.cpp","128","CGrannyModelInstance::ChangeMotionPointer","GrannyPlayControlledAnimation","Existing Granny animation control/mixing and clip playback","E","Expose neutral pose/animation facade; preserve native evaluation in adapter","SDK/adapter symbol","m_pgrnCtrl = GrannyPlayControlledAnimation(localTime, m_pgrnAni, pgrnModelInstance);"
"src/EterGrnLib/ModelInstanceMotion.cpp","132","CGrannyModelInstance::ChangeMotionPointer","GrannySetControlSpeed","Existing Granny animation control/mixing and clip playback","E","Expose neutral pose/animation facade; preserve native evaluation in adapter","SDK/adapter symbol","GrannySetControlSpeed(m_pgrnCtrl, speedRatio);"
"src/EterGrnLib/ModelInstanceMotion.cpp","133","CGrannyModelInstance::ChangeMotionPointer","GrannySetControlLoopCount","Existing Granny animation control/mixing and clip playback","E","Expose neutral pose/animation facade; preserve native evaluation in adapter","SDK/adapter symbol","GrannySetControlLoopCount(m_pgrnCtrl, loopCount);"
"src/EterGrnLib/ModelInstanceMotion.cpp","134","CGrannyModelInstance::ChangeMotionPointer","GrannySetControlEaseIn","Existing Granny animation control/mixing and clip playback","E","Expose neutral pose/animation facade; preserve native evaluation in adapter","SDK/adapter symbol","GrannySetControlEaseIn(m_pgrnCtrl, false);"
"src/EterGrnLib/ModelInstanceMotion.cpp","135","CGrannyModelInstance::ChangeMotionPointer","GrannySetControlEaseOut","Existing Granny animation control/mixing and clip playback","E","Expose neutral pose/animation facade; preserve native evaluation in adapter","SDK/adapter symbol","GrannySetControlEaseOut(m_pgrnCtrl, false);"
"src/EterGrnLib/ModelInstanceMotion.cpp","137","CGrannyModelInstance::ChangeMotionPointer","GrannyFreeControlOnceUnused","Existing Granny animation control/mixing and clip playback","E","Expose neutral pose/animation facade; preserve native evaluation in adapter","SDK/adapter symbol","GrannyFreeControlOnceUnused(m_pgrnCtrl);"
"src/EterGrnLib/ModelInstanceMotion.cpp","140","CGrannyModelInstance::SetMotionAtEnd","CGrannyModelInstance","Existing Granny animation control/mixing and clip playback","E","Expose neutral pose/animation facade; preserve native evaluation in adapter","legacy wrapper","void CGrannyModelInstance::SetMotionAtEnd()"
"src/EterGrnLib/ModelInstanceMotion.cpp","146","CGrannyModelInstance::SetMotionAtEnd","GrannyGetControlLocalDuration","Existing Granny animation control/mixing and clip playback","E","Expose neutral pose/animation facade; preserve native evaluation in adapter","SDK/adapter symbol","float endingTime = GrannyGetControlLocalDuration(m_pgrnCtrl);"
"src/EterGrnLib/ModelInstanceMotion.cpp","147","CGrannyModelInstance::SetMotionAtEnd","GrannySetControlRawLocalClock","Existing Granny animation control/mixing and clip playback","E","Expose neutral pose/animation facade; preserve native evaluation in adapter","SDK/adapter symbol","GrannySetControlRawLocalClock(m_pgrnCtrl, endingTime);"
"src/EterGrnLib/ModelInstanceRender.cpp","11","Granny_RenderBoxBones","Granny_RenderBoxBones;granny_skeleton;granny_world_pose","Existing render dispatch and cached actor buffers/materials","D;F","Consume neutral runtime metadata/pose/attachment API; retain only justified legacy interop","SDK/adapter symbol","void Granny_RenderBoxBones(const granny_skeleton* pkGrnSkeleton, const granny_world_pose* pkGrnWorldPose, const Math::Matrix& matBase)"
"src/EterGrnLib/ModelInstanceRender.cpp","17","Granny_RenderBoxBones","granny_bone","Existing render dispatch and cached actor buffers/materials","D","Consume neutral runtime metadata/pose/attachment API; retain only justified legacy interop","SDK/adapter symbol","const granny_bone& rkGrnBone = pkGrnSkeleton->Bones[iBone];"
"src/EterGrnLib/ModelInstanceRender.cpp","18","Granny_RenderBoxBones","GrannyGetWorldPose4x4","Existing render dispatch and cached actor buffers/materials","D;F","Consume neutral runtime metadata/pose/attachment API; retain only justified legacy interop","SDK/adapter symbol","const Math::Matrix* c_matBone=(const Math::Matrix*)GrannyGetWorldPose4x4(pkGrnWorldPose, iBone);"
"src/EterGrnLib/ModelInstanceRender.cpp","30","CGrannyModelInstance::DeformNoSkin","CGrannyModelInstance","Existing render dispatch and cached actor buffers/materials","G","Consume neutral runtime metadata/pose/attachment API; retain only justified legacy interop","legacy wrapper","void CGrannyModelInstance::DeformNoSkin(const Math::Matrix * c_pWorldMatrix)"
"src/EterGrnLib/ModelInstanceRender.cpp","49","CGrannyModelInstance::RenderWithOneTexture","CGrannyModelInstance","Existing render dispatch and cached actor buffers/materials","C","Consume neutral runtime metadata/pose/attachment API; retain only justified legacy interop","legacy wrapper","void CGrannyModelInstance::RenderWithOneTexture()"
"src/EterGrnLib/ModelInstanceRender.cpp","56","CGrannyModelInstance::RenderWithOneTexture","Granny_RenderBoxBones;GrannyGetSourceSkeleton","Existing render dispatch and cached actor buffers/materials","D;F","Consume neutral runtime metadata/pose/attachment API; retain only justified legacy interop","SDK/adapter symbol","Granny_RenderBoxBones(GrannyGetSourceSkeleton(m_pgrnModelInstance), m_pgrnWorldPose, TEST_matWorld);"
"src/EterGrnLib/ModelInstanceRender.cpp","69","CGrannyModelInstance::RenderWithOneTexture","CGrannyMaterial;CGrannyMesh","Existing render dispatch and cached actor buffers/materials","B;C;G","Consume neutral runtime metadata/pose/attachment API; retain only justified legacy interop","legacy wrapper","RenderMeshNodeListWithOneTexture(CGrannyMesh::TYPE_DEFORM, CGrannyMaterial::TYPE_DIFFUSE_PNT);"
"src/EterGrnLib/ModelInstanceRender.cpp","73","CGrannyModelInstance::RenderWithOneTexture","CGrannyMaterial;CGrannyMesh","Existing render dispatch and cached actor buffers/materials","B;C","Consume neutral runtime metadata/pose/attachment API; retain only justified legacy interop","legacy wrapper","RenderMeshNodeListWithOneTexture(CGrannyMesh::TYPE_RIGID, CGrannyMaterial::TYPE_DIFFUSE_PNT);"
"src/EterGrnLib/ModelInstanceRender.cpp","77","CGrannyModelInstance::BlendRenderWithOneTexture","CGrannyModelInstance","Existing render dispatch and cached actor buffers/materials","C","Consume neutral runtime metadata/pose/attachment API; retain only justified legacy interop","legacy wrapper","void CGrannyModelInstance::BlendRenderWithOneTexture()"
"src/EterGrnLib/ModelInstanceRender.cpp","88","CGrannyModelInstance::BlendRenderWithOneTexture","CGrannyMaterial;CGrannyMesh","Existing render dispatch and cached actor buffers/materials","B;C;G","Consume neutral runtime metadata/pose/attachment API; retain only justified legacy interop","legacy wrapper","RenderMeshNodeListWithOneTexture(CGrannyMesh::TYPE_DEFORM, CGrannyMaterial::TYPE_BLEND_PNT);"
"src/EterGrnLib/ModelInstanceRender.cpp","93","CGrannyModelInstance::BlendRenderWithOneTexture","CGrannyMaterial;CGrannyMesh","Existing render dispatch and cached actor buffers/materials","B;C","Consume neutral runtime metadata/pose/attachment API; retain only justified legacy interop","legacy wrapper","RenderMeshNodeListWithOneTexture(CGrannyMesh::TYPE_RIGID, CGrannyMaterial::TYPE_BLEND_PNT);"
"src/EterGrnLib/ModelInstanceRender.cpp","98","CGrannyModelInstance::RenderWithTwoTexture","CGrannyModelInstance","Existing render dispatch and cached actor buffers/materials","C","Consume neutral runtime metadata/pose/attachment API; retain only justified legacy interop","legacy wrapper","void CGrannyModelInstance::RenderWithTwoTexture()"
"src/EterGrnLib/ModelInstanceRender.cpp","110","CGrannyModelInstance::RenderWithTwoTexture","CGrannyMaterial;CGrannyMesh","Existing render dispatch and cached actor buffers/materials","B;C;G","Consume neutral runtime metadata/pose/attachment API; retain only justified legacy interop","legacy wrapper","RenderMeshNodeListWithTwoTexture(CGrannyMesh::TYPE_DEFORM, CGrannyMaterial::TYPE_DIFFUSE_PNT);"
"src/EterGrnLib/ModelInstanceRender.cpp","114","CGrannyModelInstance::RenderWithTwoTexture","CGrannyMaterial;CGrannyMesh","Existing render dispatch and cached actor buffers/materials","B;C","Consume neutral runtime metadata/pose/attachment API; retain only justified legacy interop","legacy wrapper","RenderMeshNodeListWithTwoTexture(CGrannyMesh::TYPE_RIGID, CGrannyMaterial::TYPE_DIFFUSE_PNT);"
"src/EterGrnLib/ModelInstanceRender.cpp","118","CGrannyModelInstance::BlendRenderWithTwoTexture","CGrannyModelInstance","Existing render dispatch and cached actor buffers/materials","C","Consume neutral runtime metadata/pose/attachment API; retain only justified legacy interop","legacy wrapper","void CGrannyModelInstance::BlendRenderWithTwoTexture()"
"src/EterGrnLib/ModelInstanceRender.cpp","129","CGrannyModelInstance::BlendRenderWithTwoTexture","CGrannyMaterial;CGrannyMesh","Existing render dispatch and cached actor buffers/materials","B;C;G","Consume neutral runtime metadata/pose/attachment API; retain only justified legacy interop","legacy wrapper","RenderMeshNodeListWithTwoTexture(CGrannyMesh::TYPE_DEFORM, CGrannyMaterial::TYPE_BLEND_PNT);"
"src/EterGrnLib/ModelInstanceRender.cpp","134","CGrannyModelInstance::BlendRenderWithTwoTexture","CGrannyMaterial;CGrannyMesh","Existing render dispatch and cached actor buffers/materials","B;C","Consume neutral runtime metadata/pose/attachment API; retain only justified legacy interop","legacy wrapper","RenderMeshNodeListWithTwoTexture(CGrannyMesh::TYPE_RIGID, CGrannyMaterial::TYPE_BLEND_PNT);"
"src/EterGrnLib/ModelInstanceRender.cpp","138","CGrannyModelInstance::RenderWithoutTexture","CGrannyModelInstance","Existing render dispatch and cached actor buffers/materials","C","Consume neutral runtime metadata/pose/attachment API; retain only justified legacy interop","legacy wrapper","void CGrannyModelInstance::RenderWithoutTexture()"
"src/EterGrnLib/ModelInstanceRender.cpp","151","CGrannyModelInstance::RenderWithoutTexture","CGrannyMaterial;CGrannyMesh","Existing render dispatch and cached actor buffers/materials","B;C;G","Consume neutral runtime metadata/pose/attachment API; retain only justified legacy interop","legacy wrapper","RenderMeshNodeListWithoutTexture(CGrannyMesh::TYPE_DEFORM, CGrannyMaterial::TYPE_DIFFUSE_PNT);"
"src/EterGrnLib/ModelInstanceRender.cpp","152","CGrannyModelInstance::RenderWithoutTexture","CGrannyMaterial;CGrannyMesh","Existing render dispatch and cached actor buffers/materials","B;C;G","Consume neutral runtime metadata/pose/attachment API; retain only justified legacy interop","legacy wrapper","RenderMeshNodeListWithoutTexture(CGrannyMesh::TYPE_DEFORM, CGrannyMaterial::TYPE_BLEND_PNT);"
"src/EterGrnLib/ModelInstanceRender.cpp","157","CGrannyModelInstance::RenderWithoutTexture","CGrannyMaterial;CGrannyMesh","Existing render dispatch and cached actor buffers/materials","B;C","Consume neutral runtime metadata/pose/attachment API; retain only justified legacy interop","legacy wrapper","RenderMeshNodeListWithoutTexture(CGrannyMesh::TYPE_RIGID, CGrannyMaterial::TYPE_DIFFUSE_PNT);"
"src/EterGrnLib/ModelInstanceRender.cpp","158","CGrannyModelInstance::RenderWithoutTexture","CGrannyMaterial;CGrannyMesh","Existing render dispatch and cached actor buffers/materials","B;C","Consume neutral runtime metadata/pose/attachment API; retain only justified legacy interop","legacy wrapper","RenderMeshNodeListWithoutTexture(CGrannyMesh::TYPE_RIGID, CGrannyMaterial::TYPE_BLEND_PNT);"
"src/EterGrnLib/ModelInstanceRender.cpp","170","CGrannyModelInstance::RenderMeshNodeListWithOneTexture","CGrannyMaterial;CGrannyMesh;CGrannyModelInstance","Existing render dispatch and cached actor buffers/materials","B;C","Consume neutral runtime metadata/pose/attachment API; retain only justified legacy interop","legacy wrapper","void CGrannyModelInstance::RenderMeshNodeListWithOneTexture(CGrannyMesh::EType eMeshType, CGrannyMaterial::EType eMtrlType)"
"src/EterGrnLib/ModelInstanceRender.cpp","176","CGrannyModelInstance::RenderMeshNodeListWithOneTexture","CGrannyModel","Existing render dispatch and cached actor buffers/materials","B","Consume neutral runtime metadata/pose/attachment API; retain only justified legacy interop","legacy wrapper","const CGrannyModel::TMeshNode * pMeshNode = m_pModel->GetMeshNodeList(eMeshType, eMtrlType);"
"src/EterGrnLib/ModelInstanceRender.cpp","180","CGrannyModelInstance::RenderMeshNodeListWithOneTexture","CGrannyMesh","Existing render dispatch and cached actor buffers/materials","B","Consume neutral runtime metadata/pose/attachment API; retain only justified legacy interop","legacy wrapper","const CGrannyMesh * pMesh = pMeshNode->pMesh;"
"src/EterGrnLib/ModelInstanceRender.cpp","186","CGrannyModelInstance::RenderMeshNodeListWithOneTexture","CGrannyMesh","Existing render dispatch and cached actor buffers/materials","B","Consume neutral runtime metadata/pose/attachment API; retain only justified legacy interop","legacy wrapper","const CGrannyMesh::TTriGroupNode* pTriGroupNode = pMesh->GetTriGroupNodeList(eMtrlType);"
"src/EterGrnLib/ModelInstanceRender.cpp","194","CGrannyModelInstance::RenderMeshNodeListWithOneTexture","CGrannyMaterial","Existing render dispatch and cached actor buffers/materials","B;C","Consume neutral runtime metadata/pose/attachment API; retain only justified legacy interop","legacy wrapper","CGrannyMaterial& rkMtrl = m_kMtrlPal.GetMaterialRef(pTriGroupNode->mtrlIndex);"
"src/EterGrnLib/ModelInstanceRender.cpp","207","Renderer::SubmitActorNativeDraw","CGrannyMesh","Existing render dispatch and cached actor buffers/materials","B","Consume neutral runtime metadata/pose/attachment API; retain only justified legacy interop","legacy wrapper","uint32_t(pTriGroupNode->triCount*3),uint32_t(vtxMeshBasePos),uint32_t(vtxCount),eMeshType==CGrannyMesh::TYPE_RIGID});"
"src/EterGrnLib/ModelInstanceRender.cpp","219","CGrannyModelInstance::RenderMeshNodeListWithTwoTexture","CGrannyMaterial;CGrannyMesh;CGrannyModelInstance","Existing render dispatch and cached actor buffers/materials","B;C","Consume neutral runtime metadata/pose/attachment API; retain only justified legacy interop","legacy wrapper","void CGrannyModelInstance::RenderMeshNodeListWithTwoTexture(CGrannyMesh::EType eMeshType, CGrannyMaterial::EType eMtrlType)"
"src/EterGrnLib/ModelInstanceRender.cpp","225","CGrannyModelInstance::RenderMeshNodeListWithTwoTexture","CGrannyModel","Existing render dispatch and cached actor buffers/materials","B","Consume neutral runtime metadata/pose/attachment API; retain only justified legacy interop","legacy wrapper","const CGrannyModel::TMeshNode * pMeshNode = m_pModel->GetMeshNodeList(eMeshType, eMtrlType);"
"src/EterGrnLib/ModelInstanceRender.cpp","229","CGrannyModelInstance::RenderMeshNodeListWithTwoTexture","CGrannyMesh","Existing render dispatch and cached actor buffers/materials","B","Consume neutral runtime metadata/pose/attachment API; retain only justified legacy interop","legacy wrapper","const CGrannyMesh * pMesh = pMeshNode->pMesh;"
"src/EterGrnLib/ModelInstanceRender.cpp","235","CGrannyModelInstance::RenderMeshNodeListWithTwoTexture","CGrannyMesh","Existing render dispatch and cached actor buffers/materials","B","Consume neutral runtime metadata/pose/attachment API; retain only justified legacy interop","legacy wrapper","const CGrannyMesh::TTriGroupNode* pTriGroupNode = pMesh->GetTriGroupNodeList(eMtrlType);"
"src/EterGrnLib/ModelInstanceRender.cpp","241","CGrannyModelInstance::RenderMeshNodeListWithTwoTexture","CGrannyMaterial","Existing render dispatch and cached actor buffers/materials","B;C","Consume neutral runtime metadata/pose/attachment API; retain only justified legacy interop","legacy wrapper","const CGrannyMaterial& rkMtrl=m_kMtrlPal.GetMaterialRef(pTriGroupNode->mtrlIndex);"
"src/EterGrnLib/ModelInstanceRender.cpp","257","CGrannyModelInstance::RenderMeshNodeListWithoutTexture","CGrannyMaterial;CGrannyMesh;CGrannyModelInstance","Existing render dispatch and cached actor buffers/materials","B;C","Consume neutral runtime metadata/pose/attachment API; retain only justified legacy interop","legacy wrapper","void CGrannyModelInstance::RenderMeshNodeListWithoutTexture(CGrannyMesh::EType eMeshType, CGrannyMaterial::EType eMtrlType)"
"src/EterGrnLib/ModelInstanceRender.cpp","263","CGrannyModelInstance::RenderMeshNodeListWithoutTexture","CGrannyModel","Existing render dispatch and cached actor buffers/materials","B","Consume neutral runtime metadata/pose/attachment API; retain only justified legacy interop","legacy wrapper","const CGrannyModel::TMeshNode * pMeshNode = m_pModel->GetMeshNodeList(eMeshType, eMtrlType);"
"src/EterGrnLib/ModelInstanceRender.cpp","267","CGrannyModelInstance::RenderMeshNodeListWithoutTexture","CGrannyMesh","Existing render dispatch and cached actor buffers/materials","B","Consume neutral runtime metadata/pose/attachment API; retain only justified legacy interop","legacy wrapper","const CGrannyMesh * pMesh = pMeshNode->pMesh;"
"src/EterGrnLib/ModelInstanceRender.cpp","273","CGrannyModelInstance::RenderMeshNodeListWithoutTexture","CGrannyMesh","Existing render dispatch and cached actor buffers/materials","B","Consume neutral runtime metadata/pose/attachment API; retain only justified legacy interop","legacy wrapper","const CGrannyMesh::TTriGroupNode* pTriGroupNode = pMesh->GetTriGroupNodeList(eMtrlType);"
"src/EterGrnLib/ModelInstanceSkinning.cpp","7","CGrannyModelInstance::__RefreshLinkedLodBinding","CGrannyModelInstance","Phase-B skeleton/vertex/remap/palette extraction and GPU handoff","G","Consume neutral runtime metadata/pose/attachment API; retain only justified legacy interop","legacy wrapper","bool CGrannyModelInstance::__RefreshLinkedLodBinding()"
"src/EterGrnLib/ModelInstanceSkinning.cpp","31","Bindings","granny_mesh_binding","Phase-B skeleton/vertex/remap/palette extraction and GPU handoff","B;G","Consume neutral runtime metadata/pose/attachment API; retain only justified legacy interop","SDK/adapter symbol","std::vector<granny_mesh_binding*> values;"
"src/EterGrnLib/ModelInstanceSkinning.cpp","32","Bindings","GrannyFreeMeshBinding","Phase-B skeleton/vertex/remap/palette extraction and GPU handoff","B;G;H","Consume neutral runtime metadata/pose/attachment API; retain only justified legacy interop","SDK/adapter symbol","~Bindings() { for(auto* binding:values) if(binding) GrannyFreeMeshBinding(binding); }"
"src/EterGrnLib/ModelInstanceSkinning.cpp","44","Bindings","GrannyNewMeshBinding","Phase-B skeleton/vertex/remap/palette extraction and GPU handoff","B;D;G;H","Consume neutral runtime metadata/pose/attachment API; retain only justified legacy interop","SDK/adapter symbol","auto* binding=GrannyNewMeshBinding(source->MeshBindings[m].Mesh,source->Skeleton,target->Skeleton);"
"src/EterGrnLib/ModelInstanceSkinning.cpp","47","Bindings","GrannyGetMeshBindingBoneCount","Phase-B skeleton/vertex/remap/palette extraction and GPU handoff","B;D;G;H","Consume neutral runtime metadata/pose/attachment API; retain only justified legacy interop","SDK/adapter symbol","const auto count=GrannyGetMeshBindingBoneCount(binding);"
"src/EterGrnLib/ModelInstanceSkinning.cpp","48","Bindings","GrannyGetMeshBindingToBoneIndices","Phase-B skeleton/vertex/remap/palette extraction and GPU handoff","B;D;G;H","Consume neutral runtime metadata/pose/attachment API; retain only justified legacy interop","SDK/adapter symbol","const auto* indices=GrannyGetMeshBindingToBoneIndices(binding);"
"src/EterGrnLib/ModelInstanceSkinning.cpp","68","CGrannyModelInstance::__PrepareSkinningBindings","CGrannyModelInstance","Phase-B skeleton/vertex/remap/palette extraction and GPU handoff","G","Consume neutral runtime metadata/pose/attachment API; retain only justified legacy interop","legacy wrapper","void CGrannyModelInstance::__PrepareSkinningBindings()"
"src/EterGrnLib/ModelInstanceSkinning.cpp","105","CGrannyModelInstance::__CaptureSkinningPose","CGrannyModelInstance","Phase-B skeleton/vertex/remap/palette extraction and GPU handoff","F;G","Consume neutral runtime metadata/pose/attachment API; retain only justified legacy interop","legacy wrapper","void CGrannyModelInstance::__CaptureSkinningPose()"
"src/EterGrnLib/ModelInstanceSkinning.cpp","118","CGrannyModelInstance::GetSkinningPalette","CGrannyModelInstance","Phase-B skeleton/vertex/remap/palette extraction and GPU handoff","G","Consume neutral runtime metadata/pose/attachment API; retain only justified legacy interop","legacy wrapper","std::shared_ptr<const Renderer::BonePalette> CGrannyModelInstance::GetSkinningPalette() const"
"src/EterGrnLib/ModelInstanceUpdate.cpp","9","CGrannyModelInstance::Update","CGrannyModelInstance","Existing local/world pose evaluation, attachment transform and skin deformation","F","Expose neutral pose/animation facade; preserve native evaluation in adapter","legacy wrapper","void CGrannyModelInstance::Update(DWORD dwAniFPS)"
"src/EterGrnLib/ModelInstanceUpdate.cpp","21","CGrannyModelInstance::Update","GrannyFreeCompletedModelControls","Existing local/world pose evaluation, attachment transform and skin deformation","E","Expose neutral pose/animation facade; preserve native evaluation in adapter","SDK/adapter symbol","GrannyFreeCompletedModelControls(m_pgrnModelInstance); //Black screen fix"
"src/EterGrnLib/ModelInstanceUpdate.cpp","24","CGrannyModelInstance::Update","GrannySetModelClock","Existing local/world pose evaluation, attachment transform and skin deformation","F","Expose neutral pose/animation facade; preserve native evaluation in adapter","SDK/adapter symbol","GrannySetModelClock(m_pgrnModelInstance, GetLocalTime());"
"src/EterGrnLib/ModelInstanceUpdate.cpp","33","CGrannyModelInstance::Update","GrannySetModelClock","Existing local/world pose evaluation, attachment transform and skin deformation","F","Expose neutral pose/animation facade; preserve native evaluation in adapter","SDK/adapter symbol","fprintf(fp, ""%f:%p:- GrannySetModelClock(time=%f) = %dms\n"", timeGetTime()/1000.0f, static_cast<void*>(this), GetLocalTime(), t2-t1);"
"src/EterGrnLib/ModelInstanceUpdate.cpp","41","CGrannyModelInstance::UpdateLocalTime","CGrannyModelInstance","Existing local/world pose evaluation, attachment transform and skin deformation","F","Expose neutral pose/animation facade; preserve native evaluation in adapter","legacy wrapper","void CGrannyModelInstance::UpdateLocalTime(float fElapsedTime)"
"src/EterGrnLib/ModelInstanceUpdate.cpp","47","CGrannyModelInstance::UpdateTransform","CGrannyModelInstance","Existing local/world pose evaluation, attachment transform and skin deformation","G","Expose neutral pose/animation facade; preserve native evaluation in adapter","legacy wrapper","void CGrannyModelInstance::UpdateTransform(Math::Matrix * pMatrix, float fSecondsElapsed)"
"src/EterGrnLib/ModelInstanceUpdate.cpp","51","CGrannyModelInstance::UpdateTransform","CGrannyModelIstance","Existing local/world pose evaluation, attachment transform and skin deformation","G","Expose neutral pose/animation facade; preserve native evaluation in adapter","legacy wrapper","TraceError(""CGrannyModelIstance::UpdateTransform - m_pgrnModelInstance = NULL"");"
"src/EterGrnLib/ModelInstanceUpdate.cpp","54","CGrannyModelInstance::UpdateTransform","GrannyUpdateModelMatrix","Existing local/world pose evaluation, attachment transform and skin deformation","F","Expose neutral pose/animation facade; preserve native evaluation in adapter","SDK/adapter symbol","GrannyUpdateModelMatrix(m_pgrnModelInstance, fSecondsElapsed, (const float *) pMatrix, (float *) pMatrix, false);"
"src/EterGrnLib/ModelInstanceUpdate.cpp","59","CGrannyModelInstance::Deform","CGrannyModelInstance","Existing local/world pose evaluation, attachment transform and skin deformation","G","Expose neutral pose/animation facade; preserve native evaluation in adapter","legacy wrapper","void CGrannyModelInstance::Deform(const Math::Matrix * c_pWorldMatrix)"
"src/EterGrnLib/ModelInstanceUpdate.cpp","149","CGrannyLocalPose","CGrannyLocalPose","Existing local/world pose evaluation, attachment transform and skin deformation","F","Expose neutral pose/animation facade; preserve native evaluation in adapter","legacy wrapper","class CGrannyLocalPose"
"src/EterGrnLib/ModelInstanceUpdate.cpp","152","CGrannyLocalPose","CGrannyLocalPose","Existing local/world pose evaluation, attachment transform and skin deformation","F","Expose neutral pose/animation facade; preserve native evaluation in adapter","legacy wrapper","CGrannyLocalPose()"
"src/EterGrnLib/ModelInstanceUpdate.cpp","158","CGrannyLocalPose","CGrannyLocalPose","Existing local/world pose evaluation, attachment transform and skin deformation","F","Expose neutral pose/animation facade; preserve native evaluation in adapter","legacy wrapper","virtual ~CGrannyLocalPose()"
"src/EterGrnLib/ModelInstanceUpdate.cpp","161","CGrannyLocalPose","GrannyFreeLocalPose","Existing local/world pose evaluation, attachment transform and skin deformation","F","Expose neutral pose/animation facade; preserve native evaluation in adapter","SDK/adapter symbol","GrannyFreeLocalPose(m_pgrnLocalPose);"
"src/EterGrnLib/ModelInstanceUpdate.cpp","164","CGrannyLocalPose","granny_local_pose","Existing local/world pose evaluation, attachment transform and skin deformation","D;F","Expose neutral pose/animation facade; preserve native evaluation in adapter","SDK/adapter symbol","granny_local_pose * Get(int boneCount)"
"src/EterGrnLib/ModelInstanceUpdate.cpp","171","CGrannyLocalPose","GrannyFreeLocalPose","Existing local/world pose evaluation, attachment transform and skin deformation","F","Expose neutral pose/animation facade; preserve native evaluation in adapter","SDK/adapter symbol","GrannyFreeLocalPose(m_pgrnLocalPose);"
"src/EterGrnLib/ModelInstanceUpdate.cpp","175","CGrannyLocalPose","GrannyNewLocalPose","Existing local/world pose evaluation, attachment transform and skin deformation","D;F","Expose neutral pose/animation facade; preserve native evaluation in adapter","SDK/adapter symbol","m_pgrnLocalPose = GrannyNewLocalPose(m_boneCount);"
"src/EterGrnLib/ModelInstanceUpdate.cpp","180","CGrannyLocalPose","granny_local_pose","Existing local/world pose evaluation, attachment transform and skin deformation","F","Expose neutral pose/animation facade; preserve native evaluation in adapter","SDK/adapter symbol","granny_local_pose *	m_pgrnLocalPose;"
"src/EterGrnLib/ModelInstanceUpdate.cpp","185","CGrannyModelInstance::UpdateSkeleton","CGrannyModelInstance","Existing local/world pose evaluation, attachment transform and skin deformation","D","Expose neutral pose/animation facade; preserve native evaluation in adapter","legacy wrapper","void CGrannyModelInstance::UpdateSkeleton(const Math::Matrix * c_pWorldMatrix, float /*fLocalTime*/)"
"src/EterGrnLib/ModelInstanceUpdate.cpp","194","CGrannyModelInstance::UpdateWorldPose","CGrannyModelInstance","Existing local/world pose evaluation, attachment transform and skin deformation","F","Expose neutral pose/animation facade; preserve native evaluation in adapter","legacy wrapper","void CGrannyModelInstance::UpdateWorldPose()"
"src/EterGrnLib/ModelInstanceUpdate.cpp","204","CGrannyModelInstance::UpdateWorldPose","CGrannyLocalPose","Existing local/world pose evaluation, attachment transform and skin deformation","F","Expose neutral pose/animation facade; preserve native evaluation in adapter","legacy wrapper","static CGrannyLocalPose s_SharedLocalPose;"
"src/EterGrnLib/ModelInstanceUpdate.cpp","206","CGrannyModelInstance::UpdateWorldPose","granny_skeleton;GrannyGetSourceSkeleton","Existing local/world pose evaluation, attachment transform and skin deformation","D","Expose neutral pose/animation facade; preserve native evaluation in adapter","SDK/adapter symbol","granny_skeleton * pgrnSkeleton = GrannyGetSourceSkeleton(m_pgrnModelInstance);"
"src/EterGrnLib/ModelInstanceUpdate.cpp","207","CGrannyModelInstance::UpdateWorldPose","granny_local_pose","Existing local/world pose evaluation, attachment transform and skin deformation","D;F","Expose neutral pose/animation facade; preserve native evaluation in adapter","SDK/adapter symbol","granny_local_pose * pgrnLocalPose = s_SharedLocalPose.Get(pgrnSkeleton->BoneCount);"
"src/EterGrnLib/ModelInstanceUpdate.cpp","211","CGrannyModelInstance::UpdateWorldPose","GrannySampleModelAnimationsAccelerated","Existing local/world pose evaluation, attachment transform and skin deformation","D;E;F;H","Expose neutral pose/animation facade; preserve native evaluation in adapter","SDK/adapter symbol","GrannySampleModelAnimationsAccelerated(m_pgrnModelInstance, pgrnSkeleton->BoneCount, pAttachBoneMatrix, pgrnLocalPose, __GetWorldPosePtr());"
"src/EterGrnLib/ModelInstanceUpdate.cpp","215","CGrannyModelInstance::UpdateWorldPose","GrannySampleModelAnimations","Existing local/world pose evaluation, attachment transform and skin deformation","D;E;F","Expose neutral pose/animation facade; preserve native evaluation in adapter","SDK/adapter symbol","GrannySampleModelAnimations(m_pgrnModelInstance, 0, pgrnSkeleton->BoneCount, pgrnLocalPose);"
"src/EterGrnLib/ModelInstanceUpdate.cpp","216","CGrannyModelInstance::UpdateWorldPose","GrannyBuildWorldPose","Existing local/world pose evaluation, attachment transform and skin deformation","D;F;H","Expose neutral pose/animation facade; preserve native evaluation in adapter","SDK/adapter symbol","GrannyBuildWorldPose(pgrnSkeleton, 0, pgrnSkeleton->BoneCount, pgrnLocalPose, pAttachBoneMatrix, m_pgrnWorldPose);"
"src/EterGrnLib/ModelInstanceUpdate.cpp","218","CGrannyModelInstance::UpdateWorldPose","GrannyFreeCompletedModelControls","Existing local/world pose evaluation, attachment transform and skin deformation","E","Expose neutral pose/animation facade; preserve native evaluation in adapter","SDK/adapter symbol","GrannyFreeCompletedModelControls(m_pgrnModelInstance);"
"src/EterGrnLib/ModelInstanceUpdate.cpp","222","CGrannyModelInstance::UpdateWorldMatrices","CGrannyModelInstance","Existing local/world pose evaluation, attachment transform and skin deformation","F","Expose neutral pose/animation facade; preserve native evaluation in adapter","legacy wrapper","bool CGrannyModelInstance::UpdateWorldMatrices(const Math::Matrix* c_pWorldMatrix)"
"src/EterGrnLib/ModelInstanceUpdate.cpp","235","CGrannyModelInstance::UpdateWorldMatrices","granny_matrix_4x4;GrannyGetWorldPoseComposite4x4Array","Existing local/world pose evaluation, attachment transform and skin deformation","F;G","Expose neutral pose/animation facade; preserve native evaluation in adapter","SDK/adapter symbol","granny_matrix_4x4 * pgrnMatCompositeBuffer = GrannyGetWorldPoseComposite4x4Array(__GetWorldPosePtr());"
"src/EterGrnLib/ModelInstanceUpdate.cpp","242","CGrannyModelInstance::UpdateWorldMatrices","CGrannyMesh","Existing local/world pose evaluation, attachment transform and skin deformation","B","Expose neutral pose/animation facade; preserve native evaluation in adapter","legacy wrapper","const CGrannyMesh * pMesh = m_pModel->GetMeshPointer(i);"
"src/EterGrnLib/ModelInstanceUpdate.cpp","265","CGrannyModelInstance::DeformPNTVertices","CGrannyModelInstance","Existing local/world pose evaluation, attachment transform and skin deformation","G","Expose neutral pose/animation facade; preserve native evaluation in adapter","legacy wrapper","void CGrannyModelInstance::DeformPNTVertices(void * pvDest)"
"src/EterGrnLib/ModelInstanceUpdate.cpp","271","CGrannyModelInstance::DeformPNTVertices","GrannyGetWorldPoseComposite4x4Array","Existing local/world pose evaluation, attachment transform and skin deformation","B;F;G;H","Expose neutral pose/animation facade; preserve native evaluation in adapter","SDK/adapter symbol","m_pModel->DeformPNTVertices(pvDest, (Math::Matrix *) GrannyGetWorldPoseComposite4x4Array(__GetWorldPosePtr()), m_vct_pgrnMeshBinding);"
"src/EterGrnLib/Motion.cpp","4","CGrannyMotion::CGrannyMotion","CGrannyMotion","Animation metadata and playback reference","E","Add neutral asset view; native construction remains documented legacy adapter interop","legacy wrapper","CGrannyMotion::CGrannyMotion()"
"src/EterGrnLib/Motion.cpp","9","CGrannyMotion::~CGrannyMotion","CGrannyMotion","Animation metadata and playback reference","E","Add neutral asset view; native construction remains documented legacy adapter interop","legacy wrapper","CGrannyMotion::~CGrannyMotion()"
"src/EterGrnLib/Motion.cpp","14","CGrannyMotion::IsEmpty","CGrannyMotion","Animation metadata and playback reference","E","Add neutral asset view; native construction remains documented legacy adapter interop","legacy wrapper","bool CGrannyMotion::IsEmpty()"
"src/EterGrnLib/Motion.cpp","19","CGrannyMotion::Destroy","CGrannyMotion","Animation metadata and playback reference","E","Add neutral asset view; native construction remains documented legacy adapter interop","legacy wrapper","void CGrannyMotion::Destroy()"
"src/EterGrnLib/Motion.cpp","24","CGrannyMotion::Initialize","CGrannyMotion","Animation metadata and playback reference","E","Add neutral asset view; native construction remains documented legacy adapter interop","legacy wrapper","void CGrannyMotion::Initialize()"
"src/EterGrnLib/Motion.cpp","29","CGrannyMotion::BindGrannyAnimation","CGrannyMotion;granny_animation","Animation metadata and playback reference","E","Add neutral asset view; native construction remains documented legacy adapter interop","SDK/adapter symbol","bool CGrannyMotion::BindGrannyAnimation(granny_animation * pgrnAni)"
"src/EterGrnLib/Motion.cpp","37","CGrannyMotion::GetGrannyAnimationPointer","CGrannyMotion;granny_animation","Animation metadata and playback reference","E","Add neutral asset view; native construction remains documented legacy adapter interop","SDK/adapter symbol","granny_animation* CGrannyMotion::GetGrannyAnimationPointer() const"
"src/EterGrnLib/Motion.cpp","42","CGrannyMotion::GetName","CGrannyMotion","Animation metadata and playback reference","E","Add neutral asset view; native construction remains documented legacy adapter interop","legacy wrapper","const char * CGrannyMotion::GetName() const"
"src/EterGrnLib/Motion.cpp","47","CGrannyMotion::GetDuration","CGrannyMotion","Animation metadata and playback reference","E","Add neutral asset view; native construction remains documented legacy adapter interop","legacy wrapper","float CGrannyMotion::GetDuration() const"
"src/EterGrnLib/Motion.cpp","52","CGrannyMotion::GetTextTrack","CGrannyMotion","Animation metadata and playback reference","E","Add neutral asset view; native construction remains documented legacy adapter interop","legacy wrapper","void CGrannyMotion::GetTextTrack(const char * c_szTextTrackName, int * pCount, float * pArray) const"
"src/EterGrnLib/Motion.cpp","56","CGrannyMotion::GetTextTrack","CGrannyMotion","Animation metadata and playback reference","E","Add neutral asset view; native construction remains documented legacy adapter interop","comment","//		assert(!""CGrannyMotion::GetTextTrack - TrackCount is not 1"");"
"src/EterGrnLib/Motion.cpp","59","CGrannyMotion::GetTextTrack","granny_track_group","Animation metadata and playback reference","E","Add neutral asset view; native construction remains documented legacy adapter interop","SDK/adapter symbol","granny_track_group * pTrack = m_pgrnAni->TrackGroups[0];"
"src/EterGrnLib/Motion.cpp","63","CGrannyMotion::GetTextTrack","granny_text_track","Animation metadata and playback reference","E","Add neutral asset view; native construction remains documented legacy adapter interop","SDK/adapter symbol","granny_text_track & rTextTrack = pTrack->TextTracks[i];"
"src/EterGrnLib/Motion.h","3","CGrannyMotion","CGrannyMotion","Animation metadata and playback reference","E","Add neutral asset view; native construction remains documented legacy adapter interop","legacy wrapper","class CGrannyMotion"
"src/EterGrnLib/Motion.h","6","CGrannyMotion","CGrannyMotion","Animation metadata and playback reference","E","Add neutral asset view; native construction remains documented legacy adapter interop","legacy wrapper","CGrannyMotion();"
"src/EterGrnLib/Motion.h","7","CGrannyMotion","CGrannyMotion","Animation metadata and playback reference","E","Add neutral asset view; native construction remains documented legacy adapter interop","legacy wrapper","virtual ~CGrannyMotion();"
"src/EterGrnLib/Motion.h","12","CGrannyMotion::BindGrannyAnimation","granny_animation","Animation metadata and playback reference","E","Add neutral asset view; native construction remains documented legacy adapter interop","SDK/adapter symbol","bool				BindGrannyAnimation(granny_animation* pgrnAni);"
"src/EterGrnLib/Motion.h","14","CGrannyMotion::BindGrannyAnimation","granny_animation","Animation metadata and playback reference","E","Add neutral asset view; native construction remains documented legacy adapter interop","SDK/adapter symbol","granny_animation *	GetGrannyAnimationPointer() const;"
"src/EterGrnLib/Motion.h","24","CGrannyMotion::Initialize","granny_animation","Animation metadata and playback reference","E","Add neutral asset view; native construction remains documented legacy adapter interop","SDK/adapter symbol","granny_animation *	m_pgrnAni;"
"src/EterGrnLib/SkinningDataAdapter.cpp","8","file scope","granny_pwnt3432_vertex","Phase-B skeleton/vertex/remap/palette extraction and GPU handoff","B;G","Move or wrap extraction behind AssetRuntime/Granny while preserving Phase-B data","SDK/adapter symbol","static_assert(sizeof(granny_pwnt3432_vertex)==sizeof(SkinningVertex));"
"src/EterGrnLib/SkinningDataAdapter.cpp","9","file scope","granny_pwnt3432_vertex","Phase-B skeleton/vertex/remap/palette extraction and GPU handoff","B;D;G","Move or wrap extraction behind AssetRuntime/Granny while preserving Phase-B data","SDK/adapter symbol","static_assert(offsetof(granny_pwnt3432_vertex,BoneWeights)==offsetof(SkinningVertex,weights));"
"src/EterGrnLib/SkinningDataAdapter.cpp","10","file scope","granny_pwnt3432_vertex","Phase-B skeleton/vertex/remap/palette extraction and GPU handoff","B;D;G","Move or wrap extraction behind AssetRuntime/Granny while preserving Phase-B data","SDK/adapter symbol","static_assert(offsetof(granny_pwnt3432_vertex,BoneIndices)==offsetof(SkinningVertex,indices));"
"src/EterGrnLib/SkinningDataAdapter.cpp","11","file scope","granny_pwnt3432_vertex","Phase-B skeleton/vertex/remap/palette extraction and GPU handoff","B;G","Move or wrap extraction behind AssetRuntime/Granny while preserving Phase-B data","SDK/adapter symbol","static_assert(offsetof(granny_pwnt3432_vertex,Normal)==offsetof(SkinningVertex,normal));"
"src/EterGrnLib/SkinningDataAdapter.cpp","12","file scope","granny_pwnt3432_vertex","Phase-B skeleton/vertex/remap/palette extraction and GPU handoff","B;G","Move or wrap extraction behind AssetRuntime/Granny while preserving Phase-B data","SDK/adapter symbol","static_assert(offsetof(granny_pwnt3432_vertex,UV)==offsetof(SkinningVertex,uv));"
"src/EterGrnLib/SkinningDataAdapter.cpp","14","Extract","granny_model","Phase-B skeleton/vertex/remap/palette extraction and GPU handoff","G","Move or wrap extraction behind AssetRuntime/Granny while preserving Phase-B data","SDK/adapter symbol","std::shared_ptr<const SkinningModelData> Extract(const granny_model& model)"
"src/EterGrnLib/SkinningDataAdapter.cpp","34","Extract","GrannyGetMeshVertexCount","Phase-B skeleton/vertex/remap/palette extraction and GPU handoff","B","Move or wrap extraction behind AssetRuntime/Granny while preserving Phase-B data","SDK/adapter symbol","const int count=GrannyGetMeshVertexCount(source);"
"src/EterGrnLib/SkinningDataAdapter.cpp","36","Extract","GrannyGetMeshVertexType","Phase-B skeleton/vertex/remap/palette extraction and GPU handoff","B","Move or wrap extraction behind AssetRuntime/Granny while preserving Phase-B data","SDK/adapter symbol","const auto* type=GrannyGetMeshVertexType(source);"
"src/EterGrnLib/SkinningDataAdapter.cpp","38","Extract","GrannyMeshIsRigid","Phase-B skeleton/vertex/remap/palette extraction and GPU handoff","B","Move or wrap extraction behind AssetRuntime/Granny while preserving Phase-B data","SDK/adapter symbol","if(GrannyMeshIsRigid(source)) { status=SkinDataStatus::Rigid; continue; }"
"src/EterGrnLib/SkinningDataAdapter.cpp","48","Extract","GrannyDataTypesAreEqualWithNames;GrannyPWNT3432VertexType","Phase-B skeleton/vertex/remap/palette extraction and GPU handoff","B","Move or wrap extraction behind AssetRuntime/Granny while preserving Phase-B data","SDK/adapter symbol","if(!GrannyDataTypesAreEqualWithNames(type,GrannyPWNT3432VertexType)) {"
"src/EterGrnLib/SkinningDataAdapter.cpp","51","Extract","GrannyGetMeshVertices","Phase-B skeleton/vertex/remap/palette extraction and GPU handoff","B","Move or wrap extraction behind AssetRuntime/Granny while preserving Phase-B data","SDK/adapter symbol","const auto* vertices=GrannyGetMeshVertices(source);"
"src/EterGrnLib/SkinningDataAdapter.cpp","62","std::memcpy","GrannyNewMeshBinding","Phase-B skeleton/vertex/remap/palette extraction and GPU handoff","B;D;G;H","Move or wrap extraction behind AssetRuntime/Granny while preserving Phase-B data","SDK/adapter symbol","auto* selfBinding=GrannyNewMeshBinding(source,model.Skeleton,model.Skeleton);"
"src/EterGrnLib/SkinningDataAdapter.cpp","63","std::memcpy","GrannyGetMeshBindingToBoneIndices","Phase-B skeleton/vertex/remap/palette extraction and GPU handoff","B;D;G;H","Move or wrap extraction behind AssetRuntime/Granny while preserving Phase-B data","SDK/adapter symbol","const auto* sourceIndices=selfBinding?GrannyGetMeshBindingToBoneIndices(selfBinding):nullptr;"
"src/EterGrnLib/SkinningDataAdapter.cpp","64","std::memcpy","GrannyGetMeshBindingBoneCount","Phase-B skeleton/vertex/remap/palette extraction and GPU handoff","B;D;G;H","Move or wrap extraction behind AssetRuntime/Granny while preserving Phase-B data","SDK/adapter symbol","bool sourceMappingValid=sourceIndices && GrannyGetMeshBindingBoneCount(selfBinding)==data->meshBoneCount;"
"src/EterGrnLib/SkinningDataAdapter.cpp","69","std::memcpy","GrannyFreeMeshBinding","Phase-B skeleton/vertex/remap/palette extraction and GPU handoff","B;G;H","Move or wrap extraction behind AssetRuntime/Granny while preserving Phase-B data","SDK/adapter symbol","if(selfBinding) GrannyFreeMeshBinding(selfBinding);"
"src/EterGrnLib/SkinningDataAdapter.cpp","72","std::memcpy","GrannyGetMeshIndexCount","Phase-B skeleton/vertex/remap/palette extraction and GPU handoff","B","Move or wrap extraction behind AssetRuntime/Granny while preserving Phase-B data","SDK/adapter symbol","const int indexCount=GrannyGetMeshIndexCount(source);"
"src/EterGrnLib/SkinningDataAdapter.cpp","73","std::memcpy","GrannyGetMeshTriangleGroupCount","Phase-B skeleton/vertex/remap/palette extraction and GPU handoff","B","Move or wrap extraction behind AssetRuntime/Granny while preserving Phase-B data","SDK/adapter symbol","const int groupCount=GrannyGetMeshTriangleGroupCount(source);"
"src/EterGrnLib/SkinningDataAdapter.cpp","74","std::memcpy","GrannyGetMeshTriangleGroups","Phase-B skeleton/vertex/remap/palette extraction and GPU handoff","B","Move or wrap extraction behind AssetRuntime/Granny while preserving Phase-B data","SDK/adapter symbol","const auto* groups=GrannyGetMeshTriangleGroups(source);"
"src/EterGrnLib/SkinningDataAdapter.cpp","80","indices","GrannyCopyMeshIndices","Phase-B skeleton/vertex/remap/palette extraction and GPU handoff","B","Move or wrap extraction behind AssetRuntime/Granny while preserving Phase-B data","SDK/adapter symbol","GrannyCopyMeshIndices(source,4,indices.data());"
"src/EterGrnLib/SkinningDataAdapter.cpp","98","ExtractRemap","granny_mesh_binding","Phase-B skeleton/vertex/remap/palette extraction and GPU handoff","B;D;G","Move or wrap extraction behind AssetRuntime/Granny while preserving Phase-B data","SDK/adapter symbol","const granny_mesh_binding* binding, std::shared_ptr<const SkeletonLayout> destination, SkinDataStatus& status)"
"src/EterGrnLib/SkinningDataAdapter.cpp","101","ExtractRemap","GrannyGetMeshBindingBoneCount","Phase-B skeleton/vertex/remap/palette extraction and GPU handoff","B;D;G;H","Move or wrap extraction behind AssetRuntime/Granny while preserving Phase-B data","SDK/adapter symbol","if(!binding || GrannyGetMeshBindingBoneCount(binding)!=mesh.meshBoneCount) return {};"
"src/EterGrnLib/SkinningDataAdapter.cpp","102","ExtractRemap","GrannyGetMeshBindingToBoneIndices","Phase-B skeleton/vertex/remap/palette extraction and GPU handoff","B;D;G;H","Move or wrap extraction behind AssetRuntime/Granny while preserving Phase-B data","SDK/adapter symbol","const auto* indices=GrannyGetMeshBindingToBoneIndices(binding);"
"src/EterGrnLib/SkinningDataAdapter.cpp","108","ExtractRemap","granny_world_pose","Phase-B skeleton/vertex/remap/palette extraction and GPU handoff","F","Move or wrap extraction behind AssetRuntime/Granny while preserving Phase-B data","SDK/adapter symbol","const granny_world_pose* pose)"
"src/EterGrnLib/SkinningDataAdapter.cpp","112","ExtractRemap","GrannyGetWorldPoseBoneCount","Phase-B skeleton/vertex/remap/palette extraction and GPU handoff","D;F","Move or wrap extraction behind AssetRuntime/Granny while preserving Phase-B data","SDK/adapter symbol","const int count=GrannyGetWorldPoseBoneCount(pose);"
"src/EterGrnLib/SkinningDataAdapter.cpp","115","ExtractRemap","GrannyGetWorldPoseComposite4x4Array","Phase-B skeleton/vertex/remap/palette extraction and GPU handoff","F","Move or wrap extraction behind AssetRuntime/Granny while preserving Phase-B data","SDK/adapter symbol","const auto* matrices=GrannyGetWorldPoseComposite4x4Array(pose);"
"src/EterGrnLib/SkinningDataAdapter.h","3","file scope","granny.h","Phase-B skeleton/vertex/remap/palette extraction and GPU handoff","G","Move or wrap extraction behind AssetRuntime/Granny while preserving Phase-B data","include","#include <granny.h>"
"src/EterGrnLib/SkinningDataAdapter.h","7","Extract","granny_model","Phase-B skeleton/vertex/remap/palette extraction and GPU handoff","G","Move or wrap extraction behind AssetRuntime/Granny while preserving Phase-B data","SDK/adapter symbol","std::shared_ptr<const Renderer::SkinningModelData> Extract(const granny_model& model);"
"src/EterGrnLib/SkinningDataAdapter.h","9","ExtractRemap","granny_mesh_binding","Phase-B skeleton/vertex/remap/palette extraction and GPU handoff","B;D;G","Move or wrap extraction behind AssetRuntime/Granny while preserving Phase-B data","SDK/adapter symbol","const granny_mesh_binding* binding, std::shared_ptr<const Renderer::SkeletonLayout> destination,"
"src/EterGrnLib/SkinningDataAdapter.h","12","ExtractRemap","granny_world_pose","Phase-B skeleton/vertex/remap/palette extraction and GPU handoff","D;F","Move or wrap extraction behind AssetRuntime/Granny while preserving Phase-B data","SDK/adapter symbol","std::shared_ptr<const Renderer::SkeletonLayout> skeleton, const granny_world_pose* pose);"
"src/EterGrnLib/StdAfx.h","6","file scope","granny.h","Precompiled/header transitive dependency root","H","Remove consumer SDK propagation; isolate SDK include in adapter implementation","include","#include <granny.h>"
"src/EterGrnLib/Thing.cpp","36","CGraphicThing::OnClear","GrannyFreeFile","Resource-backed GR2 loading, section lifetime and model/motion construction","A","Move GR2 load/file ownership behind GrannyAssetProvider; keep CResource cache","SDK/adapter symbol","GrannyFreeFile(m_pgrnFile);"
"src/EterGrnLib/Thing.cpp","67","CGraphicThing::CreateDeviceObjects","CGrannyModel","Resource-backed GR2 loading, section lifetime and model/motion construction","A","Move GR2 load/file ownership behind GrannyAssetProvider; keep CResource cache","legacy wrapper","CGrannyModel & rModel = m_models[m];"
"src/EterGrnLib/Thing.cpp","81","CGraphicThing::DestroyDeviceObjects","CGrannyModel","Resource-backed GR2 loading, section lifetime and model/motion construction","A","Move GR2 load/file ownership behind GrannyAssetProvider; keep CResource cache","legacy wrapper","CGrannyModel & rModel = m_models[m];"
"src/EterGrnLib/Thing.cpp","123","CGraphicThing::GetModelPointer","CGrannyModel","Resource-backed GR2 loading, section lifetime and model/motion construction","A","Move GR2 load/file ownership behind GrannyAssetProvider; keep CResource cache","legacy wrapper","CGrannyModel * CGraphicThing::GetModelPointer(int iModel)"
"src/EterGrnLib/Thing.cpp","130","CGraphicThing::GetMotionPointer","CGrannyMotion","Resource-backed GR2 loading, section lifetime and model/motion construction","A;E","Move GR2 load/file ownership behind GrannyAssetProvider; keep CResource cache","legacy wrapper","CGrannyMotion * CGraphicThing::GetMotionPointer(int iMotion)"
"src/EterGrnLib/Thing.cpp","162","CGraphicThing::OnLoad","GrannyReadEntireFileFromMemory","Resource-backed GR2 loading, section lifetime and model/motion construction","A","Move GR2 load/file ownership behind GrannyAssetProvider; keep CResource cache","SDK/adapter symbol","m_pgrnFile = GrannyReadEntireFileFromMemory(iSize, (void *) c_pvBuf);"
"src/EterGrnLib/Thing.cpp","167","CGraphicThing::OnLoad","GrannyGetFileInfo","Resource-backed GR2 loading, section lifetime and model/motion construction","A","Move GR2 load/file ownership behind GrannyAssetProvider; keep CResource cache","SDK/adapter symbol","m_pgrnFileInfo = GrannyGetFileInfo(m_pgrnFile);"
"src/EterGrnLib/Thing.cpp","207","CGraphicThing::LoadModels","CGrannyModel","Resource-backed GR2 loading, section lifetime and model/motion construction","A","Move GR2 load/file ownership behind GrannyAssetProvider; keep CResource cache","legacy wrapper","m_models = new CGrannyModel[modelCount];"
"src/EterGrnLib/Thing.cpp","211","CGraphicThing::LoadModels","CGrannyModel","Resource-backed GR2 loading, section lifetime and model/motion construction","A","Move GR2 load/file ownership behind GrannyAssetProvider; keep CResource cache","legacy wrapper","CGrannyModel & rModel = m_models[m];"
"src/EterGrnLib/Thing.cpp","212","CGraphicThing::LoadModels","granny_model","Resource-backed GR2 loading, section lifetime and model/motion construction","A","Move GR2 load/file ownership behind GrannyAssetProvider; keep CResource cache","SDK/adapter symbol","granny_model * pgrnModel = m_pgrnFileInfo->Models[m];"
"src/EterGrnLib/Thing.cpp","222","CGraphicThing::LoadModels","GrannyFreeFileSection;GrannyStandardRigidVertexSection","Resource-backed GR2 loading, section lifetime and model/motion construction","A;B","Move GR2 load/file ownership behind GrannyAssetProvider; keep CResource cache","SDK/adapter symbol","GrannyFreeFileSection(m_pgrnFile, GrannyStandardRigidVertexSection);"
"src/EterGrnLib/Thing.cpp","223","CGraphicThing::LoadModels","GrannyFreeFileSection;GrannyStandardRigidIndexSection","Resource-backed GR2 loading, section lifetime and model/motion construction","A;B","Move GR2 load/file ownership behind GrannyAssetProvider; keep CResource cache","SDK/adapter symbol","GrannyFreeFileSection(m_pgrnFile, GrannyStandardRigidIndexSection);"
"src/EterGrnLib/Thing.cpp","224","CGraphicThing::LoadModels","GrannyFreeFileSection;GrannyStandardDeformableIndexSection","Resource-backed GR2 loading, section lifetime and model/motion construction","A;B;G","Move GR2 load/file ownership behind GrannyAssetProvider; keep CResource cache","SDK/adapter symbol","GrannyFreeFileSection(m_pgrnFile, GrannyStandardDeformableIndexSection);"
"src/EterGrnLib/Thing.cpp","225","CGraphicThing::LoadModels","GrannyFreeFileSection;GrannyStandardTextureSection","Resource-backed GR2 loading, section lifetime and model/motion construction","A;C","Move GR2 load/file ownership behind GrannyAssetProvider; keep CResource cache","SDK/adapter symbol","GrannyFreeFileSection(m_pgrnFile, GrannyStandardTextureSection);"
"src/EterGrnLib/Thing.cpp","239","CGraphicThing::LoadMotions","CGrannyMotion","Resource-backed GR2 loading, section lifetime and model/motion construction","E","Move GR2 load/file ownership behind GrannyAssetProvider; keep CResource cache","legacy wrapper","m_motions = new CGrannyMotion[motionCount];"
"src/EterGrnLib/Thing.h","22","CGraphicThing::CheckModelIndex","CGrannyModel","Resource-backed GR2 loading, section lifetime and model/motion construction","A","Move GR2 load/file ownership behind GrannyAssetProvider; keep CResource cache","legacy wrapper","CGrannyModel *			GetModelPointer(int iModel);"
"src/EterGrnLib/Thing.h","26","CGraphicThing::CheckMotionIndex","CGrannyMotion","Resource-backed GR2 loading, section lifetime and model/motion construction","E","Move GR2 load/file ownership behind GrannyAssetProvider; keep CResource cache","legacy wrapper","CGrannyMotion *			GetMotionPointer(int iMotion);"
"src/EterGrnLib/Thing.h","45","CGraphicThing::OnIsType","granny_file","Resource-backed GR2 loading, section lifetime and model/motion construction","A","Move GR2 load/file ownership behind GrannyAssetProvider; keep CResource cache","SDK/adapter symbol","granny_file *			m_pgrnFile;"
"src/EterGrnLib/Thing.h","47","CGraphicThing::OnIsType","granny_file_info","Resource-backed GR2 loading, section lifetime and model/motion construction","A","Move GR2 load/file ownership behind GrannyAssetProvider; keep CResource cache","SDK/adapter symbol","granny_file_info *		m_pgrnFileInfo;"
"src/EterGrnLib/Thing.h","49","CGraphicThing::OnIsType","granny_animation","Resource-backed GR2 loading, section lifetime and model/motion construction","E","Move GR2 load/file ownership behind GrannyAssetProvider; keep CResource cache","SDK/adapter symbol","granny_animation *		m_pgrnAni;"
"src/EterGrnLib/Thing.h","51","CGraphicThing::OnIsType","CGrannyModel","Resource-backed GR2 loading, section lifetime and model/motion construction","A","Move GR2 load/file ownership behind GrannyAssetProvider; keep CResource cache","legacy wrapper","CGrannyModel *			m_models;"
"src/EterGrnLib/Thing.h","52","CGraphicThing::OnIsType","CGrannyMotion","Resource-backed GR2 loading, section lifetime and model/motion construction","E","Move GR2 load/file ownership behind GrannyAssetProvider; keep CResource cache","legacy wrapper","CGrannyMotion *			m_motions;"
"src/EterGrnLib/ThingInstance.cpp","56","std::for_each","CGrannyLODController","Graphic actor/world instance dispatch, attachment and LOD resource access","E","Consume neutral runtime metadata/pose/attachment API; retain only justified legacy interop","legacy wrapper","std::for_each(m_LODControllerVector.begin(), m_LODControllerVector.end(), std::mem_fn(&CGrannyLODController::SetMotionAtEnd));"
"src/EterGrnLib/ThingInstance.cpp","186","CGraphicThingInstance::CreateDeviceObjects","CGrannyLODController","Graphic actor/world instance dispatch, attachment and LOD resource access","E","Consume neutral runtime metadata/pose/attachment API; retain only justified legacy interop","legacy wrapper","CGrannyLODController::FCreateDeviceObjects createDeviceObjects;"
"src/EterGrnLib/ThingInstance.cpp","193","CGraphicThingInstance::DestroyDeviceObjects","CGrannyLODController","Graphic actor/world instance dispatch, attachment and LOD resource access","E","Consume neutral runtime metadata/pose/attachment API; retain only justified legacy interop","legacy wrapper","CGrannyLODController::FDestroyDeviceObjects destroyDeviceObjects;"
"src/EterGrnLib/ThingInstance.cpp","253","CGraphicThingInstance::ReserveModelInstance","CGrannyLODController","Graphic actor/world instance dispatch, attachment and LOD resource access","E","Consume neutral runtime metadata/pose/attachment API; retain only justified legacy interop","legacy wrapper","CGrannyLODController * pInstance = new CGrannyLODController;"
"src/EterGrnLib/ThingInstance.cpp","267","CGraphicThingInstance::FindBoneIndex","CGrannyModelInstance","Graphic actor/world instance dispatch, attachment and LOD resource access","E","Consume neutral runtime metadata/pose/attachment API; retain only justified legacy interop","legacy wrapper","CGrannyModelInstance * pModelInstance = m_LODControllerVector[iModelInstance]->GetModelInstance();"
"src/EterGrnLib/ThingInstance.cpp","288","CGraphicThingInstance::AttachModelInstance","CGrannyLODController","Graphic actor/world instance dispatch, attachment and LOD resource access","E","Consume neutral runtime metadata/pose/attachment API; retain only justified legacy interop","legacy wrapper","CGrannyLODController * pSrcLODController = m_LODControllerVector[iSrcModelInstance];"
"src/EterGrnLib/ThingInstance.cpp","289","CGraphicThingInstance::AttachModelInstance","CGrannyLODController","Graphic actor/world instance dispatch, attachment and LOD resource access","E","Consume neutral runtime metadata/pose/attachment API; retain only justified legacy interop","legacy wrapper","CGrannyLODController * pDstLODController = m_LODControllerVector[iDstModelInstance];"
"src/EterGrnLib/ThingInstance.cpp","306","CGraphicThingInstance::AttachModelInstance","CGrannyLODController","Graphic actor/world instance dispatch, attachment and LOD resource access","E","Consume neutral runtime metadata/pose/attachment API; retain only justified legacy interop","legacy wrapper","CGrannyLODController * pDstLODController = m_LODControllerVector[iDstModelInstance];"
"src/EterGrnLib/ThingInstance.cpp","307","CGraphicThingInstance::AttachModelInstance","CGrannyLODController","Graphic actor/world instance dispatch, attachment and LOD resource access","E","Consume neutral runtime metadata/pose/attachment API; retain only justified legacy interop","legacy wrapper","CGrannyLODController * pSrcLODController = rSrcInstance.m_LODControllerVector[iSrcModelInstance];"
"src/EterGrnLib/ThingInstance.cpp","324","CGraphicThingInstance::DetachModelInstance","CGrannyLODController","Graphic actor/world instance dispatch, attachment and LOD resource access","E","Consume neutral runtime metadata/pose/attachment API; retain only justified legacy interop","legacy wrapper","CGrannyLODController * pDstLODController = m_LODControllerVector[iDstModelInstance];"
"src/EterGrnLib/ThingInstance.cpp","325","CGraphicThingInstance::DetachModelInstance","CGrannyLODController","Graphic actor/world instance dispatch, attachment and LOD resource access","E","Consume neutral runtime metadata/pose/attachment API; retain only justified legacy interop","legacy wrapper","CGrannyLODController * pSrcLODController = rSrcInstance.m_LODControllerVector[iSrcModelInstance];"
"src/EterGrnLib/ThingInstance.cpp","333","CGraphicThingInstance::GetBonePosition","CGrannyModelInstance","Graphic actor/world instance dispatch, attachment and LOD resource access","B;E","Consume neutral runtime metadata/pose/attachment API; retain only justified legacy interop","legacy wrapper","CGrannyModelInstance * pModelInstance = m_LODControllerVector[iModelIndex]->GetModelInstance();"
"src/EterGrnLib/ThingInstance.cpp","360","CGraphicThingInstance::SetModelInstance","CGrannyLODController","Graphic actor/world instance dispatch, attachment and LOD resource access","E","Consume neutral runtime metadata/pose/attachment API; retain only justified legacy interop","legacy wrapper","CGrannyLODController * pController = m_LODControllerVector[iDstModelInstance];"
"src/EterGrnLib/ThingInstance.cpp","365","CGraphicThingInstance::SetModelInstance","CGrannyLODController","Graphic actor/world instance dispatch, attachment and LOD resource access","E","Consume neutral runtime metadata/pose/attachment API; retain only justified legacy interop","legacy wrapper","CGrannyLODController * pSkelController = NULL;"
"src/EterGrnLib/ThingInstance.cpp","473","CGraphicThingInstance::SetMotion","CGrannyLODController","Graphic actor/world instance dispatch, attachment and LOD resource access","E","Consume neutral runtime metadata/pose/attachment API; retain only justified legacy interop","legacy wrapper","CGrannyLODController::FSetMotionPointer SetMotionPointer;"
"src/EterGrnLib/ThingInstance.cpp","498","CGraphicThingInstance::ChangeMotion","CGrannyLODController","Graphic actor/world instance dispatch, attachment and LOD resource access","E","Consume neutral runtime metadata/pose/attachment API; retain only justified legacy interop","legacy wrapper","CGrannyLODController::FChangeMotionPointer ChangeMotionPointer;"
"src/EterGrnLib/ThingInstance.cpp","509","std::for_each","CGrannyLODController","Graphic actor/world instance dispatch, attachment and LOD resource access","E","Consume neutral runtime metadata/pose/attachment API; retain only justified legacy interop","legacy wrapper","std::for_each(m_LODControllerVector.begin(), m_LODControllerVector.end(), CGrannyLODController::FEndStopMotionPointer());"
"src/EterGrnLib/ThingInstance.cpp","543","CGraphicThingInstance::ResetLocalTime","GrannyGetSystemSeconds","Graphic actor/world instance dispatch, attachment and LOD resource access","H","Consume neutral runtime metadata/pose/attachment API; retain only justified legacy interop","comment","//m_clockLast = GrannyGetSystemSeconds();"
"src/EterGrnLib/ThingInstance.cpp","547","CGraphicThingInstance::ResetLocalTime","CGrannyLODController","Graphic actor/world instance dispatch, attachment and LOD resource access","E","Consume neutral runtime metadata/pose/attachment API; retain only justified legacy interop","legacy wrapper","CGrannyLODController::FResetLocalTime resetLocalTime;"
"src/EterGrnLib/ThingInstance.cpp","602","std::for_each","CGrannyLODController","Graphic actor/world instance dispatch, attachment and LOD resource access","E","Consume neutral runtime metadata/pose/attachment API; retain only justified legacy interop","legacy wrapper","std::for_each(m_LODControllerVector.begin(), m_LODControllerVector.end(), CGrannyLODController::FBoundBox(vtMin, vtMax));"
"src/EterGrnLib/ThingInstance.cpp","613","CGraphicThingInstance::GetBoundBox","CGrannyLODController","Graphic actor/world instance dispatch, attachment and LOD resource access","B;E","Consume neutral runtime metadata/pose/attachment API; retain only justified legacy interop","legacy wrapper","CGrannyLODController * pController = m_LODControllerVector[dwModelInstanceIndex];"
"src/EterGrnLib/ThingInstance.cpp","617","CGraphicThingInstance::GetBoundBox","CGrannyModelInstance","Graphic actor/world instance dispatch, attachment and LOD resource access","E","Consume neutral runtime metadata/pose/attachment API; retain only justified legacy interop","legacy wrapper","CGrannyModelInstance * pModelInstance = pController->GetModelInstance();"
"src/EterGrnLib/ThingInstance.cpp","627","CGraphicThingInstance::GetBoneMatrix","CGrannyModelInstance","Graphic actor/world instance dispatch, attachment and LOD resource access","B;E","Consume neutral runtime metadata/pose/attachment API; retain only justified legacy interop","legacy wrapper","CGrannyModelInstance * pModelInstance = m_LODControllerVector[dwModelInstanceIndex]->GetModelInstance();"
"src/EterGrnLib/ThingInstance.cpp","643","CGraphicThingInstance::GetCompositeBoneMatrix","CGrannyModelInstance","Graphic actor/world instance dispatch, attachment and LOD resource access","B;E","Consume neutral runtime metadata/pose/attachment API; retain only justified legacy interop","legacy wrapper","CGrannyModelInstance * pModelInstance = m_LODControllerVector[dwModelInstanceIndex]->GetModelInstance();"
"src/EterGrnLib/ThingInstance.cpp","666","CGraphicThingInstance::UpdateTransform","CGrannyLODController","Graphic actor/world instance dispatch, attachment and LOD resource access","B;E","Consume neutral runtime metadata/pose/attachment API; retain only justified legacy interop","legacy wrapper","CGrannyLODController* pkLODCtrl=m_LODControllerVector[iModelInstanceIndex];"
"src/EterGrnLib/ThingInstance.cpp","674","CGraphicThingInstance::UpdateTransform","CGrannyModelInstance","Graphic actor/world instance dispatch, attachment and LOD resource access","H","Consume neutral runtime metadata/pose/attachment API; retain only justified legacy interop","legacy wrapper","CGrannyModelInstance * pModelInstance = pkLODCtrl->GetModelInstance();"
"src/EterGrnLib/ThingInstance.cpp","689","CGraphicThingInstance::DeformAll","CGrannyLODController","Graphic actor/world instance dispatch, attachment and LOD resource access","E;G","Consume neutral runtime metadata/pose/attachment API; retain only justified legacy interop","legacy wrapper","CGrannyLODController::FDeformAll deform;"
"src/EterGrnLib/ThingInstance.cpp","698","CGraphicThingInstance::DeformNoSkin","CGrannyLODController","Graphic actor/world instance dispatch, attachment and LOD resource access","E","Consume neutral runtime metadata/pose/attachment API; retain only justified legacy interop","legacy wrapper","std::vector<CGrannyLODController*>::iterator i;"
"src/EterGrnLib/ThingInstance.cpp","701","CGraphicThingInstance::DeformNoSkin","CGrannyLODController","Graphic actor/world instance dispatch, attachment and LOD resource access","E","Consume neutral runtime metadata/pose/attachment API; retain only justified legacy interop","legacy wrapper","CGrannyLODController* pkLOD=*i;"
"src/EterGrnLib/ThingInstance.cpp","711","CGraphicThingInstance::OnDeform","CGrannyLODController","Graphic actor/world instance dispatch, attachment and LOD resource access","E;G","Consume neutral runtime metadata/pose/attachment API; retain only justified legacy interop","legacy wrapper","CGrannyLODController::FDeform deform;"
"src/EterGrnLib/ThingInstance.cpp","721","CGraphicThingInstance::__SetLocalTime","CGrannyLODController","Graphic actor/world instance dispatch, attachment and LOD resource access","E","Consume neutral runtime metadata/pose/attachment API; retain only justified legacy interop","legacy wrapper","CGrannyLODController::FSetLocalTime SetLocalTime;"
"src/EterGrnLib/ThingInstance.cpp","740","CGraphicThingInstance::UpdateLODLevel","CGrannyLODController","Graphic actor/world instance dispatch, attachment and LOD resource access","E","Consume neutral runtime metadata/pose/attachment API; retain only justified legacy interop","legacy wrapper","CGrannyLODController::FUpdateLODLevel update;"
"src/EterGrnLib/ThingInstance.cpp","752","CGraphicThingInstance::UpdateTime","granny_system_clock;GrannyGetSystemSeconds","Graphic actor/world instance dispatch, attachment and LOD resource access","H","Consume neutral runtime metadata/pose/attachment API; retain only justified legacy interop","comment","//granny_system_clock clockNow = GrannyGetSystemSeconds();"
"src/EterGrnLib/ThingInstance.cpp","753","CGraphicThingInstance::UpdateTime","GrannyGetSecondsElapsed","Graphic actor/world instance dispatch, attachment and LOD resource access","H","Consume neutral runtime metadata/pose/attachment API; retain only justified legacy interop","comment","//m_fSecondElapsed = GrannyGetSecondsElapsed(&m_clockLast, &clockNow) * m_fMotionTimeSpeed;"
"src/EterGrnLib/ThingInstance.cpp","775","CGraphicThingInstance::UpdateTime","CGrannyLODController","Graphic actor/world instance dispatch, attachment and LOD resource access","E","Consume neutral runtime metadata/pose/attachment API; retain only justified legacy interop","legacy wrapper","CGrannyLODController::FUpdateTime update;"
"src/EterGrnLib/ThingInstance.cpp","828","CGraphicThingInstance::RenderWithOneTexture","CGrannyLODController","Graphic actor/world instance dispatch, attachment and LOD resource access","C;E","Consume neutral runtime metadata/pose/attachment API; retain only justified legacy interop","legacy wrapper","CGrannyLODController::FRenderWithOneTexture render;"
"src/EterGrnLib/ThingInstance.cpp","838","CGraphicThingInstance::BlendRenderWithOneTexture","CGrannyLODController","Graphic actor/world instance dispatch, attachment and LOD resource access","C;E","Consume neutral runtime metadata/pose/attachment API; retain only justified legacy interop","legacy wrapper","CGrannyLODController::FBlendRenderWithOneTexture blendRender;"
"src/EterGrnLib/ThingInstance.cpp","848","CGraphicThingInstance::RenderWithTwoTexture","CGrannyLODController","Graphic actor/world instance dispatch, attachment and LOD resource access","C;E","Consume neutral runtime metadata/pose/attachment API; retain only justified legacy interop","legacy wrapper","CGrannyLODController::FRenderWithTwoTexture render;"
"src/EterGrnLib/ThingInstance.cpp","858","CGraphicThingInstance::BlendRenderWithTwoTexture","CGrannyLODController","Graphic actor/world instance dispatch, attachment and LOD resource access","C;E","Consume neutral runtime metadata/pose/attachment API; retain only justified legacy interop","legacy wrapper","CGrannyLODController::FRenderWithTwoTexture blendRender;"
"src/EterGrnLib/ThingInstance.cpp","867","CGraphicThingInstance::OnRenderToShadowMap","CGrannyLODController","Graphic actor/world instance dispatch, attachment and LOD resource access","E","Consume neutral runtime metadata/pose/attachment API; retain only justified legacy interop","legacy wrapper","CGrannyLODController::FRenderToShadowMap RenderToShadowMap;"
"src/EterGrnLib/ThingInstance.cpp","873","CGraphicThingInstance::OnRenderShadow","CGrannyLODController","Graphic actor/world instance dispatch, attachment and LOD resource access","E","Consume neutral runtime metadata/pose/attachment API; retain only justified legacy interop","legacy wrapper","CGrannyLODController::FRenderShadow RenderShadow;"
"src/EterGrnLib/ThingInstance.cpp","879","CGraphicThingInstance::OnRenderPCBlocker","CGrannyLODController","Graphic actor/world instance dispatch, attachment and LOD resource access","C;E","Consume neutral runtime metadata/pose/attachment API; retain only justified legacy interop","legacy wrapper","CGrannyLODController::FRenderWithOneTexture RenderPCBlocker;"
"src/EterGrnLib/ThingInstance.cpp","888","CGraphicThingInstance::GetLODControllerPointer","CGrannyLODController","Graphic actor/world instance dispatch, attachment and LOD resource access","A;B;E","Consume neutral runtime metadata/pose/attachment API; retain only justified legacy interop","legacy wrapper","CGrannyLODController * CGraphicThingInstance::GetLODControllerPointer(DWORD dwModelIndex) const"
"src/EterGrnLib/ThingInstance.cpp","894","CGraphicThingInstance::GetLODControllerPointer","CGrannyLODController","Graphic actor/world instance dispatch, attachment and LOD resource access","A;B;E","Consume neutral runtime metadata/pose/attachment API; retain only justified legacy interop","legacy wrapper","CGrannyLODController * CGraphicThingInstance::GetLODControllerPointer(DWORD dwModelIndex)"
"src/EterGrnLib/ThingInstance.cpp","911","CGraphicThingInstance::GetHeight","CGrannyModelInstance","Graphic actor/world instance dispatch, attachment and LOD resource access","E","Consume neutral runtime metadata/pose/attachment API; retain only justified legacy interop","legacy wrapper","CGrannyModelInstance * pModelInstance = m_LODControllerVector[0]->GetModelInstance();"
"src/EterGrnLib/ThingInstance.cpp","923","CGraphicThingInstance::ReloadTexture","CGrannyLODController","Graphic actor/world instance dispatch, attachment and LOD resource access","C;E","Consume neutral runtime metadata/pose/attachment API; retain only justified legacy interop","legacy wrapper","CGrannyLODController::FReloadTexture ReloadTexture;"
"src/EterGrnLib/ThingInstance.h","93","CGraphicThingInstance::GetLODControllerCount","CGrannyLODController","Graphic actor/world instance dispatch, attachment and LOD resource access","B;E","Consume neutral runtime metadata/pose/attachment API; retain only justified legacy interop","legacy wrapper","CGrannyLODController * GetLODControllerPointer(DWORD dwModelIndex) const;"
"src/EterGrnLib/ThingInstance.h","94","CGraphicThingInstance::GetLODControllerCount","CGrannyLODController","Graphic actor/world instance dispatch, attachment and LOD resource access","B;E","Consume neutral runtime metadata/pose/attachment API; retain only justified legacy interop","legacy wrapper","CGrannyLODController * GetLODControllerPointer(DWORD dwModelIndex);"
"src/EterGrnLib/ThingInstance.h","139","CGraphicThingInstance::OnRenderPCBlocker","CGrannyLODController","Graphic actor/world instance dispatch, attachment and LOD resource access","E","Consume neutral runtime metadata/pose/attachment API; retain only justified legacy interop","legacy wrapper","std::vector<CGrannyLODController *>		m_LODControllerVector;"
"src/EterGrnLib/Util.cpp","6","GrannyMeshIsDeform","granny_mesh;GrannyMeshIsDeform","Legacy rigid/deformable mesh helper","B;G","Consume neutral runtime metadata/pose/attachment API; retain only justified legacy interop","SDK/adapter symbol","bool GrannyMeshIsDeform(granny_mesh* pgrnMesh)"
"src/EterGrnLib/Util.cpp","8","GrannyMeshIsDeform","GrannyMeshIsRigid","Legacy rigid/deformable mesh helper","B","Consume neutral runtime metadata/pose/attachment API; retain only justified legacy interop","SDK/adapter symbol","if (GrannyMeshIsRigid(pgrnMesh))"
"src/EterGrnLib/Util.h","3","file scope","granny_mesh;GrannyMeshGetTextureAnimation","Legacy rigid/deformable mesh helper","B;C;E","Consume neutral runtime metadata/pose/attachment API; retain only justified legacy interop","comment","// bool GrannyMeshGetTextureAnimation(granny_mesh* pgrnMesh, float* puVelocity, float* pvVelocity);"
"src/EterGrnLib/Util.h","4","file scope","granny_mesh;GrannyMeshIsTextureAnimation","Legacy rigid/deformable mesh helper","B;C;E","Consume neutral runtime metadata/pose/attachment API; retain only justified legacy interop","comment","// bool GrannyMeshIsTextureAnimation(granny_mesh* pgrnMesh);"
"src/EterGrnLib/Util.h","5","GrannyMeshIsDeform","granny_mesh;GrannyMeshIsDeform","Legacy rigid/deformable mesh helper","B;G","Consume neutral runtime metadata/pose/attachment API; retain only justified legacy interop","SDK/adapter symbol","bool GrannyMeshIsDeform(granny_mesh* pgrnMesh);"
"src/EterPythonLib/PythonGraphic.h","8","file scope","EterGrnLib","Legacy model resource/instance API consumption or dependency declaration","H","Consume neutral runtime metadata/pose/attachment API; retain only justified legacy interop","include","#include ""EterGrnLib/ThingInstance.h"""
"src/GameLib/ActorInstance.h","15","file scope","EterGrnLib","Legacy model resource/instance API consumption or dependency declaration","H","Consume neutral runtime metadata/pose/attachment API; retain only justified legacy interop","comment","//#include ""EterGrnLib/ThingInstance.h"""
"src/GameLib/ActorInstanceCollisionDetection.cpp","54","CActorInstance::UpdatePointInstance","CGrannyLODController","Actor collision attachment matrices and model instance access","B;E;H","Consume neutral runtime metadata/pose/attachment API; retain only justified legacy interop","legacy wrapper","CGrannyLODController* pGrnLODController=m_LODControllerVector[pPointInstance->dwModelIndex];"
"src/GameLib/ActorInstanceCollisionDetection.cpp","61","CActorInstance::UpdatePointInstance","CGrannyModelInstance","Actor collision attachment matrices and model instance access","E;H","Consume neutral runtime metadata/pose/attachment API; retain only justified legacy interop","legacy wrapper","CGrannyModelInstance * pModelInstance = pGrnLODController->GetModelInstance();"
"src/GameLib/ActorInstanceCollisionDetection.cpp","130","CActorInstance::UpdateAdvancingPointInstance","CGrannyLODController","Actor collision attachment matrices and model instance access","B;E;H","Consume neutral runtime metadata/pose/attachment API; retain only justified legacy interop","legacy wrapper","CGrannyLODController* pGrnLODController=m_LODControllerVector[rInstance.dwModelIndex];"
"src/GameLib/ActorInstanceCollisionDetection.cpp","137","CActorInstance::UpdateAdvancingPointInstance","CGrannyModelInstance","Actor collision attachment matrices and model instance access","E;H","Consume neutral runtime metadata/pose/attachment API; retain only justified legacy interop","legacy wrapper","CGrannyModelInstance * pModelInstance = pGrnLODController->GetModelInstance();"
"src/GameLib/ActorInstanceCollisionDetection.cpp","238","CActorInstance::CreateCollisionInstancePiece","CGrannyModelInstance","Actor collision attachment matrices and model instance access","B;E;H","Consume neutral runtime metadata/pose/attachment API; retain only justified legacy interop","legacy wrapper","CGrannyModelInstance * pModelInstance = m_LODControllerVector[dwAttachingModelIndex]->GetModelInstance();"
"src/GameLib/ActorInstanceData.cpp","8","file scope","EterGrnLib","Legacy util header dependency in actor data construction","H","Consume neutral runtime metadata/pose/attachment API; retain only justified legacy interop","include","#include ""EterGrnLib/util.h"""
"src/GameLib/ActorInstanceInterface.h","3","file scope","EterGrnLib","Legacy model resource/instance API consumption or dependency declaration","H","Consume neutral runtime metadata/pose/attachment API; retain only justified legacy interop","include","#include ""EterGrnLib/ThingInstance.h"""
"src/GameLib/ActorInstanceMotion.cpp","585","CActorInstance::GetMotionDuration","CGrannyMotion","Actor clip duration lookup","E","Consume neutral runtime metadata/pose/attachment API; retain only justified legacy interop","legacy wrapper","CGrannyMotion * pGrannyMotion = pMotion->GetMotionPointer(0);"
"src/GameLib/ActorRenderBridge.cpp","54","ActorStateDiagnostic::Report","CGrannyModelInstance","Existing render dispatch and cached actor buffers/materials","H","Consume neutral runtime metadata/pose/attachment API; retain only justified legacy interop","legacy wrapper","void Report(CActorInstance& actor, CGrannyModelInstance& instance, const std::string& status)"
"src/GameLib/Area.h","4","file scope","EterGrnLib","Legacy model resource/instance API consumption or dependency declaration","I","Consume neutral runtime metadata/pose/attachment API; retain only justified legacy interop","include","#include ""EterGrnLib/ThingInstance.h"""
"src/GameLib/Area.h","38","CArea","Granny","Legacy model resource/instance API consumption or dependency declaration","I","Consume neutral runtime metadata/pose/attachment API; retain only justified legacy interop","comment","// For Granny Thing"
"src/GameLib/DungeonBlock.cpp","9","CDungeonModelInstance","CGrannyModelInstance","Static dungeon model rendering through legacy instance subclasses","I","Consume neutral runtime metadata/pose/attachment API; retain only justified legacy interop","legacy wrapper","class CDungeonModelInstance : public CGrannyModelInstance"
"src/GameLib/DungeonBlock.cpp","64","CDungeonModelInstance::RenderDungeonBlock","CGrannyMaterial;CGrannyMesh","Static dungeon model rendering through legacy instance subclasses","B;C;I","Consume neutral runtime metadata/pose/attachment API; retain only justified legacy interop","legacy wrapper","RenderMeshNodeListWithTwoTexture(CGrannyMesh::TYPE_RIGID, CGrannyMaterial::TYPE_BLEND_PNT);"
"src/GameLib/DungeonBlock.cpp","83","CDungeonModelInstance::RenderDungeonBlockShadow","CGrannyMaterial;CGrannyMesh","Static dungeon model rendering through legacy instance subclasses","B;C;I","Consume neutral runtime metadata/pose/attachment API; retain only justified legacy interop","legacy wrapper","RenderMeshNodeListWithoutTexture(CGrannyMesh::TYPE_RIGID, CGrannyMaterial::TYPE_BLEND_PNT);"
"src/GameLib/DungeonBlock.cpp","100","FUpdate::operator","CGrannyModelInstance","Static dungeon model rendering through legacy instance subclasses","I","Consume neutral runtime metadata/pose/attachment API; retain only justified legacy interop","legacy wrapper","void operator() (CGrannyModelInstance * pInstance)"
"src/GameLib/DungeonBlock.cpp","102","FUpdate::operator","CGrannyModelInstance","Static dungeon model rendering through legacy instance subclasses","I","Consume neutral runtime metadata/pose/attachment API; retain only justified legacy interop","legacy wrapper","pInstance->Update(CGrannyModelInstance::ANIFPS_MIN);"
"src/GameLib/DungeonBlock.cpp","157","FBoundBox::operator","CGrannyModelInstance","Static dungeon model rendering through legacy instance subclasses","I","Consume neutral runtime metadata/pose/attachment API; retain only justified legacy interop","legacy wrapper","void operator() (CGrannyModelInstance * pInstance)"
"src/GameLib/DungeonBlock.h","5","file scope","EterGrnLib","Static dungeon model rendering through legacy instance subclasses","I","Consume neutral runtime metadata/pose/attachment API; retain only justified legacy interop","include","#include ""EterGrnLib/ModelInstance.h"""
"src/GameLib/DungeonBlock.h","6","file scope","EterGrnLib","Static dungeon model rendering through legacy instance subclasses","A;I","Consume neutral runtime metadata/pose/attachment API; retain only justified legacy interop","include","#include ""EterGrnLib/Thing.h"""
"src/GameLib/ItemData.h","7","file scope","EterGrnLib","Legacy model resource/instance API consumption or dependency declaration","A","Consume neutral runtime metadata/pose/attachment API; retain only justified legacy interop","include","#include ""EterGrnLib/Thing.h"""
"src/GameLib/RaceData.h","3","file scope","EterGrnLib","Legacy model resource/instance API consumption or dependency declaration","A","Consume neutral runtime metadata/pose/attachment API; retain only justified legacy interop","include","#include ""EterGrnLib/Thing.h"""
"src/GameLib/StaticObjectBridge.cpp","4","file scope","EterGrnLib","Static world buffers/materials, camera blockers and cached mesh/model handles","I","Consume neutral runtime metadata/pose/attachment API; retain only justified legacy interop","include","#include ""EterGrnLib/ThingInstance.h"""
"src/GameLib/StaticObjectBridge.cpp","23","ObjectResources","CGrannyModel","Static world buffers/materials, camera blockers and cached mesh/model handles","I","Consume neutral runtime metadata/pose/attachment API; retain only justified legacy interop","legacy wrapper","std::unordered_map<CGrannyModel*,ModelResources> models;"
"src/GameLib/StaticObjectBridge.cpp","294","StateReader::SubmitStaticMapObject","Granny","Static world buffers/materials, camera blockers and cached mesh/model handles","I","Consume neutral runtime metadata/pose/attachment API; retain only justified legacy interop","comment","// Validate only referenced groups: unused Granny palette entries are not draws."
"src/GameLib/StaticObjectBridge.cpp","301","StateReader::SubmitStaticMapObject","CGrannyMaterial;CGrannyMesh","Static world buffers/materials, camera blockers and cached mesh/model handles","B;C;I","Consume neutral runtime metadata/pose/attachment API; retain only justified legacy interop","legacy wrapper","for(auto* node=model->GetMeshNodeList(CGrannyMesh::TYPE_RIGID,CGrannyMaterial::TYPE_DIFFUSE_PNT);node;node=node->pNextMeshNode)"
"src/GameLib/StaticObjectBridge.cpp","302","StateReader::SubmitStaticMapObject","CGrannyMaterial","Static world buffers/materials, camera blockers and cached mesh/model handles","C;I","Consume neutral runtime metadata/pose/attachment API; retain only justified legacy interop","legacy wrapper","for(auto* group=node->pMesh->GetTriGroupNodeList(CGrannyMaterial::TYPE_DIFFUSE_PNT);group;group=group->pNextTriGroupNode) {"
"src/GameLib/StaticObjectBridge.cpp","305","StateReader::SubmitStaticMapObject","CGrannyMaterial","Static world buffers/materials, camera blockers and cached mesh/model handles","C;I","Consume neutral runtime metadata/pose/attachment API; retain only justified legacy interop","legacy wrapper","if(material.GetType()!=CGrannyMaterial::TYPE_DIFFUSE_PNT || material.IsSpecularEnabled() ||"
"src/GameLib/StaticObjectBridge.cpp","339","StateReader::SubmitStaticMapObject","CGrannyMaterial;CGrannyMesh","Static world buffers/materials, camera blockers and cached mesh/model handles","B;C;I","Consume neutral runtime metadata/pose/attachment API; retain only justified legacy interop","legacy wrapper","for(auto* node=model->GetMeshNodeList(CGrannyMesh::TYPE_RIGID,CGrannyMaterial::TYPE_DIFFUSE_PNT);node;node=node->pNextMeshNode) {"
"src/GameLib/StaticObjectBridge.cpp","349","Math::MatrixTranspose","CGrannyMaterial","Static world buffers/materials, camera blockers and cached mesh/model handles","C;I","Consume neutral runtime metadata/pose/attachment API; retain only justified legacy interop","legacy wrapper","for(auto* group=node->pMesh->GetTriGroupNodeList(CGrannyMaterial::TYPE_DIFFUSE_PNT);group;group=group->pNextTriGroupNode) {"
"src/GameLib/StaticObjectBridge.cpp","379","SpecialThingContext::SubmitSpecialThing","CGrannyModelInstance","Static world buffers/materials, camera blockers and cached mesh/model handles","I","Consume neutral runtime metadata/pose/attachment API; retain only justified legacy interop","legacy wrapper","auto& c=*static_cast<SpecialThingContext*>(context); CGrannyModelInstance* instance=nullptr;"
"src/GameLib/WeaponTrace.h","4","file scope","EterGrnLib","Legacy model resource/instance API consumption or dependency declaration","H","Consume neutral runtime metadata/pose/attachment API; retain only justified legacy interop","include","#include ""EterGrnLib/ThingInstance.h"""
"src/PRTerrainLib/StdAfx.h","19","file scope","EterGrnLib","Precompiled/header transitive dependency root","I","Remove consumer SDK propagation; isolate SDK include in adapter implementation","include","#include ""EterGrnLib/StdAfx.h"""
"src/Renderer/ActorRenderData.h","2","file scope","Granny","Legacy model resource/instance API consumption or dependency declaration","D;E","Consume neutral runtime metadata/pose/attachment API; retain only justified legacy interop","comment","// ZiiNAN: Completed CPU-skinned PNT data only; Granny owns all animation and bones."
"src/ScriptLib/Resource.cpp","8","file scope","EterGrnLib","Legacy model resource/instance API consumption or dependency declaration","A","Consume neutral runtime metadata/pose/attachment API; retain only justified legacy interop","include","#include ""EterGrnLib/Thing.h"""
"src/ScriptLib/Resource.cpp","9","file scope","EterGrnLib","Legacy model resource/instance API consumption or dependency declaration","H","Consume neutral runtime metadata/pose/attachment API; retain only justified legacy interop","include","#include ""EterGrnLib/ThingInstance.h"""
"src/ScriptLib/Resource.cpp","71","CGrannyModelInstance::DestroySystem","CGrannyModelInstance","Legacy model resource/instance API consumption or dependency declaration","H","Consume neutral runtime metadata/pose/attachment API; retain only justified legacy interop","legacy wrapper","CGrannyModelInstance::DestroySystem();"
"src/ScriptLib/StdAfx.h","4","file scope","EterGrnLib","Precompiled/header transitive dependency root","H","Remove consumer SDK propagation; isolate SDK include in adapter implementation","include","#include ""EterGrnLib/StdAfx.h"""
"src/UserInterface/CMakeLists.txt","29","file scope","EterGrnLib","Build linkage, source-target ownership or platform boundary configuration","J","Keep/update documented tooling or build boundary","build/tool/documentation","EterGrnLib"
"src/UserInterface/CMakeLists.txt","48","file scope","Granny","Build linkage, source-target ownership or platform boundary configuration","J","Keep/update documented tooling or build boundary","build/tool/documentation","Granny"
"src/UserInterface/InstanceBase.cpp","358","CInstanceBase::__LessRenderOrder_GetLODLevel","CGrannyLODController","Legacy model resource/instance API consumption or dependency declaration","E","Consume neutral runtime metadata/pose/attachment API; retain only justified legacy interop","legacy wrapper","CGrannyLODController* pLODCtrl=m_GraphicThingInstance.GetLODControllerPointer(0);"
"src/UserInterface/PythonApplication.cpp","6","file scope","EterGrnLib","Application deform-buffer, LOD, sphere-map and model pool lifecycle","H","Consume neutral runtime metadata/pose/attachment API; retain only justified legacy interop","include","#include ""EterGrnLib/Material.h"""
"src/UserInterface/PythonApplication.cpp","26","file scope","GrannyCreateSharedDeformBuffer","Application deform-buffer, LOD, sphere-map and model pool lifecycle","G","Consume neutral runtime metadata/pose/attachment API; retain only justified legacy interop","SDK/adapter symbol","extern void GrannyCreateSharedDeformBuffer();"
"src/UserInterface/PythonApplication.cpp","27","file scope","GrannyDestroySharedDeformBuffer","Application deform-buffer, LOD, sphere-map and model pool lifecycle","G","Consume neutral runtime metadata/pose/attachment API; retain only justified legacy interop","SDK/adapter symbol","extern void GrannyDestroySharedDeformBuffer();"
"src/UserInterface/PythonApplication.cpp","455","CTimer::Instance","CGrannyMaterial","Application deform-buffer, LOD, sphere-map and model pool lifecycle","C","Consume neutral runtime metadata/pose/attachment API; retain only justified legacy interop","comment","//		CGrannyMaterial::TranslateSpecularMatrix(fabs(sin(pos)*0.005), fabs(cos(pos)*0.005), 0.0f);"
"src/UserInterface/PythonApplication.cpp","458","CGrannyMaterial::TranslateSpecularMatrix","CGrannyMaterial","Application deform-buffer, LOD, sphere-map and model pool lifecycle","C","Consume neutral runtime metadata/pose/attachment API; retain only justified legacy interop","legacy wrapper","CGrannyMaterial::TranslateSpecularMatrix(g_specularSpd, g_specularSpd, 0.0f);"
"src/UserInterface/PythonApplication.cpp","859","CMSApplication::SetPosition","GrannyCreateSharedDeformBuffer","Application deform-buffer, LOD, sphere-map and model pool lifecycle","G","Consume neutral runtime metadata/pose/attachment API; retain only justified legacy interop","SDK/adapter symbol","GrannyCreateSharedDeformBuffer();"
"src/UserInterface/PythonApplication.cpp","905","CGrannyLODController::SetMinLODMode","CGrannyLODController","Application deform-buffer, LOD, sphere-map and model pool lifecycle","E","Consume neutral runtime metadata/pose/attachment API; retain only justified legacy interop","legacy wrapper","CGrannyLODController::SetMinLODMode(true);"
"src/UserInterface/PythonApplication.cpp","925","CGrannyMaterial::CreateSphereMap","CGrannyMaterial","Application deform-buffer, LOD, sphere-map and model pool lifecycle","C;H","Consume neutral runtime metadata/pose/attachment API; retain only justified legacy interop","legacy wrapper","CGrannyMaterial::CreateSphereMap(0, ""d:/ymir work/special/spheremap.jpg"");"
"src/UserInterface/PythonApplication.cpp","926","CGrannyMaterial::CreateSphereMap","CGrannyMaterial","Application deform-buffer, LOD, sphere-map and model pool lifecycle","C;H","Consume neutral runtime metadata/pose/attachment API; retain only justified legacy interop","legacy wrapper","CGrannyMaterial::CreateSphereMap(1, ""d:/ymir work/special/spheremap01.jpg"");"
"src/UserInterface/PythonApplication.cpp","1036","CGrannyMaterial::DestroySphereMap","CGrannyMaterial","Application deform-buffer, LOD, sphere-map and model pool lifecycle","C;H","Consume neutral runtime metadata/pose/attachment API; retain only justified legacy interop","legacy wrapper","CGrannyMaterial::DestroySphereMap();"
"src/UserInterface/PythonApplication.cpp","1071","CGameThreadPool::Instance","GrannyDestroySharedDeformBuffer","Application deform-buffer, LOD, sphere-map and model pool lifecycle","G","Consume neutral runtime metadata/pose/attachment API; retain only justified legacy interop","SDK/adapter symbol","GrannyDestroySharedDeformBuffer();"
"src/UserInterface/PythonApplication.cpp","1085","CGrannyModelInstance::DestroySystem","CGrannyModelInstance","Application deform-buffer, LOD, sphere-map and model pool lifecycle","H","Consume neutral runtime metadata/pose/attachment API; retain only justified legacy interop","legacy wrapper","CGrannyModelInstance::DestroySystem();"
"src/UserInterface/PythonItem.h","7","file scope","EterGrnLib","Legacy model resource/instance API consumption or dependency declaration","H","Consume neutral runtime metadata/pose/attachment API; retain only justified legacy interop","include","#include ""EterGrnLib/ThingInstance.h"""
"src/UserInterface/UserInterface.cpp","366","GrannyError","granny_int32x;granny_log_message_origin;granny_log_message_type;GrannyError","Granny runtime logging callback registration at startup","A","Route SDK callback registration through Granny adapter","SDK/adapter symbol","static void GrannyError(granny_log_message_type Type, granny_log_message_origin Origin, char const* File, granny_int32x Line, char const* Message, void* UserData)"
"src/UserInterface/UserInterface.cpp","376","Setup","granny_log_callback","Granny runtime logging callback registration at startup","A","Route SDK callback registration through Granny adapter","SDK/adapter symbol","granny_log_callback Callback;"
"src/UserInterface/UserInterface.cpp","379","Setup","GrannySetLogCallback","Granny runtime logging callback registration at startup","A","Route SDK callback registration through Granny adapter","SDK/adapter symbol","GrannySetLogCallback(&Callback);"
"tests/Renderer/animated_actor_smoke.py","1","file scope","Granny","Test/audit-only reference or parity/coverage instrumentation","J","Keep/update documented tooling or build boundary","SDK/adapter symbol","""""""ZiiNAN: Real original Granny body/motions through existing Python game APIs only."""""""
"tests/Renderer/audit_d3d9.ps1","11","file scope","EterGrnLib","Test/audit-only reference or parity/coverage instrumentation","J","Keep/update documented tooling or build boundary","build/tool/documentation","@('src/EterGrnLib/','actors/map Things/items -> ThingInstance -> ModelInstanceRender; Model/Material own native CPU conversion/resources','M4/M5/M8/M11 shared actor/static material bridges'),"
"tests/Renderer/audit_d3d9.ps1","21","file scope","Granny","Test/audit-only reference or parity/coverage instrumentation","J","Keep/update documented tooling or build boundary","build/tool/documentation","@('src/GameLib/(Actor|WeaponTrace|FlyTrace)','InstanceBase -> ActorInstance -> Granny render; weapon/flying traces -> EffectRenderBridge','M5/M7/M11 shared actors and effects'),"
"tests/Renderer/audit_d3d9.ps1","85","file scope","Granny_RenderBoxBones","Test/audit-only reference or parity/coverage instrumentation","J","Keep/update documented tooling or build boundary","build/tool/documentation","elseif($relative -match 'CollisionData' -or $class -match 'CD3DXMeshRenderingOption' -or $function -match '(Collision|WireFrame|Wireframe|RenderD3DXMesh|RenderCube|RenderSphere|RenderCylinder|Granny_RenderBoxBones|RenderAmbience|CD3DXMeshRenderingOption)') {"
"tests/Renderer/AuditResources.ps1","10","file scope","Granny","Test/audit-only reference or parity/coverage instrumentation","J","Keep/update documented tooling or build boundary","build/tool/documentation","@('Grp(Vertex|Index)Buffer', 'A', 'CGraphicVertexBuffer/CGraphicIndexBuffer', 'CreateDeviceObjects/Lock', 'wrapper owns buffer', 'Granny terrain water UI minimap', 'owned CPU buffers with same producer lock contract'),"
"tests/Renderer/AuditResources.ps1","15","file scope","CGrannyMaterial;CGrannyModel;CGrannyModelInstance;EterGrnLib;Granny","Test/audit-only reference or parity/coverage instrumentation","J","Keep/update documented tooling or build boundary","build/tool/documentation","@('EterGrnLib/(Material|Model|ModelInstance)', 'A', 'CGrannyMaterial/CGrannyModel/CGrannyModelInstance', 'material images and model/deform buffers', 'image refs/model/local or shared deform wrapper', 'Actor and static-object submissions; native mesh loops', 'neutral material bindings and CPU geometry existence tests; no Granny algorithm change'),"
"tests/Renderer/AuditResources.ps1","24","file scope","Granny","Test/audit-only reference or parity/coverage instrumentation","J","Keep/update documented tooling or build boundary","build/tool/documentation","@('DungeonBlock', 'A', 'CDungeonBlock', 'model wrapper creation', 'Granny model', 'dungeon static submission and Legacy bindings', 'CPU wrapper source; native binds remain inert in Diligent'),"
"tests/Renderer/CMakeLists.txt","81","file scope","EterGrnLib","Build linkage, source-target ownership or platform boundary configuration","J","Keep/update documented tooling or build boundary","build/tool/documentation","${CMAKE_SOURCE_DIR}/src/EterGrnLib/SkinningDataAdapter.cpp"
"tests/Renderer/CMakeLists.txt","82","file scope","EterGrnLib","Build linkage, source-target ownership or platform boundary configuration","J","Keep/update documented tooling or build boundary","build/tool/documentation","${CMAKE_SOURCE_DIR}/src/EterGrnLib/Deform.cpp)"
"tests/Renderer/CMakeLists.txt","83","file scope","Granny","Build linkage, source-target ownership or platform boundary configuration","J","Keep/update documented tooling or build boundary","build/tool/documentation","target_link_libraries(RendererSkinningDataTest PRIVATE M2RendererInterface Granny winmm)"
"tests/Renderer/SkinningBenchmarkTest.cpp","9","BenchmarkActor","CGrannyModelInstance","Test/audit-only reference or parity/coverage instrumentation","J","Keep/update documented tooling or build boundary","legacy wrapper","CGrannyModelInstance instance;"
"tests/Renderer/SkinningBenchmarkTest.cpp","69","Math::MatrixIdentity","CGrannyMaterial","Test/audit-only reference or parity/coverage instrumentation","J","Keep/update documented tooling or build boundary","legacy wrapper","for(auto type:{CGrannyMaterial::TYPE_DIFFUSE_PNT,CGrannyMaterial::TYPE_BLEND_PNT})"
"tests/Renderer/SkinningCoverageTest.cpp","2","file scope","EterGrnLib","Test/audit-only reference or parity/coverage instrumentation","J","Keep/update documented tooling or build boundary","include","#include ""EterGrnLib/StdAfx.h"""
"tests/Renderer/SkinningCoverageTest.cpp","3","file scope","EterGrnLib","Test/audit-only reference or parity/coverage instrumentation","J","Keep/update documented tooling or build boundary","include","#include ""EterGrnLib/ModelInstance.h"""
"tests/Renderer/SkinningCoverageTest.cpp","25","Asset","CGrannyModel;granny_file","Test/audit-only reference or parity/coverage instrumentation","J","Keep/update documented tooling or build boundary","SDK/adapter symbol","granny_file* file{}; CGrannyModel* model{}; std::string path;"
"tests/Renderer/SkinningCoverageTest.cpp","27","Asset","GrannyReadEntireFile","Test/audit-only reference or parity/coverage instrumentation","J","Keep/update documented tooling or build boundary","SDK/adapter symbol","file=GrannyReadEntireFile(path.c_str());Check(file!=nullptr,""Required real GR2 asset"");"
"tests/Renderer/SkinningCoverageTest.cpp","28","Asset","GrannyGetFileInfo","Test/audit-only reference or parity/coverage instrumentation","J","Keep/update documented tooling or build boundary","SDK/adapter symbol","auto* info=GrannyGetFileInfo(file);Check(info && info->ModelCount,""Required real model"");"
"tests/Renderer/SkinningCoverageTest.cpp","29","Asset","CGrannyModel","Test/audit-only reference or parity/coverage instrumentation","J","Keep/update documented tooling or build boundary","legacy wrapper","model=new CGrannyModel;Check(model->CreateFromGrannyModelPointer(info->Models[0]),""Native model creation"");"
"tests/Renderer/SkinningCoverageTest.cpp","32","Asset","GrannyFreeFile","Test/audit-only reference or parity/coverage instrumentation","J","Keep/update documented tooling or build boundary","SDK/adapter symbol","~Asset() { if(model) model->Release();if(file) GrannyFreeFile(file); }"
"tests/Renderer/SkinningCoverageTest.cpp","37","Clip","CGrannyMotion;granny_file","Test/audit-only reference or parity/coverage instrumentation","J","Keep/update documented tooling or build boundary","SDK/adapter symbol","granny_file* file{};CGrannyMotion motion;"
"tests/Renderer/SkinningCoverageTest.cpp","39","Clip","GrannyReadEntireFile","Test/audit-only reference or parity/coverage instrumentation","J","Keep/update documented tooling or build boundary","SDK/adapter symbol","file=GrannyReadEntireFile(path.c_str());Check(file!=nullptr,""Required real animation"");"
"tests/Renderer/SkinningCoverageTest.cpp","40","Clip","GrannyGetFileInfo","Test/audit-only reference or parity/coverage instrumentation","J","Keep/update documented tooling or build boundary","SDK/adapter symbol","auto* info=GrannyGetFileInfo(file);Check(info && info->AnimationCount,""Animation data"");"
"tests/Renderer/SkinningCoverageTest.cpp","43","Clip","GrannyFreeFile","Test/audit-only reference or parity/coverage instrumentation","J","Keep/update documented tooling or build boundary","SDK/adapter symbol","~Clip() { motion.Destroy();if(file) GrannyFreeFile(file); }"
"tests/Renderer/SkinningCoverageTest.cpp","47","Pair","CGrannyModelInstance","Test/audit-only reference or parity/coverage instrumentation","J","Keep/update documented tooling or build boundary","legacy wrapper","CGrannyModelInstance cpu,gpu;"
"tests/Renderer/SkinningCoverageTest.cpp","48","Pair","CGrannyModelInstance","Test/audit-only reference or parity/coverage instrumentation","J","Keep/update documented tooling or build boundary","legacy wrapper","CGrannyModelInstance* cpuOwner=&cpu;CGrannyModelInstance* gpuOwner=&gpu;"
"tests/Renderer/SkinningCoverageTest.cpp","77","Pair::Numeric","Granny","Test/audit-only reference or parity/coverage instrumentation","J","Keep/update documented tooling or build boundary","comment","// ZiiNAN: Independently sampled Granny poses may differ by tiny rounding; vertex/raster limits stay unchanged."
"tests/Renderer/SkinningCoverageTest.cpp","127","Math::MatrixOrthoRH","CGrannyModelInstance","Test/audit-only reference or parity/coverage instrumentation","J","Keep/update documented tooling or build boundary","legacy wrapper","static uint32_t Draw(CGrannyModelInstance& actor,DiligentActorRenderer& renderer,const TerrainTexturePtr& texture,"
"tests/Renderer/SkinningCoverageTest.cpp","144","Math::MatrixTranspose","CGrannyMaterial","Test/audit-only reference or parity/coverage instrumentation","J","Keep/update documented tooling or build boundary","legacy wrapper","for(auto type:{CGrannyMaterial::TYPE_DIFFUSE_PNT,CGrannyMaterial::TYPE_BLEND_PNT})"
"tests/Renderer/SkinningCoverageTest.cpp","152","Pair::Image","CGrannyModelInstance","Test/audit-only reference or parity/coverage instrumentation","J","Keep/update documented tooling or build boundary","legacy wrapper","static std::vector<uint8_t> Image(CGrannyModelInstance& actor,DiligentD3D11Backend& backend,DiligentActorRenderer& renderer,"
"tests/Renderer/SkinningCoverageTest.cpp","214","FallbackInstance","CGrannyModelInstance","Test/audit-only reference or parity/coverage instrumentation","J","Keep/update documented tooling or build boundary","legacy wrapper","struct FallbackInstance : CGrannyModelInstance"
"tests/Renderer/SkinningDataTest.cpp","1","file scope","EterGrnLib","Test/audit-only reference or parity/coverage instrumentation","J","Keep/update documented tooling or build boundary","include","#include ""EterGrnLib/SkinningDataAdapter.h"""
"tests/Renderer/SkinningDataTest.cpp","2","file scope","EterGrnLib","Test/audit-only reference or parity/coverage instrumentation","J","Keep/update documented tooling or build boundary","include","#include ""EterGrnLib/Deform.h"""
"tests/Renderer/SkinningDataTest.cpp","13","Asset","granny_file","Test/audit-only reference or parity/coverage instrumentation","J","Keep/update documented tooling or build boundary","SDK/adapter symbol","granny_file* file{};"
"tests/Renderer/SkinningDataTest.cpp","14","Asset","granny_model","Test/audit-only reference or parity/coverage instrumentation","J","Keep/update documented tooling or build boundary","SDK/adapter symbol","granny_model* model{};"
"tests/Renderer/SkinningDataTest.cpp","18","Asset","GrannyReadEntireFile","Test/audit-only reference or parity/coverage instrumentation","J","Keep/update documented tooling or build boundary","SDK/adapter symbol","file=GrannyReadEntireFile(path.c_str());"
"tests/Renderer/SkinningDataTest.cpp","20","Asset","GrannyGetFileInfo","Test/audit-only reference or parity/coverage instrumentation","J","Keep/update documented tooling or build boundary","SDK/adapter symbol","auto* info=GrannyGetFileInfo(file);"
"tests/Renderer/SkinningDataTest.cpp","24","Asset","GrannyFreeFile","Test/audit-only reference or parity/coverage instrumentation","J","Keep/update documented tooling or build boundary","SDK/adapter symbol","~Asset() { data.reset(); if(file) GrannyFreeFile(file); }"
"tests/Renderer/SkinningDataTest.cpp","29","Pose","granny_model_instance","Test/audit-only reference or parity/coverage instrumentation","J","Keep/update documented tooling or build boundary","SDK/adapter symbol","granny_model_instance* instance;"
"tests/Renderer/SkinningDataTest.cpp","30","Pose","granny_local_pose","Test/audit-only reference or parity/coverage instrumentation","J","Keep/update documented tooling or build boundary","SDK/adapter symbol","granny_local_pose* local;"
"tests/Renderer/SkinningDataTest.cpp","31","Pose","granny_world_pose","Test/audit-only reference or parity/coverage instrumentation","J","Keep/update documented tooling or build boundary","SDK/adapter symbol","granny_world_pose* world;"
"tests/Renderer/SkinningDataTest.cpp","32","Pose","granny_file","Test/audit-only reference or parity/coverage instrumentation","J","Keep/update documented tooling or build boundary","SDK/adapter symbol","granny_file* animation{};"
"tests/Renderer/SkinningDataTest.cpp","33","Pose","granny_control","Test/audit-only reference or parity/coverage instrumentation","J","Keep/update documented tooling or build boundary","SDK/adapter symbol","granny_control* control{};"
"tests/Renderer/SkinningDataTest.cpp","34","Pose","granny_model","Test/audit-only reference or parity/coverage instrumentation","J","Keep/update documented tooling or build boundary","SDK/adapter symbol","explicit Pose(granny_model* model,const std::string& clip):"
"tests/Renderer/SkinningDataTest.cpp","35","Pose","GrannyInstantiateModel;GrannyNewLocalPose","Test/audit-only reference or parity/coverage instrumentation","J","Keep/update documented tooling or build boundary","SDK/adapter symbol","instance(GrannyInstantiateModel(model)),local(GrannyNewLocalPose(model->Skeleton->BoneCount)),"
"tests/Renderer/SkinningDataTest.cpp","36","Pose","GrannyNewWorldPose","Test/audit-only reference or parity/coverage instrumentation","J","Keep/update documented tooling or build boundary","SDK/adapter symbol","world(GrannyNewWorldPose(model->Skeleton->BoneCount))"
"tests/Renderer/SkinningDataTest.cpp","38","Pose","Granny","Test/audit-only reference or parity/coverage instrumentation","J","Keep/update documented tooling or build boundary","SDK/adapter symbol","Check(instance && local && world,""Granny pose allocation"");"
"tests/Renderer/SkinningDataTest.cpp","40","Pose","GrannyReadEntireFile","Test/audit-only reference or parity/coverage instrumentation","J","Keep/update documented tooling or build boundary","SDK/adapter symbol","animation=GrannyReadEntireFile(clip.c_str());"
"tests/Renderer/SkinningDataTest.cpp","42","Pose","GrannyGetFileInfo","Test/audit-only reference or parity/coverage instrumentation","J","Keep/update documented tooling or build boundary","SDK/adapter symbol","auto* info=GrannyGetFileInfo(animation); Check(info && info->AnimationCount,""Animation missing"");"
"tests/Renderer/SkinningDataTest.cpp","43","Pose","GrannyPlayControlledAnimation","Test/audit-only reference or parity/coverage instrumentation","J","Keep/update documented tooling or build boundary","SDK/adapter symbol","control=GrannyPlayControlledAnimation(0,info->Animations[0],instance); Check(control!=nullptr,""Animation control"");"
"tests/Renderer/SkinningDataTest.cpp","48","Pose","GrannyFreeControl","Test/audit-only reference or parity/coverage instrumentation","J","Keep/update documented tooling or build boundary","SDK/adapter symbol","if(control) GrannyFreeControl(control);"
"tests/Renderer/SkinningDataTest.cpp","49","Pose","GrannyFreeLocalPose;GrannyFreeModelInstance;GrannyFreeWorldPose","Test/audit-only reference or parity/coverage instrumentation","J","Keep/update documented tooling or build boundary","SDK/adapter symbol","GrannyFreeModelInstance(instance); GrannyFreeLocalPose(local); GrannyFreeWorldPose(world);"
"tests/Renderer/SkinningDataTest.cpp","50","Pose","GrannyFreeFile","Test/audit-only reference or parity/coverage instrumentation","J","Keep/update documented tooling or build boundary","SDK/adapter symbol","if(animation) GrannyFreeFile(animation);"
"tests/Renderer/SkinningDataTest.cpp","63","std::isfinite","granny_pnt332_vertex","Test/audit-only reference or parity/coverage instrumentation","J","Keep/update documented tooling or build boundary","SDK/adapter symbol","static granny_pnt332_vertex Reference(const SkinningVertex& v,const BoneRemap& remap,const BonePalette& palette)"
"tests/Renderer/SkinningDataTest.cpp","65","std::isfinite","granny_pnt332_vertex","Test/audit-only reference or parity/coverage instrumentation","J","Keep/update documented tooling or build boundary","SDK/adapter symbol","granny_pnt332_vertex out{};"
"tests/Renderer/SkinningDataTest.cpp","88","Pose::CheckOriginal","GrannyGetMeshVertexCount","Test/audit-only reference or parity/coverage instrumentation","J","Keep/update documented tooling or build boundary","SDK/adapter symbol","Check(data.meshIndex==m && data.vertices.size()==GrannyGetMeshVertexCount(mesh),""Mesh slot/count"");"
"tests/Renderer/SkinningDataTest.cpp","90","Pose::CheckOriginal","GrannyGetMeshVertices","Test/audit-only reference or parity/coverage instrumentation","J","Keep/update documented tooling or build boundary","SDK/adapter symbol","Check(!std::memcmp(data.vertices.data(),GrannyGetMeshVertices(mesh),data.vertices.size()*sizeof(SkinningVertex)),""Original position/normal/UV/indices/weights byte parity"");"
"tests/Renderer/SkinningDataTest.cpp","91","Pose::indices","GrannyCopyMeshIndices;GrannyGetMeshIndexCount","Test/audit-only reference or parity/coverage instrumentation","J","Keep/update documented tooling or build boundary","SDK/adapter symbol","std::vector<uint16_t> indices(GrannyGetMeshIndexCount(mesh)); GrannyCopyMeshIndices(mesh,2,indices.data());"
"tests/Renderer/SkinningDataTest.cpp","93","Pose::indices","GrannyGetMeshTriangleGroups","Test/audit-only reference or parity/coverage instrumentation","J","Keep/update documented tooling or build boundary","SDK/adapter symbol","auto* groups=GrannyGetMeshTriangleGroups(mesh);"
"tests/Renderer/SkinningDataTest.cpp","94","Pose::indices","GrannyGetMeshTriangleGroupCount","Test/audit-only reference or parity/coverage instrumentation","J","Keep/update documented tooling or build boundary","SDK/adapter symbol","Check(data.groups.size()==GrannyGetMeshTriangleGroupCount(mesh),""Original material group count"");"
"tests/Renderer/SkinningDataTest.cpp","97","Pose::indices","GrannyNewMeshBinding","Test/audit-only reference or parity/coverage instrumentation","J","Keep/update documented tooling or build boundary","SDK/adapter symbol","auto* binding=GrannyNewMeshBinding(mesh,asset.model->Skeleton,asset.model->Skeleton);"
"tests/Renderer/SkinningDataTest.cpp","100","Pose::indices","GrannyGetMeshBindingToBoneIndices","Test/audit-only reference or parity/coverage instrumentation","J","Keep/update documented tooling or build boundary","SDK/adapter symbol","const auto* native=GrannyGetMeshBindingToBoneIndices(binding);"
"tests/Renderer/SkinningDataTest.cpp","108","Pose::indices","GrannyFreeMeshBinding","Test/audit-only reference or parity/coverage instrumentation","J","Keep/update documented tooling or build boundary","SDK/adapter symbol","GrannyFreeMeshBinding(binding);"
"tests/Renderer/SkinningDataTest.cpp","126","Pose::bindings","granny_mesh_binding","Test/audit-only reference or parity/coverage instrumentation","J","Keep/update documented tooling or build boundary","SDK/adapter symbol","std::vector<granny_mesh_binding*> bindings(source.data->meshes.size());"
"tests/Renderer/SkinningDataTest.cpp","129","Pose::bindings","GrannyNewMeshBinding","Test/audit-only reference or parity/coverage instrumentation","J","Keep/update documented tooling or build boundary","SDK/adapter symbol","bindings[m]=GrannyNewMeshBinding(source.model->MeshBindings[m].Mesh,source.model->Skeleton,destination.model->Skeleton);"
"tests/Renderer/SkinningDataTest.cpp","138","Pose::bindings","GrannySetModelClock","Test/audit-only reference or parity/coverage instrumentation","J","Keep/update documented tooling or build boundary","SDK/adapter symbol","GrannySetModelClock(pose.instance,time);"
"tests/Renderer/SkinningDataTest.cpp","139","Pose::bindings","GrannySampleModelAnimationsAccelerated","Test/audit-only reference or parity/coverage instrumentation","J","Keep/update documented tooling or build boundary","SDK/adapter symbol","GrannySampleModelAnimationsAccelerated(pose.instance,destination.model->Skeleton->BoneCount,mode?parent.data():nullptr,pose.local,pose.world);"
"tests/Renderer/SkinningDataTest.cpp","141","Pose::bindings","GrannyGetWorldPoseComposite4x4Array","Test/audit-only reference or parity/coverage instrumentation","J","Keep/update documented tooling or build boundary","SDK/adapter symbol","const auto* matrices=GrannyGetWorldPoseComposite4x4Array(pose.world);"
"tests/Renderer/SkinningDataTest.cpp","146","Pose::bindings","GrannyGetMeshBindingToBoneIndices","Test/audit-only reference or parity/coverage instrumentation","J","Keep/update documented tooling or build boundary","SDK/adapter symbol","const auto* native=GrannyGetMeshBindingToBoneIndices(bindings[m]);"
"tests/Renderer/SkinningDataTest.cpp","148","Pose::sse","granny_pnt332_vertex","Test/audit-only reference or parity/coverage instrumentation","J","Keep/update documented tooling or build boundary","SDK/adapter symbol","std::vector<granny_pnt332_vertex> sse(count), sdk(count);"
"tests/Renderer/SkinningDataTest.cpp","149","Pose::sse","GrannyGetMeshVertices","Test/audit-only reference or parity/coverage instrumentation","J","Keep/update documented tooling or build boundary","SDK/adapter symbol","DeformPWNT3432toGrannyPNGBT33332(count,GrannyGetMeshVertices(mesh),sse.data(),native,matrices,40,32);"
"tests/Renderer/SkinningDataTest.cpp","150","Pose::sse","GrannyAllowUncopiedTail;GrannyDeformPositionNormal;GrannyGetMeshVertexType;GrannyNewMeshDeformer;GrannyPNT332VertexType","Test/audit-only reference or parity/coverage instrumentation","J","Keep/update documented tooling or build boundary","SDK/adapter symbol","auto* deformer=GrannyNewMeshDeformer(GrannyGetMeshVertexType(mesh),GrannyPNT332VertexType,GrannyDeformPositionNormal,GrannyAllowUncopiedTail);"
"tests/Renderer/SkinningDataTest.cpp","152","Pose::sse","GrannyDeformVertices;GrannyGetMeshVertices","Test/audit-only reference or parity/coverage instrumentation","J","Keep/update documented tooling or build boundary","SDK/adapter symbol","GrannyDeformVertices(deformer,native,(float*)matrices,count,GrannyGetMeshVertices(mesh),sdk.data());"
"tests/Renderer/SkinningDataTest.cpp","153","Pose::sse","GrannyFreeMeshDeformer","Test/audit-only reference or parity/coverage instrumentation","J","Keep/update documented tooling or build boundary","SDK/adapter symbol","GrannyFreeMeshDeformer(deformer);"
"tests/Renderer/SkinningDataTest.cpp","173","Pose::sse","GrannyFreeMeshBinding","Test/audit-only reference or parity/coverage instrumentation","J","Keep/update documented tooling or build boundary","SDK/adapter symbol","for(auto* binding:bindings) if(binding) GrannyFreeMeshBinding(binding);"
"tests/Renderer/SkinningDataTest.cpp","228","Pose::AdapterDiagnostics","GrannyGetMeshVertices","Test/audit-only reference or parity/coverage instrumentation","J","Keep/update documented tooling or build boundary","SDK/adapter symbol","Check(!std::memcmp(original.data->meshes[0]->vertices.data(),GrannyGetMeshVertices(original.model->MeshBindings[0].Mesh),"
"tests/Renderer/SkinningDataTest.cpp","259","Pose::main","GrannyNewMeshBinding","Test/audit-only reference or parity/coverage instrumentation","J","Keep/update documented tooling or build boundary","SDK/adapter symbol","auto* binding=GrannyNewMeshBinding(hairA.model->MeshBindings[0].Mesh,hairA.model->Skeleton,destination->model->Skeleton);"
"tests/Renderer/SkinningDataTest.cpp","268","Pose::main","GrannyFreeMeshBinding","Test/audit-only reference or parity/coverage instrumentation","J","Keep/update documented tooling or build boundary","SDK/adapter symbol","GrannyFreeMeshBinding(binding);++phase;"
"tests/Renderer/SkinningInstanceTest.cpp","1","file scope","EterGrnLib","Test/audit-only reference or parity/coverage instrumentation","J","Keep/update documented tooling or build boundary","include","#include ""EterGrnLib/StdAfx.h"""
"tests/Renderer/SkinningInstanceTest.cpp","2","file scope","EterGrnLib","Test/audit-only reference or parity/coverage instrumentation","J","Keep/update documented tooling or build boundary","include","#include ""EterGrnLib/ModelInstance.h"""
"tests/Renderer/SkinningInstanceTest.cpp","14","NativeAsset","granny_file","Test/audit-only reference or parity/coverage instrumentation","J","Keep/update documented tooling or build boundary","SDK/adapter symbol","granny_file* file{};"
"tests/Renderer/SkinningInstanceTest.cpp","15","NativeAsset","CGrannyModel","Test/audit-only reference or parity/coverage instrumentation","J","Keep/update documented tooling or build boundary","legacy wrapper","CGrannyModel* model{};"
"tests/Renderer/SkinningInstanceTest.cpp","18","NativeAsset","GrannyReadEntireFile","Test/audit-only reference or parity/coverage instrumentation","J","Keep/update documented tooling or build boundary","SDK/adapter symbol","file=GrannyReadEntireFile(path.c_str());Check(file!=nullptr,""Real GR2 file"");"
"tests/Renderer/SkinningInstanceTest.cpp","19","NativeAsset","GrannyGetFileInfo","Test/audit-only reference or parity/coverage instrumentation","J","Keep/update documented tooling or build boundary","SDK/adapter symbol","auto* info=GrannyGetFileInfo(file);Check(info && info->ModelCount,""Real GR2 model"");"
"tests/Renderer/SkinningInstanceTest.cpp","20","NativeAsset","CGrannyModel","Test/audit-only reference or parity/coverage instrumentation","J","Keep/update documented tooling or build boundary","legacy wrapper","model=new CGrannyModel;"
"tests/Renderer/SkinningInstanceTest.cpp","23","NativeAsset","GrannyFreeFile","Test/audit-only reference or parity/coverage instrumentation","J","Keep/update documented tooling or build boundary","SDK/adapter symbol","~NativeAsset() { if(model) model->Release(); if(file) GrannyFreeFile(file); }"
"tests/Renderer/SkinningInstanceTest.cpp","25","TestInstance","CGrannyModelInstance","Test/audit-only reference or parity/coverage instrumentation","J","Keep/update documented tooling or build boundary","legacy wrapper","struct TestInstance : CGrannyModelInstance"
"tests/Renderer/SkinningInstanceTest.cpp","68","TestInstance::main","CGrannyModelInstance","Test/audit-only reference or parity/coverage instrumentation","J","Keep/update documented tooling or build boundary","legacy wrapper","CGrannyModelInstance* current=&actor;"
"tests/Renderer/SkinningPrototypeTest.cpp","1","file scope","EterGrnLib","Test/audit-only reference or parity/coverage instrumentation","J","Keep/update documented tooling or build boundary","include","#include ""EterGrnLib/StdAfx.h"""
"tests/Renderer/SkinningPrototypeTest.cpp","2","file scope","EterGrnLib","Test/audit-only reference or parity/coverage instrumentation","J","Keep/update documented tooling or build boundary","include","#include ""EterGrnLib/ModelInstance.h"""
"tests/Renderer/SkinningPrototypeTest.cpp","44","Asset","CGrannyModel;granny_file","Test/audit-only reference or parity/coverage instrumentation","J","Keep/update documented tooling or build boundary","SDK/adapter symbol","granny_file* file{}; CGrannyModel* model{};"
"tests/Renderer/SkinningPrototypeTest.cpp","46","Asset","GrannyReadEntireFile","Test/audit-only reference or parity/coverage instrumentation","J","Keep/update documented tooling or build boundary","SDK/adapter symbol","file=GrannyReadEntireFile(path.c_str()); Check(file!=nullptr,""Real GR2 fixture required"");"
"tests/Renderer/SkinningPrototypeTest.cpp","47","Asset","GrannyGetFileInfo","Test/audit-only reference or parity/coverage instrumentation","J","Keep/update documented tooling or build boundary","SDK/adapter symbol","auto* info=GrannyGetFileInfo(file); Check(info && info->ModelCount,""Model fixture"");"
"tests/Renderer/SkinningPrototypeTest.cpp","48","Asset","CGrannyModel","Test/audit-only reference or parity/coverage instrumentation","J","Keep/update documented tooling or build boundary","legacy wrapper","model=new CGrannyModel; Check(model->CreateFromGrannyModelPointer(info->Models[0]),""Native model"");"
"tests/Renderer/SkinningPrototypeTest.cpp","51","Asset","GrannyFreeFile","Test/audit-only reference or parity/coverage instrumentation","J","Keep/update documented tooling or build boundary","SDK/adapter symbol","~Asset() { if(model) model->Release(); if(file) GrannyFreeFile(file); }"
"tests/Renderer/SkinningPrototypeTest.cpp","55","Clip","CGrannyMotion;granny_file","Test/audit-only reference or parity/coverage instrumentation","J","Keep/update documented tooling or build boundary","SDK/adapter symbol","granny_file* file{}; CGrannyMotion motion;"
"tests/Renderer/SkinningPrototypeTest.cpp","57","Clip","GrannyReadEntireFile","Test/audit-only reference or parity/coverage instrumentation","J","Keep/update documented tooling or build boundary","SDK/adapter symbol","file=GrannyReadEntireFile(path.c_str()); Check(file!=nullptr,""Real animation required"");"
"tests/Renderer/SkinningPrototypeTest.cpp","58","Clip","GrannyGetFileInfo","Test/audit-only reference or parity/coverage instrumentation","J","Keep/update documented tooling or build boundary","SDK/adapter symbol","auto* info=GrannyGetFileInfo(file); Check(info && info->AnimationCount,""Animation fixture"");"
"tests/Renderer/SkinningPrototypeTest.cpp","61","Clip","GrannyFreeFile","Test/audit-only reference or parity/coverage instrumentation","J","Keep/update documented tooling or build boundary","SDK/adapter symbol","~Clip() { motion.Destroy(); if(file) GrannyFreeFile(file); }"
"tests/Renderer/SkinningPrototypeTest.cpp","70","Clip::Textures","GrannyDiffuseColorTexture;GrannyGetMaterialTextureByType","Test/audit-only reference or parity/coverage instrumentation","J","Keep/update documented tooling or build boundary","SDK/adapter symbol","auto* texture=GrannyGetMaterialTextureByType(mesh->MaterialBindings[i].Material,GrannyDiffuseColorTexture);"
"tests/Renderer/SkinningPrototypeTest.cpp","101","Clip::RenderPose","CGrannyModelInstance","Test/audit-only reference or parity/coverage instrumentation","J","Keep/update documented tooling or build boundary","legacy wrapper","Asset& asset,CGrannyModelInstance& actor,const std::vector<TerrainTexturePtr>& textures,"
"tests/Renderer/SkinningPrototypeTest.cpp","159","Diligent::GetEngineFactoryD3D11","CGrannyModelInstance","Test/audit-only reference or parity/coverage instrumentation","J","Keep/update documented tooling or build boundary","legacy wrapper","CGrannyModelInstance cpu,gpu;"
"tests/Renderer/SkinningPrototypeTest.cpp","193","Diligent::GetEngineFactoryD3D11","CGrannyModelInstance","Test/audit-only reference or parity/coverage instrumentation","J","Keep/update documented tooling or build boundary","legacy wrapper","CGrannyModelInstance other;other.SetMainModelPointer(asset.model,nullptr);other.SetMotionPointer(&clip.motion);"
"tests/Renderer/SkinningPrototypeTest.cpp","217","Diligent::GetEngineFactoryD3D11","CGrannyModelInstance","Test/audit-only reference or parity/coverage instrumentation","J","Keep/update documented tooling or build boundary","legacy wrapper","CGrannyModelInstance actor;actor.SetMainModelPointer(asset.model,nullptr);"
"tests/Renderer/SkinningPrototypeTest.cpp","233","Diligent::GetEngineFactoryD3D11","CGrannyModelInstance","Test/audit-only reference or parity/coverage instrumentation","J","Keep/update documented tooling or build boundary","legacy wrapper","Asset hairAsset(base+""hair/hair_1_1.gr2"");CGrannyModelInstance hair;"
"tests/Renderer/SkinningPrototypeTest.cpp","234","Diligent::GetEngineFactoryD3D11","CGrannyModelInstance","Test/audit-only reference or parity/coverage instrumentation","J","Keep/update documented tooling or build boundary","legacy wrapper","CGrannyModelInstance* owner=&actor;hair.SetLinkedModelPointer(hairAsset.model,nullptr,&owner);"
